[NX Daemon Server] - 2025-01-13T19:50:28.604Z - Started listening on: /var/folders/nk/v_7mvsk16kx_l4f8sj9w5z0m0000gq/T/499a2e8040c8af505583/d.sock
[NX Daemon Server] - 2025-01-13T19:50:28.606Z - [WATCHER]: Subscribed to changes within: /Users/maartenknijnenberg/www/projects/sport-tournament-manager (native)
[NX Daemon Server] - 2025-01-13T19:50:28.607Z - Established a connection. Number of open connections: 1
[NX Daemon Server] - 2025-01-13T19:50:28.607Z - Established a connection. Number of open connections: 2
[NX Daemon Server] - 2025-01-13T19:50:28.608Z - Closed a connection. Number of open connections: 1
[NX Daemon Server] - 2025-01-13T19:50:28.609Z - [REQUEST]: Responding to the client. Shutdown initiated
[NX Daemon Server] - 2025-01-13T19:50:28.609Z - Done responding to the client Shutdown initiated
[NX Daemon Server] - 2025-01-13T19:50:28.609Z - Handled FORCE_SHUTDOWN. Handling time: 0. Response time: 0.
[NX Daemon Server] - 2025-01-13T19:50:28.610Z - [WATCHER]: Stopping the watcher for /Users/maartenknijnenberg/www/projects/sport-tournament-manager (sources)
[NX Daemon Server] - 2025-01-13T19:50:28.611Z - Closed a connection. Number of open connections: 0
[NX Daemon Server] - 2025-01-13T19:50:28.611Z - [WATCHER]: Stopping the watcher for /Users/maartenknijnenberg/www/projects/sport-tournament-manager (outputs)
[NX Daemon Server] - 2025-01-13T20:26:45.617Z - Started listening on: /var/folders/nk/v_7mvsk16kx_l4f8sj9w5z0m0000gq/T/499a2e8040c8af505583/d.sock
[NX Daemon Server] - 2025-01-13T20:26:45.619Z - [WATCHER]: Subscribed to changes within: /Users/maartenknijnenberg/www/projects/sport-tournament-manager (native)
[NX Daemon Server] - 2025-01-13T20:26:45.621Z - Established a connection. Number of open connections: 1
[NX Daemon Server] - 2025-01-13T20:26:45.622Z - Closed a connection. Number of open connections: 0
[NX Daemon Server] - 2025-01-13T20:26:45.631Z - Established a connection. Number of open connections: 1
[NX Daemon Server] - 2025-01-13T20:26:45.631Z - Closed a connection. Number of open connections: 0
[NX Daemon Server] - 2025-01-13T20:26:45.631Z - Established a connection. Number of open connections: 1
[NX Daemon Server] - 2025-01-13T20:26:45.632Z - [REQUEST]: Client Request for Project Graph Received
[NX Daemon Server] - 2025-01-13T20:26:45.679Z - [WATCHER]: Processing file changes in outputs
[NX Daemon Server] - 2025-01-13T20:26:46.338Z - Time taken for 'Load Nx Plugin: /Users/maartenknijnenberg/www/projects/sport-tournament-manager/node_modules/.pnpm/nx@20.3.1_@swc+core@1.10.7/node_modules/nx/src/plugins/js' 706.0025410000235ms
[NX Daemon Server] - 2025-01-13T20:26:46.936Z - Time taken for 'Load Nx Plugin: /Users/maartenknijnenberg/www/projects/sport-tournament-manager/node_modules/.pnpm/nx@20.3.1_@swc+core@1.10.7/node_modules/nx/src/plugins/package-json' 1303.4620420001447ms
[NX Daemon Server] - 2025-01-13T20:26:47.571Z - [REQUEST]: Updated workspace context based on watched changes, recomputing project graph...
[NX Daemon Server] - 2025-01-13T20:26:47.571Z - [REQUEST]: 
[NX Daemon Server] - 2025-01-13T20:26:47.571Z - [REQUEST]: 
[NX Daemon Server] - 2025-01-13T20:26:47.575Z - Time taken for 'loadNxPlugins' 1937.7375420001335ms
[NX Daemon Server] - 2025-01-13T20:26:48.481Z - Time taken for 'build-project-configs' 898.6235420000739ms
[NX Daemon Server] - 2025-01-13T20:26:48.518Z - [SYNC]: collect registered sync generators
[NX Daemon Server] - 2025-01-13T20:26:48.518Z - [REQUEST]: Responding to the client. project-graph
[NX Daemon Server] - 2025-01-13T20:26:48.519Z - Time taken for 'total for creating and serializing project graph' 2886.4840839998797ms
[NX Daemon Server] - 2025-01-13T20:26:48.520Z - Done responding to the client project-graph
[NX Daemon Server] - 2025-01-13T20:26:48.520Z - Handled REQUEST_PROJECT_GRAPH. Handling time: 2886. Response time: 2.
[NX Daemon Server] - 2025-01-13T20:26:48.522Z - [REQUEST]: Responding to the client. handleContextFileData
[NX Daemon Server] - 2025-01-13T20:26:48.523Z - Done responding to the client handleContextFileData
[NX Daemon Server] - 2025-01-13T20:26:48.523Z - Handled GET_CONTEXT_FILE_DATA. Handling time: 0. Response time: 1.
[NX Daemon Server] - 2025-01-13T20:26:48.524Z - Closed a connection. Number of open connections: 0
[NX Daemon Server] - 2025-01-13T20:26:48.540Z - Established a connection. Number of open connections: 1
[NX Daemon Server] - 2025-01-13T20:26:48.540Z - Established a connection. Number of open connections: 2
[NX Daemon Server] - 2025-01-13T20:26:48.541Z - Closed a connection. Number of open connections: 1
[NX Daemon Server] - 2025-01-13T20:26:48.541Z - [REQUEST]: Client Request for Project Graph Received
[NX Daemon Server] - 2025-01-13T20:26:48.541Z - [REQUEST]: Responding to the client. project-graph
[NX Daemon Server] - 2025-01-13T20:26:48.541Z - Time taken for 'total for creating and serializing project graph' 0.0955419996753335ms
[NX Daemon Server] - 2025-01-13T20:26:48.541Z - Done responding to the client project-graph
[NX Daemon Server] - 2025-01-13T20:26:48.542Z - Handled REQUEST_PROJECT_GRAPH. Handling time: 0. Response time: 1.
[NX Daemon Server] - 2025-01-13T20:26:48.543Z - [REQUEST]: Client Request for Project Graph Received
[NX Daemon Server] - 2025-01-13T20:26:48.543Z - [REQUEST]: Responding to the client. project-graph
[NX Daemon Server] - 2025-01-13T20:26:48.543Z - Time taken for 'total for creating and serializing project graph' 0.12975000031292439ms
[NX Daemon Server] - 2025-01-13T20:26:48.543Z - Done responding to the client project-graph
[NX Daemon Server] - 2025-01-13T20:26:48.543Z - Handled REQUEST_PROJECT_GRAPH. Handling time: 0. Response time: 0.
[NX Daemon Server] - 2025-01-13T20:26:48.544Z - Established a connection. Number of open connections: 2
[NX Daemon Server] - 2025-01-13T20:27:08.401Z - [WATCHER]: Processing file changes in outputs
[NX Daemon Server] - 2025-01-13T20:27:08.402Z - [WATCHER]: libs/utils/vitest.config.ts was created or restored
[NX Daemon Server] - 2025-01-13T20:27:08.503Z - [REQUEST]: Updated workspace context based on watched changes, recomputing project graph...
[NX Daemon Server] - 2025-01-13T20:27:08.503Z - [REQUEST]: libs/utils/vitest.config.ts
[NX Daemon Server] - 2025-01-13T20:27:08.503Z - [REQUEST]: 
[NX Daemon Server] - 2025-01-13T20:27:08.505Z - Time taken for 'hash changed files from watcher' 0.10812499979510903ms
[NX Daemon Server] - 2025-01-13T20:27:08.510Z - Time taken for 'build-project-configs' 5.428416999988258ms
[NX Daemon Server] - 2025-01-13T20:27:08.519Z - [SYNC]: collect registered sync generators
[NX Daemon Server] - 2025-01-13T20:27:08.519Z - [SYNC]: project graph hash is the same, not collecting task sync generators
[NX Daemon Server] - 2025-01-13T20:27:08.519Z - [SYNC]: nx.json hash is the same, not collecting global sync generators
[NX Daemon Server] - 2025-01-13T20:27:08.520Z - [REQUEST]: Responding to the client. File watch changed
[NX Daemon Server] - 2025-01-13T20:27:08.520Z - Done responding to the client File watch changed
[NX Daemon Server] - 2025-01-13T20:27:08.520Z - Handled FILE-WATCH-CHANGED. Handling time: 0. Response time: 0.
[NX Daemon Server] - 2025-01-13T20:27:08.520Z - Time taken for 'total execution time for createProjectGraph()' 7.749915999826044ms
[NX Daemon Server] - 2025-01-13T20:27:09.526Z - Established a connection. Number of open connections: 3
[NX Daemon Server] - 2025-01-13T20:27:09.527Z - [REQUEST]: Client Request for Project Graph Received
[NX Daemon Server] - 2025-01-13T20:27:09.528Z - [REQUEST]: Responding to the client. project-graph
[NX Daemon Server] - 2025-01-13T20:27:09.528Z - Time taken for 'total for creating and serializing project graph' 0.26670900033786893ms
[NX Daemon Server] - 2025-01-13T20:27:09.528Z - Closed a connection. Number of open connections: 2
[NX Daemon Server] - 2025-01-13T20:27:09.530Z - Done responding to the client project-graph
[NX Daemon Server] - 2025-01-13T20:27:09.530Z - Handled REQUEST_PROJECT_GRAPH. Handling time: 1. Response time: 2.
[NX Daemon Server] - 2025-01-13T20:27:09.533Z - [REQUEST]: Responding to the client. handleContextFileData
[NX Daemon Server] - 2025-01-13T20:27:09.533Z - Done responding to the client handleContextFileData
[NX Daemon Server] - 2025-01-13T20:27:09.534Z - Handled GET_CONTEXT_FILE_DATA. Handling time: 0. Response time: 0.
[NX Daemon Server] - 2025-01-13T20:27:09.534Z - Closed a connection. Number of open connections: 1
[NX Daemon Server] - 2025-01-13T20:27:09.540Z - Closed a connection. Number of open connections: 0
[NX Daemon Server] - 2025-01-13T20:27:09.540Z - Established a connection. Number of open connections: 1
[NX Daemon Server] - 2025-01-13T20:27:09.540Z - Established a connection. Number of open connections: 2
[NX Daemon Server] - 2025-01-13T20:27:09.541Z - Closed a connection. Number of open connections: 1
[NX Daemon Server] - 2025-01-13T20:27:09.541Z - [REQUEST]: Client Request for Project Graph Received
[NX Daemon Server] - 2025-01-13T20:27:09.541Z - [REQUEST]: Responding to the client. project-graph
[NX Daemon Server] - 2025-01-13T20:27:09.541Z - Time taken for 'total for creating and serializing project graph' 0.14841699972748756ms
[NX Daemon Server] - 2025-01-13T20:27:09.542Z - Done responding to the client project-graph
[NX Daemon Server] - 2025-01-13T20:27:09.542Z - Handled REQUEST_PROJECT_GRAPH. Handling time: 0. Response time: 1.
[NX Daemon Server] - 2025-01-13T20:27:09.544Z - [REQUEST]: Client Request for Project Graph Received
[NX Daemon Server] - 2025-01-13T20:27:09.544Z - [REQUEST]: Responding to the client. project-graph
[NX Daemon Server] - 2025-01-13T20:27:09.545Z - Time taken for 'total for creating and serializing project graph' 0.11437499988824129ms
[NX Daemon Server] - 2025-01-13T20:27:09.545Z - Done responding to the client project-graph
[NX Daemon Server] - 2025-01-13T20:27:09.545Z - Handled REQUEST_PROJECT_GRAPH. Handling time: 0. Response time: 1.
[NX Daemon Server] - 2025-01-13T20:27:09.547Z - Established a connection. Number of open connections: 2
[NX Daemon Server] - 2025-01-13T20:27:10.890Z - [WATCHER]: libs/utils/vitest.config.ts was modified
[NX Daemon Server] - 2025-01-13T20:27:10.891Z - [REQUEST]: Responding to the client. File watch changed
[NX Daemon Server] - 2025-01-13T20:27:10.891Z - Done responding to the client File watch changed
[NX Daemon Server] - 2025-01-13T20:27:10.891Z - Handled FILE-WATCH-CHANGED. Handling time: 0. Response time: 0.
[NX Daemon Server] - 2025-01-13T20:27:10.891Z - [WATCHER]: Processing file changes in outputs
[NX Daemon Server] - 2025-01-13T20:27:10.891Z - Time taken for 'changed-projects' 0.3616670002229512ms
[NX Daemon Server] - 2025-01-13T20:27:10.990Z - [REQUEST]: Updated workspace context based on watched changes, recomputing project graph...
[NX Daemon Server] - 2025-01-13T20:27:10.990Z - [REQUEST]: libs/utils/vitest.config.ts
[NX Daemon Server] - 2025-01-13T20:27:10.990Z - [REQUEST]: 
[NX Daemon Server] - 2025-01-13T20:27:10.992Z - Time taken for 'hash changed files from watcher' 0.16358299972489476ms
[NX Daemon Server] - 2025-01-13T20:27:11.000Z - Time taken for 'build-project-configs' 7.07666700007394ms
[NX Daemon Server] - 2025-01-13T20:27:11.010Z - [SYNC]: collect registered sync generators
[NX Daemon Server] - 2025-01-13T20:27:11.010Z - [SYNC]: project graph hash is the same, not collecting task sync generators
[NX Daemon Server] - 2025-01-13T20:27:11.010Z - [SYNC]: nx.json hash is the same, not collecting global sync generators
[NX Daemon Server] - 2025-01-13T20:27:11.011Z - Time taken for 'total execution time for createProjectGraph()' 8.70333300018683ms
[NX Daemon Server] - 2025-01-13T20:27:11.895Z - Established a connection. Number of open connections: 3
[NX Daemon Server] - 2025-01-13T20:27:11.896Z - [REQUEST]: Client Request for Project Graph Received
[NX Daemon Server] - 2025-01-13T20:27:11.896Z - [REQUEST]: Responding to the client. project-graph
[NX Daemon Server] - 2025-01-13T20:27:11.896Z - Time taken for 'total for creating and serializing project graph' 0.22895799996331334ms
[NX Daemon Server] - 2025-01-13T20:27:11.896Z - Closed a connection. Number of open connections: 2
[NX Daemon Server] - 2025-01-13T20:27:11.897Z - Done responding to the client project-graph
[NX Daemon Server] - 2025-01-13T20:27:11.897Z - Handled REQUEST_PROJECT_GRAPH. Handling time: 0. Response time: 1.
[NX Daemon Server] - 2025-01-13T20:27:11.900Z - [REQUEST]: Responding to the client. handleContextFileData
[NX Daemon Server] - 2025-01-13T20:27:11.900Z - Done responding to the client handleContextFileData
[NX Daemon Server] - 2025-01-13T20:27:11.900Z - Handled GET_CONTEXT_FILE_DATA. Handling time: 0. Response time: 0.
[NX Daemon Server] - 2025-01-13T20:27:11.901Z - Closed a connection. Number of open connections: 1
[NX Daemon Server] - 2025-01-13T20:27:11.907Z - Closed a connection. Number of open connections: 0
[NX Daemon Server] - 2025-01-13T20:27:11.907Z - Established a connection. Number of open connections: 1
[NX Daemon Server] - 2025-01-13T20:27:11.907Z - Established a connection. Number of open connections: 2
[NX Daemon Server] - 2025-01-13T20:27:11.907Z - Closed a connection. Number of open connections: 1
[NX Daemon Server] - 2025-01-13T20:27:11.908Z - [REQUEST]: Client Request for Project Graph Received
[NX Daemon Server] - 2025-01-13T20:27:11.908Z - [REQUEST]: Responding to the client. project-graph
[NX Daemon Server] - 2025-01-13T20:27:11.908Z - Time taken for 'total for creating and serializing project graph' 0.11929199984297156ms
[NX Daemon Server] - 2025-01-13T20:27:11.909Z - Done responding to the client project-graph
[NX Daemon Server] - 2025-01-13T20:27:11.909Z - Handled REQUEST_PROJECT_GRAPH. Handling time: 0. Response time: 1.
[NX Daemon Server] - 2025-01-13T20:27:11.911Z - [REQUEST]: Client Request for Project Graph Received
[NX Daemon Server] - 2025-01-13T20:27:11.911Z - [REQUEST]: Responding to the client. project-graph
[NX Daemon Server] - 2025-01-13T20:27:11.911Z - Time taken for 'total for creating and serializing project graph' 0.10345799988135695ms
[NX Daemon Server] - 2025-01-13T20:27:11.912Z - Done responding to the client project-graph
[NX Daemon Server] - 2025-01-13T20:27:11.912Z - Handled REQUEST_PROJECT_GRAPH. Handling time: 0. Response time: 1.
[NX Daemon Server] - 2025-01-13T20:27:11.913Z - Established a connection. Number of open connections: 2
[NX Daemon Server] - 2025-01-13T20:27:16.234Z - [WATCHER]: Processing file changes in outputs
[NX Daemon Server] - 2025-01-13T20:27:16.235Z - [WATCHER]: libs/ui-components/vite.config.js.timestamp-1736800036171-2bee6f8a4d11c.mjs was deleted
[NX Daemon Server] - 2025-01-13T20:27:16.235Z - [REQUEST]: Responding to the client. File watch changed
[NX Daemon Server] - 2025-01-13T20:27:16.235Z - Done responding to the client File watch changed
[NX Daemon Server] - 2025-01-13T20:27:16.235Z - Handled FILE-WATCH-CHANGED. Handling time: 0. Response time: 0.
[NX Daemon Server] - 2025-01-13T20:27:16.235Z - Time taken for 'changed-projects' 0.1793329999782145ms
[NX Daemon Server] - 2025-01-13T20:27:16.286Z - [WATCHER]: libs/ui-components/vite.config.js.timestamp-1736800036171-2bee6f8a4d11c.mjs was deleted
[NX Daemon Server] - 2025-01-13T20:27:16.286Z - [REQUEST]: Responding to the client. File watch changed
[NX Daemon Server] - 2025-01-13T20:27:16.286Z - Done responding to the client File watch changed
[NX Daemon Server] - 2025-01-13T20:27:16.286Z - Handled FILE-WATCH-CHANGED. Handling time: 0. Response time: 0.
[NX Daemon Server] - 2025-01-13T20:27:16.286Z - [WATCHER]: Processing file changes in outputs
[NX Daemon Server] - 2025-01-13T20:27:16.287Z - Time taken for 'changed-projects' 0.052250000182539225ms
[NX Daemon Server] - 2025-01-13T20:27:16.335Z - [REQUEST]: Updated workspace context based on watched changes, recomputing project graph...
[NX Daemon Server] - 2025-01-13T20:27:16.335Z - [REQUEST]: 
[NX Daemon Server] - 2025-01-13T20:27:16.335Z - [REQUEST]: libs/ui-components/vite.config.js.timestamp-1736800036171-2bee6f8a4d11c.mjs
[NX Daemon Server] - 2025-01-13T20:27:16.338Z - Time taken for 'hash changed files from watcher' 0.14566700020805ms
[NX Daemon Server] - 2025-01-13T20:27:16.346Z - Time taken for 'build-project-configs' 8.073958999942988ms
[NX Daemon Server] - 2025-01-13T20:27:16.354Z - [SYNC]: collect registered sync generators
[NX Daemon Server] - 2025-01-13T20:27:16.354Z - [SYNC]: project graph hash is the same, not collecting task sync generators
[NX Daemon Server] - 2025-01-13T20:27:16.355Z - [SYNC]: nx.json hash is the same, not collecting global sync generators
[NX Daemon Server] - 2025-01-13T20:27:16.355Z - Time taken for 'total execution time for createProjectGraph()' 7.233624999877065ms
[NX Daemon Server] - 2025-01-13T20:27:17.290Z - Established a connection. Number of open connections: 3
[NX Daemon Server] - 2025-01-13T20:27:17.290Z - [REQUEST]: Client Request for Project Graph Received
[NX Daemon Server] - 2025-01-13T20:27:17.290Z - [REQUEST]: Responding to the client. project-graph
[NX Daemon Server] - 2025-01-13T20:27:17.290Z - Time taken for 'total for creating and serializing project graph' 0.15558400005102158ms
[NX Daemon Server] - 2025-01-13T20:27:17.290Z - Closed a connection. Number of open connections: 2
[NX Daemon Server] - 2025-01-13T20:27:17.291Z - Done responding to the client project-graph
[NX Daemon Server] - 2025-01-13T20:27:17.291Z - Handled REQUEST_PROJECT_GRAPH. Handling time: 0. Response time: 1.
[NX Daemon Server] - 2025-01-13T20:27:17.292Z - [REQUEST]: Responding to the client. handleContextFileData
[NX Daemon Server] - 2025-01-13T20:27:17.293Z - Done responding to the client handleContextFileData
[NX Daemon Server] - 2025-01-13T20:27:17.293Z - Handled GET_CONTEXT_FILE_DATA. Handling time: 0. Response time: 1.
[NX Daemon Server] - 2025-01-13T20:27:17.293Z - Closed a connection. Number of open connections: 1
[NX Daemon Server] - 2025-01-13T20:27:17.296Z - Closed a connection. Number of open connections: 0
[NX Daemon Server] - 2025-01-13T20:27:17.296Z - Established a connection. Number of open connections: 1
[NX Daemon Server] - 2025-01-13T20:27:17.296Z - Established a connection. Number of open connections: 2
[NX Daemon Server] - 2025-01-13T20:27:17.296Z - Closed a connection. Number of open connections: 1
[NX Daemon Server] - 2025-01-13T20:27:17.297Z - [REQUEST]: Client Request for Project Graph Received
[NX Daemon Server] - 2025-01-13T20:27:17.297Z - [REQUEST]: Responding to the client. project-graph
[NX Daemon Server] - 2025-01-13T20:27:17.297Z - Time taken for 'total for creating and serializing project graph' 0.10062500042840838ms
[NX Daemon Server] - 2025-01-13T20:27:17.298Z - Done responding to the client project-graph
[NX Daemon Server] - 2025-01-13T20:27:17.298Z - Handled REQUEST_PROJECT_GRAPH. Handling time: 0. Response time: 1.
[NX Daemon Server] - 2025-01-13T20:27:17.299Z - [REQUEST]: Client Request for Project Graph Received
[NX Daemon Server] - 2025-01-13T20:27:17.299Z - [REQUEST]: Responding to the client. project-graph
[NX Daemon Server] - 2025-01-13T20:27:17.299Z - Time taken for 'total for creating and serializing project graph' 0.105124999769032ms
[NX Daemon Server] - 2025-01-13T20:27:17.299Z - Done responding to the client project-graph
[NX Daemon Server] - 2025-01-13T20:27:17.299Z - Handled REQUEST_PROJECT_GRAPH. Handling time: 0. Response time: 0.
[NX Daemon Server] - 2025-01-13T20:27:17.300Z - Established a connection. Number of open connections: 2
[NX Daemon Server] - 2025-01-13T20:27:40.679Z - [WATCHER]: libs/utils/vitest.config.ts was modified
[NX Daemon Server] - 2025-01-13T20:27:40.681Z - [REQUEST]: Responding to the client. File watch changed
[NX Daemon Server] - 2025-01-13T20:27:40.681Z - Done responding to the client File watch changed
[NX Daemon Server] - 2025-01-13T20:27:40.681Z - Handled FILE-WATCH-CHANGED. Handling time: 0. Response time: 0.
[NX Daemon Server] - 2025-01-13T20:27:40.681Z - [WATCHER]: Processing file changes in outputs
[NX Daemon Server] - 2025-01-13T20:27:40.681Z - Time taken for 'changed-projects' 0.2859999998472631ms
[NX Daemon Server] - 2025-01-13T20:27:40.782Z - [REQUEST]: Updated workspace context based on watched changes, recomputing project graph...
[NX Daemon Server] - 2025-01-13T20:27:40.782Z - [REQUEST]: libs/utils/vitest.config.ts
[NX Daemon Server] - 2025-01-13T20:27:40.782Z - [REQUEST]: 
[NX Daemon Server] - 2025-01-13T20:27:40.785Z - Time taken for 'hash changed files from watcher' 0.22920800000429153ms
[NX Daemon Server] - 2025-01-13T20:27:40.800Z - Time taken for 'build-project-configs' 15.062208999879658ms
[NX Daemon Server] - 2025-01-13T20:27:40.811Z - [SYNC]: collect registered sync generators
[NX Daemon Server] - 2025-01-13T20:27:40.811Z - [SYNC]: project graph hash is the same, not collecting task sync generators
[NX Daemon Server] - 2025-01-13T20:27:40.811Z - [SYNC]: nx.json hash is the same, not collecting global sync generators
[NX Daemon Server] - 2025-01-13T20:27:40.811Z - Time taken for 'total execution time for createProjectGraph()' 9.429959000088274ms
[NX Daemon Server] - 2025-01-13T20:27:41.622Z - [WATCHER]: libs/utils/vitest.config.ts was modified
[NX Daemon Server] - 2025-01-13T20:27:41.622Z - [REQUEST]: Responding to the client. File watch changed
[NX Daemon Server] - 2025-01-13T20:27:41.623Z - Done responding to the client File watch changed
[NX Daemon Server] - 2025-01-13T20:27:41.623Z - Handled FILE-WATCH-CHANGED. Handling time: 0. Response time: 1.
[NX Daemon Server] - 2025-01-13T20:27:41.623Z - [WATCHER]: Processing file changes in outputs
[NX Daemon Server] - 2025-01-13T20:27:41.623Z - Time taken for 'changed-projects' 0.03733299998566508ms
[NX Daemon Server] - 2025-01-13T20:27:41.823Z - [REQUEST]: Updated workspace context based on watched changes, recomputing project graph...
[NX Daemon Server] - 2025-01-13T20:27:41.824Z - [REQUEST]: libs/utils/vitest.config.ts
[NX Daemon Server] - 2025-01-13T20:27:41.824Z - [REQUEST]: 
[NX Daemon Server] - 2025-01-13T20:27:41.825Z - Time taken for 'hash changed files from watcher' 0.2297919997945428ms
[NX Daemon Server] - 2025-01-13T20:27:41.839Z - Time taken for 'build-project-configs' 7.602417000103742ms
[NX Daemon Server] - 2025-01-13T20:27:41.851Z - [SYNC]: collect registered sync generators
[NX Daemon Server] - 2025-01-13T20:27:41.851Z - [SYNC]: project graph hash is the same, not collecting task sync generators
[NX Daemon Server] - 2025-01-13T20:27:41.851Z - [SYNC]: nx.json hash is the same, not collecting global sync generators
[NX Daemon Server] - 2025-01-13T20:27:41.851Z - Time taken for 'total execution time for createProjectGraph()' 14.931875000242144ms
[NX Daemon Server] - 2025-01-13T20:27:42.630Z - Established a connection. Number of open connections: 3
[NX Daemon Server] - 2025-01-13T20:27:42.631Z - [REQUEST]: Client Request for Project Graph Received
[NX Daemon Server] - 2025-01-13T20:27:42.631Z - [REQUEST]: Responding to the client. project-graph
[NX Daemon Server] - 2025-01-13T20:27:42.632Z - Time taken for 'total for creating and serializing project graph' 0.49429199984297156ms
[NX Daemon Server] - 2025-01-13T20:27:42.632Z - Closed a connection. Number of open connections: 2
[NX Daemon Server] - 2025-01-13T20:27:42.634Z - Done responding to the client project-graph
[NX Daemon Server] - 2025-01-13T20:27:42.634Z - Handled REQUEST_PROJECT_GRAPH. Handling time: 0. Response time: 3.
[NX Daemon Server] - 2025-01-13T20:27:42.637Z - [REQUEST]: Responding to the client. handleContextFileData
[NX Daemon Server] - 2025-01-13T20:27:42.637Z - Done responding to the client handleContextFileData
[NX Daemon Server] - 2025-01-13T20:27:42.637Z - Handled GET_CONTEXT_FILE_DATA. Handling time: 0. Response time: 0.
[NX Daemon Server] - 2025-01-13T20:27:42.638Z - Closed a connection. Number of open connections: 1
[NX Daemon Server] - 2025-01-13T20:27:42.642Z - Closed a connection. Number of open connections: 0
[NX Daemon Server] - 2025-01-13T20:27:42.643Z - Established a connection. Number of open connections: 1
[NX Daemon Server] - 2025-01-13T20:27:42.643Z - Established a connection. Number of open connections: 2
[NX Daemon Server] - 2025-01-13T20:27:42.643Z - Closed a connection. Number of open connections: 1
[NX Daemon Server] - 2025-01-13T20:27:42.643Z - [REQUEST]: Client Request for Project Graph Received
[NX Daemon Server] - 2025-01-13T20:27:42.643Z - [REQUEST]: Responding to the client. project-graph
[NX Daemon Server] - 2025-01-13T20:27:42.644Z - Time taken for 'total for creating and serializing project graph' 0.08525000000372529ms
[NX Daemon Server] - 2025-01-13T20:27:42.644Z - Done responding to the client project-graph
[NX Daemon Server] - 2025-01-13T20:27:42.644Z - Handled REQUEST_PROJECT_GRAPH. Handling time: 0. Response time: 1.
[NX Daemon Server] - 2025-01-13T20:27:42.646Z - [REQUEST]: Client Request for Project Graph Received
[NX Daemon Server] - 2025-01-13T20:27:42.646Z - [REQUEST]: Responding to the client. project-graph
[NX Daemon Server] - 2025-01-13T20:27:42.646Z - Time taken for 'total for creating and serializing project graph' 0.07104199985042214ms
[NX Daemon Server] - 2025-01-13T20:27:42.647Z - Done responding to the client project-graph
[NX Daemon Server] - 2025-01-13T20:27:42.647Z - Handled REQUEST_PROJECT_GRAPH. Handling time: 0. Response time: 1.
[NX Daemon Server] - 2025-01-13T20:27:42.648Z - Established a connection. Number of open connections: 2
[NX Daemon Server] - 2025-01-13T20:27:48.255Z - [WATCHER]: libs/ui-components/vite.config.js.timestamp-1736800068191-4a452f71b640e.mjs was deleted
[NX Daemon Server] - 2025-01-13T20:27:48.256Z - [REQUEST]: Responding to the client. File watch changed
[NX Daemon Server] - 2025-01-13T20:27:48.256Z - Done responding to the client File watch changed
[NX Daemon Server] - 2025-01-13T20:27:48.256Z - Handled FILE-WATCH-CHANGED. Handling time: 0. Response time: 0.
[NX Daemon Server] - 2025-01-13T20:27:48.256Z - [WATCHER]: Processing file changes in outputs
[NX Daemon Server] - 2025-01-13T20:27:48.256Z - Time taken for 'changed-projects' 0.06025000009685755ms
[NX Daemon Server] - 2025-01-13T20:27:48.356Z - [REQUEST]: Updated workspace context based on watched changes, recomputing project graph...
[NX Daemon Server] - 2025-01-13T20:27:48.356Z - [REQUEST]: 
[NX Daemon Server] - 2025-01-13T20:27:48.356Z - [REQUEST]: libs/ui-components/vite.config.js.timestamp-1736800068191-4a452f71b640e.mjs
[NX Daemon Server] - 2025-01-13T20:27:48.358Z - Time taken for 'hash changed files from watcher' 0.11975000007078052ms
[NX Daemon Server] - 2025-01-13T20:27:48.364Z - Time taken for 'build-project-configs' 5.149916999973357ms
[NX Daemon Server] - 2025-01-13T20:27:48.375Z - [SYNC]: collect registered sync generators
[NX Daemon Server] - 2025-01-13T20:27:48.375Z - [SYNC]: project graph hash is the same, not collecting task sync generators
[NX Daemon Server] - 2025-01-13T20:27:48.375Z - [SYNC]: nx.json hash is the same, not collecting global sync generators
[NX Daemon Server] - 2025-01-13T20:27:48.375Z - Time taken for 'total execution time for createProjectGraph()' 9.834584000054747ms
[NX Daemon Server] - 2025-01-13T20:27:49.258Z - Established a connection. Number of open connections: 3
[NX Daemon Server] - 2025-01-13T20:27:49.258Z - [REQUEST]: Client Request for Project Graph Received
[NX Daemon Server] - 2025-01-13T20:27:49.258Z - [REQUEST]: Responding to the client. project-graph
[NX Daemon Server] - 2025-01-13T20:27:49.258Z - Time taken for 'total for creating and serializing project graph' 0.16595799988135695ms
[NX Daemon Server] - 2025-01-13T20:27:49.259Z - Closed a connection. Number of open connections: 2
[NX Daemon Server] - 2025-01-13T20:27:49.259Z - Done responding to the client project-graph
[NX Daemon Server] - 2025-01-13T20:27:49.260Z - Handled REQUEST_PROJECT_GRAPH. Handling time: 0. Response time: 2.
[NX Daemon Server] - 2025-01-13T20:27:49.261Z - [REQUEST]: Responding to the client. handleContextFileData
[NX Daemon Server] - 2025-01-13T20:27:49.261Z - Done responding to the client handleContextFileData
[NX Daemon Server] - 2025-01-13T20:27:49.261Z - Handled GET_CONTEXT_FILE_DATA. Handling time: 0. Response time: 0.
[NX Daemon Server] - 2025-01-13T20:27:49.261Z - Closed a connection. Number of open connections: 1
[NX Daemon Server] - 2025-01-13T20:27:49.264Z - Closed a connection. Number of open connections: 0
[NX Daemon Server] - 2025-01-13T20:27:49.264Z - Established a connection. Number of open connections: 1
[NX Daemon Server] - 2025-01-13T20:27:49.264Z - Established a connection. Number of open connections: 2
[NX Daemon Server] - 2025-01-13T20:27:49.264Z - Closed a connection. Number of open connections: 1
[NX Daemon Server] - 2025-01-13T20:27:49.265Z - [REQUEST]: Client Request for Project Graph Received
[NX Daemon Server] - 2025-01-13T20:27:49.265Z - [REQUEST]: Responding to the client. project-graph
[NX Daemon Server] - 2025-01-13T20:27:49.265Z - Time taken for 'total for creating and serializing project graph' 0.07079199980944395ms
[NX Daemon Server] - 2025-01-13T20:27:49.265Z - Done responding to the client project-graph
[NX Daemon Server] - 2025-01-13T20:27:49.265Z - Handled REQUEST_PROJECT_GRAPH. Handling time: 0. Response time: 0.
[NX Daemon Server] - 2025-01-13T20:27:49.266Z - [REQUEST]: Client Request for Project Graph Received
[NX Daemon Server] - 2025-01-13T20:27:49.266Z - [REQUEST]: Responding to the client. project-graph
[NX Daemon Server] - 2025-01-13T20:27:49.266Z - Time taken for 'total for creating and serializing project graph' 0.06958299968391657ms
[NX Daemon Server] - 2025-01-13T20:27:49.267Z - Done responding to the client project-graph
[NX Daemon Server] - 2025-01-13T20:27:49.267Z - Handled REQUEST_PROJECT_GRAPH. Handling time: 0. Response time: 1.
[NX Daemon Server] - 2025-01-13T20:27:49.268Z - Established a connection. Number of open connections: 2
[NX Daemon Server] - 2025-01-13T20:27:52.357Z - [WATCHER]: libs/utils/vitest.config.ts was modified
[NX Daemon Server] - 2025-01-13T20:27:52.358Z - [REQUEST]: Responding to the client. File watch changed
[NX Daemon Server] - 2025-01-13T20:27:52.358Z - Done responding to the client File watch changed
[NX Daemon Server] - 2025-01-13T20:27:52.358Z - Handled FILE-WATCH-CHANGED. Handling time: 0. Response time: 0.
[NX Daemon Server] - 2025-01-13T20:27:52.358Z - [WATCHER]: Processing file changes in outputs
[NX Daemon Server] - 2025-01-13T20:27:52.358Z - Time taken for 'changed-projects' 0.16116600017994642ms
[NX Daemon Server] - 2025-01-13T20:27:52.458Z - [REQUEST]: Updated workspace context based on watched changes, recomputing project graph...
[NX Daemon Server] - 2025-01-13T20:27:52.459Z - [REQUEST]: libs/utils/vitest.config.ts
[NX Daemon Server] - 2025-01-13T20:27:52.459Z - [REQUEST]: 
[NX Daemon Server] - 2025-01-13T20:27:52.461Z - Time taken for 'hash changed files from watcher' 0.18487499980255961ms
[NX Daemon Server] - 2025-01-13T20:27:52.469Z - Time taken for 'build-project-configs' 7.017541999928653ms
[NX Daemon Server] - 2025-01-13T20:27:52.481Z - [SYNC]: collect registered sync generators
[NX Daemon Server] - 2025-01-13T20:27:52.481Z - [SYNC]: project graph hash is the same, not collecting task sync generators
[NX Daemon Server] - 2025-01-13T20:27:52.481Z - [SYNC]: nx.json hash is the same, not collecting global sync generators
[NX Daemon Server] - 2025-01-13T20:27:52.481Z - Time taken for 'total execution time for createProjectGraph()' 10.8681669998914ms
[NX Daemon Server] - 2025-01-13T20:27:53.362Z - Established a connection. Number of open connections: 3
[NX Daemon Server] - 2025-01-13T20:27:53.364Z - [REQUEST]: Client Request for Project Graph Received
[NX Daemon Server] - 2025-01-13T20:27:53.364Z - [REQUEST]: Responding to the client. project-graph
[NX Daemon Server] - 2025-01-13T20:27:53.366Z - Time taken for 'total for creating and serializing project graph' 0.3665409996174276ms
[NX Daemon Server] - 2025-01-13T20:27:53.366Z - Closed a connection. Number of open connections: 2
[NX Daemon Server] - 2025-01-13T20:27:53.368Z - Done responding to the client project-graph
[NX Daemon Server] - 2025-01-13T20:27:53.368Z - Handled REQUEST_PROJECT_GRAPH. Handling time: 0. Response time: 4.
[NX Daemon Server] - 2025-01-13T20:27:53.371Z - [REQUEST]: Responding to the client. handleContextFileData
[NX Daemon Server] - 2025-01-13T20:27:53.371Z - Done responding to the client handleContextFileData
[NX Daemon Server] - 2025-01-13T20:27:53.371Z - Handled GET_CONTEXT_FILE_DATA. Handling time: 0. Response time: 0.
[NX Daemon Server] - 2025-01-13T20:27:53.372Z - Closed a connection. Number of open connections: 1
[NX Daemon Server] - 2025-01-13T20:27:53.377Z - Closed a connection. Number of open connections: 0
[NX Daemon Server] - 2025-01-13T20:27:53.378Z - Established a connection. Number of open connections: 1
[NX Daemon Server] - 2025-01-13T20:27:53.378Z - Established a connection. Number of open connections: 2
[NX Daemon Server] - 2025-01-13T20:27:53.378Z - Closed a connection. Number of open connections: 1
[NX Daemon Server] - 2025-01-13T20:27:53.379Z - [REQUEST]: Client Request for Project Graph Received
[NX Daemon Server] - 2025-01-13T20:27:53.379Z - [REQUEST]: Responding to the client. project-graph
[NX Daemon Server] - 2025-01-13T20:27:53.379Z - Time taken for 'total for creating and serializing project graph' 0.18954200018197298ms
[NX Daemon Server] - 2025-01-13T20:27:53.380Z - Done responding to the client project-graph
[NX Daemon Server] - 2025-01-13T20:27:53.380Z - Handled REQUEST_PROJECT_GRAPH. Handling time: 0. Response time: 1.
[NX Daemon Server] - 2025-01-13T20:27:53.382Z - [REQUEST]: Client Request for Project Graph Received
[NX Daemon Server] - 2025-01-13T20:27:53.382Z - [REQUEST]: Responding to the client. project-graph
[NX Daemon Server] - 2025-01-13T20:27:53.382Z - Time taken for 'total for creating and serializing project graph' 0.14224999956786633ms
[NX Daemon Server] - 2025-01-13T20:27:53.383Z - Done responding to the client project-graph
[NX Daemon Server] - 2025-01-13T20:27:53.383Z - Handled REQUEST_PROJECT_GRAPH. Handling time: 0. Response time: 1.
[NX Daemon Server] - 2025-01-13T20:27:53.384Z - Established a connection. Number of open connections: 2
[NX Daemon Server] - 2025-01-13T20:27:59.930Z - [WATCHER]: libs/ui-components/vite.config.js.timestamp-1736800079875-a10710bbb9e6c.mjs was deleted
[NX Daemon Server] - 2025-01-13T20:27:59.931Z - [REQUEST]: Responding to the client. File watch changed
[NX Daemon Server] - 2025-01-13T20:27:59.931Z - Done responding to the client File watch changed
[NX Daemon Server] - 2025-01-13T20:27:59.931Z - Handled FILE-WATCH-CHANGED. Handling time: 0. Response time: 0.
[NX Daemon Server] - 2025-01-13T20:27:59.931Z - [WATCHER]: Processing file changes in outputs
[NX Daemon Server] - 2025-01-13T20:27:59.931Z - Time taken for 'changed-projects' 0.10529100010171533ms
[NX Daemon Server] - 2025-01-13T20:28:00.032Z - [REQUEST]: Updated workspace context based on watched changes, recomputing project graph...
[NX Daemon Server] - 2025-01-13T20:28:00.032Z - [REQUEST]: 
[NX Daemon Server] - 2025-01-13T20:28:00.032Z - [REQUEST]: libs/ui-components/vite.config.js.timestamp-1736800079875-a10710bbb9e6c.mjs
[NX Daemon Server] - 2025-01-13T20:28:00.033Z - Time taken for 'hash changed files from watcher' 0.1372080002911389ms
[NX Daemon Server] - 2025-01-13T20:28:00.046Z - Time taken for 'build-project-configs' 12.155540999956429ms
[NX Daemon Server] - 2025-01-13T20:28:00.055Z - [SYNC]: collect registered sync generators
[NX Daemon Server] - 2025-01-13T20:28:00.055Z - [SYNC]: project graph hash is the same, not collecting task sync generators
[NX Daemon Server] - 2025-01-13T20:28:00.055Z - [SYNC]: nx.json hash is the same, not collecting global sync generators
[NX Daemon Server] - 2025-01-13T20:28:00.055Z - Time taken for 'total execution time for createProjectGraph()' 7.913666999898851ms
[NX Daemon Server] - 2025-01-13T20:28:00.935Z - Established a connection. Number of open connections: 3
[NX Daemon Server] - 2025-01-13T20:28:00.936Z - [REQUEST]: Client Request for Project Graph Received
[NX Daemon Server] - 2025-01-13T20:28:00.936Z - [REQUEST]: Responding to the client. project-graph
[NX Daemon Server] - 2025-01-13T20:28:00.936Z - Time taken for 'total for creating and serializing project graph' 0.13783399993553758ms
[NX Daemon Server] - 2025-01-13T20:28:00.936Z - Closed a connection. Number of open connections: 2
[NX Daemon Server] - 2025-01-13T20:28:00.938Z - Done responding to the client project-graph
[NX Daemon Server] - 2025-01-13T20:28:00.938Z - Handled REQUEST_PROJECT_GRAPH. Handling time: 0. Response time: 2.
[NX Daemon Server] - 2025-01-13T20:28:00.940Z - [REQUEST]: Responding to the client. handleContextFileData
[NX Daemon Server] - 2025-01-13T20:28:00.940Z - Done responding to the client handleContextFileData
[NX Daemon Server] - 2025-01-13T20:28:00.940Z - Handled GET_CONTEXT_FILE_DATA. Handling time: 0. Response time: 0.
[NX Daemon Server] - 2025-01-13T20:28:00.940Z - Closed a connection. Number of open connections: 1
[NX Daemon Server] - 2025-01-13T20:28:00.945Z - Closed a connection. Number of open connections: 0
[NX Daemon Server] - 2025-01-13T20:28:00.945Z - Established a connection. Number of open connections: 1
[NX Daemon Server] - 2025-01-13T20:28:00.945Z - Established a connection. Number of open connections: 2
[NX Daemon Server] - 2025-01-13T20:28:00.946Z - Closed a connection. Number of open connections: 1
[NX Daemon Server] - 2025-01-13T20:28:00.946Z - [REQUEST]: Client Request for Project Graph Received
[NX Daemon Server] - 2025-01-13T20:28:00.946Z - [REQUEST]: Responding to the client. project-graph
[NX Daemon Server] - 2025-01-13T20:28:00.946Z - Time taken for 'total for creating and serializing project graph' 0.08708300022408366ms
[NX Daemon Server] - 2025-01-13T20:28:00.947Z - Done responding to the client project-graph
[NX Daemon Server] - 2025-01-13T20:28:00.947Z - Handled REQUEST_PROJECT_GRAPH. Handling time: 0. Response time: 1.
[NX Daemon Server] - 2025-01-13T20:28:00.949Z - [REQUEST]: Client Request for Project Graph Received
[NX Daemon Server] - 2025-01-13T20:28:00.950Z - [REQUEST]: Responding to the client. project-graph
[NX Daemon Server] - 2025-01-13T20:28:00.950Z - Time taken for 'total for creating and serializing project graph' 0.4817499998025596ms
[NX Daemon Server] - 2025-01-13T20:28:00.951Z - Done responding to the client project-graph
[NX Daemon Server] - 2025-01-13T20:28:00.951Z - Handled REQUEST_PROJECT_GRAPH. Handling time: 1. Response time: 1.
[NX Daemon Server] - 2025-01-13T20:28:00.952Z - Established a connection. Number of open connections: 2
[NX Daemon Server] - 2025-01-13T20:28:08.026Z - [WATCHER]: libs/utils/vitest.config.ts was modified
[NX Daemon Server] - 2025-01-13T20:28:08.027Z - [REQUEST]: Responding to the client. File watch changed
[NX Daemon Server] - 2025-01-13T20:28:08.027Z - Done responding to the client File watch changed
[NX Daemon Server] - 2025-01-13T20:28:08.027Z - Handled FILE-WATCH-CHANGED. Handling time: 0. Response time: 0.
[NX Daemon Server] - 2025-01-13T20:28:08.027Z - [WATCHER]: Processing file changes in outputs
[NX Daemon Server] - 2025-01-13T20:28:08.027Z - Time taken for 'changed-projects' 0.12570800026878715ms
[NX Daemon Server] - 2025-01-13T20:28:08.127Z - [REQUEST]: Updated workspace context based on watched changes, recomputing project graph...
[NX Daemon Server] - 2025-01-13T20:28:08.127Z - [REQUEST]: libs/utils/vitest.config.ts
[NX Daemon Server] - 2025-01-13T20:28:08.127Z - [REQUEST]: 
[NX Daemon Server] - 2025-01-13T20:28:08.128Z - Time taken for 'hash changed files from watcher' 0.17883400013670325ms
[NX Daemon Server] - 2025-01-13T20:28:08.135Z - Time taken for 'build-project-configs' 6.7000000001862645ms
[NX Daemon Server] - 2025-01-13T20:28:08.144Z - [SYNC]: collect registered sync generators
[NX Daemon Server] - 2025-01-13T20:28:08.144Z - [SYNC]: project graph hash is the same, not collecting task sync generators
[NX Daemon Server] - 2025-01-13T20:28:08.144Z - [SYNC]: nx.json hash is the same, not collecting global sync generators
[NX Daemon Server] - 2025-01-13T20:28:08.144Z - Time taken for 'total execution time for createProjectGraph()' 6.899124999996275ms
[NX Daemon Server] - 2025-01-13T20:28:09.031Z - Established a connection. Number of open connections: 3
[NX Daemon Server] - 2025-01-13T20:28:09.032Z - [REQUEST]: Client Request for Project Graph Received
[NX Daemon Server] - 2025-01-13T20:28:09.032Z - [REQUEST]: Responding to the client. project-graph
[NX Daemon Server] - 2025-01-13T20:28:09.032Z - Time taken for 'total for creating and serializing project graph' 0.13704199995845556ms
[NX Daemon Server] - 2025-01-13T20:28:09.032Z - Closed a connection. Number of open connections: 2
[NX Daemon Server] - 2025-01-13T20:28:09.034Z - Done responding to the client project-graph
[NX Daemon Server] - 2025-01-13T20:28:09.034Z - Handled REQUEST_PROJECT_GRAPH. Handling time: 0. Response time: 2.
[NX Daemon Server] - 2025-01-13T20:28:09.036Z - [REQUEST]: Responding to the client. handleContextFileData
[NX Daemon Server] - 2025-01-13T20:28:09.036Z - Done responding to the client handleContextFileData
[NX Daemon Server] - 2025-01-13T20:28:09.036Z - Handled GET_CONTEXT_FILE_DATA. Handling time: 0. Response time: 0.
[NX Daemon Server] - 2025-01-13T20:28:09.036Z - Closed a connection. Number of open connections: 1
[NX Daemon Server] - 2025-01-13T20:28:09.041Z - Closed a connection. Number of open connections: 0
[NX Daemon Server] - 2025-01-13T20:28:09.041Z - Established a connection. Number of open connections: 1
[NX Daemon Server] - 2025-01-13T20:28:09.041Z - Established a connection. Number of open connections: 2
[NX Daemon Server] - 2025-01-13T20:28:09.041Z - Closed a connection. Number of open connections: 1
[NX Daemon Server] - 2025-01-13T20:28:09.042Z - [REQUEST]: Client Request for Project Graph Received
[NX Daemon Server] - 2025-01-13T20:28:09.042Z - [REQUEST]: Responding to the client. project-graph
[NX Daemon Server] - 2025-01-13T20:28:09.042Z - Time taken for 'total for creating and serializing project graph' 0.11904200026765466ms
[NX Daemon Server] - 2025-01-13T20:28:09.042Z - Done responding to the client project-graph
[NX Daemon Server] - 2025-01-13T20:28:09.042Z - Handled REQUEST_PROJECT_GRAPH. Handling time: 1. Response time: 0.
[NX Daemon Server] - 2025-01-13T20:28:09.044Z - [REQUEST]: Client Request for Project Graph Received
[NX Daemon Server] - 2025-01-13T20:28:09.044Z - [REQUEST]: Responding to the client. project-graph
[NX Daemon Server] - 2025-01-13T20:28:09.044Z - Time taken for 'total for creating and serializing project graph' 0.08066699979826808ms
[NX Daemon Server] - 2025-01-13T20:28:09.044Z - Done responding to the client project-graph
[NX Daemon Server] - 2025-01-13T20:28:09.044Z - Handled REQUEST_PROJECT_GRAPH. Handling time: 0. Response time: 0.
[NX Daemon Server] - 2025-01-13T20:28:09.045Z - Established a connection. Number of open connections: 2
[NX Daemon Server] - 2025-01-13T20:28:12.976Z - [WATCHER]: libs/utils/vitest.config.ts was modified
[NX Daemon Server] - 2025-01-13T20:28:12.976Z - [REQUEST]: Responding to the client. File watch changed
[NX Daemon Server] - 2025-01-13T20:28:12.976Z - Done responding to the client File watch changed
[NX Daemon Server] - 2025-01-13T20:28:12.976Z - Handled FILE-WATCH-CHANGED. Handling time: 0. Response time: 0.
[NX Daemon Server] - 2025-01-13T20:28:12.976Z - [WATCHER]: Processing file changes in outputs
[NX Daemon Server] - 2025-01-13T20:28:12.976Z - Time taken for 'changed-projects' 0.05741700017824769ms
[NX Daemon Server] - 2025-01-13T20:28:13.077Z - [REQUEST]: Updated workspace context based on watched changes, recomputing project graph...
[NX Daemon Server] - 2025-01-13T20:28:13.077Z - [REQUEST]: libs/utils/vitest.config.ts
[NX Daemon Server] - 2025-01-13T20:28:13.077Z - [REQUEST]: 
[NX Daemon Server] - 2025-01-13T20:28:13.079Z - Time taken for 'hash changed files from watcher' 0.18266700021922588ms
[NX Daemon Server] - 2025-01-13T20:28:13.086Z - Time taken for 'build-project-configs' 6.277332999743521ms
[NX Daemon Server] - 2025-01-13T20:28:13.096Z - [SYNC]: collect registered sync generators
[NX Daemon Server] - 2025-01-13T20:28:13.096Z - [SYNC]: project graph hash is the same, not collecting task sync generators
[NX Daemon Server] - 2025-01-13T20:28:13.096Z - [SYNC]: nx.json hash is the same, not collecting global sync generators
[NX Daemon Server] - 2025-01-13T20:28:13.096Z - Time taken for 'total execution time for createProjectGraph()' 8.615207999944687ms
[NX Daemon Server] - 2025-01-13T20:28:13.982Z - Established a connection. Number of open connections: 3
[NX Daemon Server] - 2025-01-13T20:28:13.983Z - [REQUEST]: Client Request for Project Graph Received
[NX Daemon Server] - 2025-01-13T20:28:13.983Z - [REQUEST]: Responding to the client. project-graph
[NX Daemon Server] - 2025-01-13T20:28:13.984Z - Time taken for 'total for creating and serializing project graph' 0.2971250000409782ms
[NX Daemon Server] - 2025-01-13T20:28:13.984Z - Closed a connection. Number of open connections: 2
[NX Daemon Server] - 2025-01-13T20:28:13.985Z - Done responding to the client project-graph
[NX Daemon Server] - 2025-01-13T20:28:13.985Z - Handled REQUEST_PROJECT_GRAPH. Handling time: 0. Response time: 2.
[NX Daemon Server] - 2025-01-13T20:28:13.987Z - [REQUEST]: Responding to the client. handleContextFileData
[NX Daemon Server] - 2025-01-13T20:28:13.987Z - Done responding to the client handleContextFileData
[NX Daemon Server] - 2025-01-13T20:28:13.988Z - Handled GET_CONTEXT_FILE_DATA. Handling time: 0. Response time: 1.
[NX Daemon Server] - 2025-01-13T20:28:13.988Z - Closed a connection. Number of open connections: 1
[NX Daemon Server] - 2025-01-13T20:28:13.991Z - Closed a connection. Number of open connections: 0
[NX Daemon Server] - 2025-01-13T20:28:13.991Z - Established a connection. Number of open connections: 1
[NX Daemon Server] - 2025-01-13T20:28:13.991Z - Established a connection. Number of open connections: 2
[NX Daemon Server] - 2025-01-13T20:28:13.991Z - Closed a connection. Number of open connections: 1
[NX Daemon Server] - 2025-01-13T20:28:13.992Z - [REQUEST]: Client Request for Project Graph Received
[NX Daemon Server] - 2025-01-13T20:28:13.992Z - [REQUEST]: Responding to the client. project-graph
[NX Daemon Server] - 2025-01-13T20:28:13.992Z - Time taken for 'total for creating and serializing project graph' 0.08449999988079071ms
[NX Daemon Server] - 2025-01-13T20:28:13.992Z - Done responding to the client project-graph
[NX Daemon Server] - 2025-01-13T20:28:13.992Z - Handled REQUEST_PROJECT_GRAPH. Handling time: 0. Response time: 0.
[NX Daemon Server] - 2025-01-13T20:28:13.993Z - [REQUEST]: Client Request for Project Graph Received
[NX Daemon Server] - 2025-01-13T20:28:13.993Z - [REQUEST]: Responding to the client. project-graph
[NX Daemon Server] - 2025-01-13T20:28:13.993Z - Time taken for 'total for creating and serializing project graph' 0.07083299988880754ms
[NX Daemon Server] - 2025-01-13T20:28:13.994Z - Done responding to the client project-graph
[NX Daemon Server] - 2025-01-13T20:28:13.994Z - Handled REQUEST_PROJECT_GRAPH. Handling time: 0. Response time: 1.
[NX Daemon Server] - 2025-01-13T20:28:13.994Z - Established a connection. Number of open connections: 2
[NX Daemon Server] - 2025-01-13T20:28:15.582Z - [WATCHER]: libs/ui-components/vite.config.js.timestamp-1736800095519-a03ede84aff1d.mjs was deleted
[NX Daemon Server] - 2025-01-13T20:28:15.582Z - [REQUEST]: Responding to the client. File watch changed
[NX Daemon Server] - 2025-01-13T20:28:15.582Z - Done responding to the client File watch changed
[NX Daemon Server] - 2025-01-13T20:28:15.582Z - Handled FILE-WATCH-CHANGED. Handling time: 0. Response time: 0.
[NX Daemon Server] - 2025-01-13T20:28:15.582Z - [WATCHER]: Processing file changes in outputs
[NX Daemon Server] - 2025-01-13T20:28:15.582Z - Time taken for 'changed-projects' 0.04158300021663308ms
[NX Daemon Server] - 2025-01-13T20:28:15.682Z - [REQUEST]: Updated workspace context based on watched changes, recomputing project graph...
[NX Daemon Server] - 2025-01-13T20:28:15.682Z - [REQUEST]: 
[NX Daemon Server] - 2025-01-13T20:28:15.682Z - [REQUEST]: libs/ui-components/vite.config.js.timestamp-1736800095519-a03ede84aff1d.mjs
[NX Daemon Server] - 2025-01-13T20:28:15.683Z - Time taken for 'hash changed files from watcher' 0.12508299993351102ms
[NX Daemon Server] - 2025-01-13T20:28:15.689Z - Time taken for 'build-project-configs' 5.320625000167638ms
[NX Daemon Server] - 2025-01-13T20:28:15.698Z - [SYNC]: collect registered sync generators
[NX Daemon Server] - 2025-01-13T20:28:15.698Z - [SYNC]: project graph hash is the same, not collecting task sync generators
[NX Daemon Server] - 2025-01-13T20:28:15.698Z - [SYNC]: nx.json hash is the same, not collecting global sync generators
[NX Daemon Server] - 2025-01-13T20:28:15.698Z - Time taken for 'total execution time for createProjectGraph()' 6.567665999755263ms
[NX Daemon Server] - 2025-01-13T20:28:16.586Z - Established a connection. Number of open connections: 3
[NX Daemon Server] - 2025-01-13T20:28:16.587Z - [REQUEST]: Client Request for Project Graph Received
[NX Daemon Server] - 2025-01-13T20:28:16.587Z - [REQUEST]: Responding to the client. project-graph
[NX Daemon Server] - 2025-01-13T20:28:16.587Z - Time taken for 'total for creating and serializing project graph' 0.2352080000564456ms
[NX Daemon Server] - 2025-01-13T20:28:16.587Z - Closed a connection. Number of open connections: 2
[NX Daemon Server] - 2025-01-13T20:28:16.589Z - Done responding to the client project-graph
[NX Daemon Server] - 2025-01-13T20:28:16.589Z - Handled REQUEST_PROJECT_GRAPH. Handling time: 0. Response time: 2.
[NX Daemon Server] - 2025-01-13T20:28:16.592Z - [REQUEST]: Responding to the client. handleContextFileData
[NX Daemon Server] - 2025-01-13T20:28:16.592Z - Done responding to the client handleContextFileData
[NX Daemon Server] - 2025-01-13T20:28:16.592Z - Handled GET_CONTEXT_FILE_DATA. Handling time: 0. Response time: 0.
[NX Daemon Server] - 2025-01-13T20:28:16.593Z - Closed a connection. Number of open connections: 1
[NX Daemon Server] - 2025-01-13T20:28:16.599Z - Closed a connection. Number of open connections: 0
[NX Daemon Server] - 2025-01-13T20:28:16.600Z - Established a connection. Number of open connections: 1
[NX Daemon Server] - 2025-01-13T20:28:16.600Z - Established a connection. Number of open connections: 2
[NX Daemon Server] - 2025-01-13T20:28:16.600Z - Closed a connection. Number of open connections: 1
[NX Daemon Server] - 2025-01-13T20:28:16.601Z - [REQUEST]: Client Request for Project Graph Received
[NX Daemon Server] - 2025-01-13T20:28:16.601Z - [REQUEST]: Responding to the client. project-graph
[NX Daemon Server] - 2025-01-13T20:28:16.601Z - Time taken for 'total for creating and serializing project graph' 0.19208399998024106ms
[NX Daemon Server] - 2025-01-13T20:28:16.602Z - Done responding to the client project-graph
[NX Daemon Server] - 2025-01-13T20:28:16.602Z - Handled REQUEST_PROJECT_GRAPH. Handling time: 0. Response time: 1.
[NX Daemon Server] - 2025-01-13T20:28:16.604Z - [REQUEST]: Client Request for Project Graph Received
[NX Daemon Server] - 2025-01-13T20:28:16.604Z - [REQUEST]: Responding to the client. project-graph
[NX Daemon Server] - 2025-01-13T20:28:16.604Z - Time taken for 'total for creating and serializing project graph' 0.11170799983665347ms
[NX Daemon Server] - 2025-01-13T20:28:16.605Z - Done responding to the client project-graph
[NX Daemon Server] - 2025-01-13T20:28:16.605Z - Handled REQUEST_PROJECT_GRAPH. Handling time: 1. Response time: 1.
[NX Daemon Server] - 2025-01-13T20:28:16.606Z - Established a connection. Number of open connections: 2
[NX Daemon Server] - 2025-01-13T20:28:51.995Z - [WATCHER]: libs/utils/tests was deleted
[NX Daemon Server] - 2025-01-13T20:28:51.999Z - [REQUEST]: Responding to the client. File watch changed
[NX Daemon Server] - 2025-01-13T20:28:51.999Z - Done responding to the client File watch changed
[NX Daemon Server] - 2025-01-13T20:28:51.999Z - Handled FILE-WATCH-CHANGED. Handling time: 0. Response time: 0.
[NX Daemon Server] - 2025-01-13T20:28:51.999Z - [WATCHER]: Processing file changes in outputs
[NX Daemon Server] - 2025-01-13T20:28:51.999Z - Time taken for 'changed-projects' 0.21454200008884072ms
[NX Daemon Server] - 2025-01-13T20:28:52.098Z - [REQUEST]: Updated workspace context based on watched changes, recomputing project graph...
[NX Daemon Server] - 2025-01-13T20:28:52.098Z - [REQUEST]: 
[NX Daemon Server] - 2025-01-13T20:28:52.098Z - [REQUEST]: libs/utils/tests
[NX Daemon Server] - 2025-01-13T20:28:52.100Z - Time taken for 'hash changed files from watcher' 0.1507080001756549ms
[NX Daemon Server] - 2025-01-13T20:28:52.111Z - Time taken for 'build-project-configs' 10.972500000149012ms
[NX Daemon Server] - 2025-01-13T20:28:52.119Z - [SYNC]: collect registered sync generators
[NX Daemon Server] - 2025-01-13T20:28:52.120Z - [SYNC]: project graph hash is the same, not collecting task sync generators
[NX Daemon Server] - 2025-01-13T20:28:52.120Z - [SYNC]: nx.json hash is the same, not collecting global sync generators
[NX Daemon Server] - 2025-01-13T20:28:52.120Z - Time taken for 'total execution time for createProjectGraph()' 6.692707999609411ms
[NX Daemon Server] - 2025-01-13T20:28:53.006Z - Established a connection. Number of open connections: 3
[NX Daemon Server] - 2025-01-13T20:28:53.007Z - [REQUEST]: Client Request for Project Graph Received
[NX Daemon Server] - 2025-01-13T20:28:53.007Z - [REQUEST]: Responding to the client. project-graph
[NX Daemon Server] - 2025-01-13T20:28:53.007Z - Time taken for 'total for creating and serializing project graph' 0.16516599990427494ms
[NX Daemon Server] - 2025-01-13T20:28:53.007Z - Closed a connection. Number of open connections: 2
[NX Daemon Server] - 2025-01-13T20:28:53.008Z - Done responding to the client project-graph
[NX Daemon Server] - 2025-01-13T20:28:53.009Z - Handled REQUEST_PROJECT_GRAPH. Handling time: 0. Response time: 2.
[NX Daemon Server] - 2025-01-13T20:28:53.011Z - [REQUEST]: Responding to the client. handleContextFileData
[NX Daemon Server] - 2025-01-13T20:28:53.011Z - Done responding to the client handleContextFileData
[NX Daemon Server] - 2025-01-13T20:28:53.011Z - Handled GET_CONTEXT_FILE_DATA. Handling time: 1. Response time: 0.
[NX Daemon Server] - 2025-01-13T20:28:53.011Z - Closed a connection. Number of open connections: 1
[NX Daemon Server] - 2025-01-13T20:28:53.016Z - Closed a connection. Number of open connections: 0
[NX Daemon Server] - 2025-01-13T20:28:53.016Z - Established a connection. Number of open connections: 1
[NX Daemon Server] - 2025-01-13T20:28:53.016Z - Established a connection. Number of open connections: 2
[NX Daemon Server] - 2025-01-13T20:28:53.017Z - Closed a connection. Number of open connections: 1
[NX Daemon Server] - 2025-01-13T20:28:53.017Z - [REQUEST]: Client Request for Project Graph Received
[NX Daemon Server] - 2025-01-13T20:28:53.017Z - [REQUEST]: Responding to the client. project-graph
[NX Daemon Server] - 2025-01-13T20:28:53.017Z - Time taken for 'total for creating and serializing project graph' 0.09799999976530671ms
[NX Daemon Server] - 2025-01-13T20:28:53.017Z - Done responding to the client project-graph
[NX Daemon Server] - 2025-01-13T20:28:53.017Z - Handled REQUEST_PROJECT_GRAPH. Handling time: 0. Response time: 0.
[NX Daemon Server] - 2025-01-13T20:28:53.021Z - [REQUEST]: Client Request for Project Graph Received
[NX Daemon Server] - 2025-01-13T20:28:53.021Z - [REQUEST]: Responding to the client. project-graph
[NX Daemon Server] - 2025-01-13T20:28:53.022Z - Time taken for 'total for creating and serializing project graph' 0.13670899998396635ms
[NX Daemon Server] - 2025-01-13T20:28:53.022Z - Done responding to the client project-graph
[NX Daemon Server] - 2025-01-13T20:28:53.022Z - Handled REQUEST_PROJECT_GRAPH. Handling time: 0. Response time: 1.
[NX Daemon Server] - 2025-01-13T20:28:53.023Z - Established a connection. Number of open connections: 2
[NX Daemon Server] - 2025-01-13T20:28:59.642Z - [WATCHER]: 0 file(s) created or restored, 1 file(s) modified, 1 file(s) deleted
[NX Daemon Server] - 2025-01-13T20:28:59.643Z - [REQUEST]: Responding to the client. File watch changed
[NX Daemon Server] - 2025-01-13T20:28:59.643Z - Done responding to the client File watch changed
[NX Daemon Server] - 2025-01-13T20:28:59.643Z - Handled FILE-WATCH-CHANGED. Handling time: 0. Response time: 0.
[NX Daemon Server] - 2025-01-13T20:28:59.643Z - [WATCHER]: Processing file changes in outputs
[NX Daemon Server] - 2025-01-13T20:28:59.643Z - Time taken for 'changed-projects' 0.07570899976417422ms
[NX Daemon Server] - 2025-01-13T20:28:59.744Z - [REQUEST]: Updated workspace context based on watched changes, recomputing project graph...
[NX Daemon Server] - 2025-01-13T20:28:59.744Z - [REQUEST]: libs/utils/src/tests/setupFiles.ts
[NX Daemon Server] - 2025-01-13T20:28:59.744Z - [REQUEST]: libs/utils/src/tests/setup.js
[NX Daemon Server] - 2025-01-13T20:28:59.745Z - Time taken for 'hash changed files from watcher' 0.11262500006705523ms
[NX Daemon Server] - 2025-01-13T20:28:59.754Z - Time taken for 'build-project-configs' 8.13308299984783ms
[NX Daemon Server] - 2025-01-13T20:28:59.764Z - [SYNC]: collect registered sync generators
[NX Daemon Server] - 2025-01-13T20:28:59.764Z - [SYNC]: project graph hash is the same, not collecting task sync generators
[NX Daemon Server] - 2025-01-13T20:28:59.764Z - [SYNC]: nx.json hash is the same, not collecting global sync generators
[NX Daemon Server] - 2025-01-13T20:28:59.764Z - Time taken for 'total execution time for createProjectGraph()' 7.192333000246435ms
[NX Daemon Server] - 2025-01-13T20:29:00.645Z - Established a connection. Number of open connections: 3
[NX Daemon Server] - 2025-01-13T20:29:00.646Z - [REQUEST]: Client Request for Project Graph Received
[NX Daemon Server] - 2025-01-13T20:29:00.646Z - [REQUEST]: Responding to the client. project-graph
[NX Daemon Server] - 2025-01-13T20:29:00.646Z - Time taken for 'total for creating and serializing project graph' 0.11604100000113249ms
[NX Daemon Server] - 2025-01-13T20:29:00.646Z - Closed a connection. Number of open connections: 2
[NX Daemon Server] - 2025-01-13T20:29:00.647Z - Done responding to the client project-graph
[NX Daemon Server] - 2025-01-13T20:29:00.647Z - Handled REQUEST_PROJECT_GRAPH. Handling time: 0. Response time: 1.
[NX Daemon Server] - 2025-01-13T20:29:00.648Z - [REQUEST]: Responding to the client. handleContextFileData
[NX Daemon Server] - 2025-01-13T20:29:00.649Z - Done responding to the client handleContextFileData
[NX Daemon Server] - 2025-01-13T20:29:00.649Z - Handled GET_CONTEXT_FILE_DATA. Handling time: 0. Response time: 1.
[NX Daemon Server] - 2025-01-13T20:29:00.649Z - Closed a connection. Number of open connections: 1
[NX Daemon Server] - 2025-01-13T20:29:00.652Z - Closed a connection. Number of open connections: 0
[NX Daemon Server] - 2025-01-13T20:29:00.653Z - Established a connection. Number of open connections: 1
[NX Daemon Server] - 2025-01-13T20:29:00.653Z - Established a connection. Number of open connections: 2
[NX Daemon Server] - 2025-01-13T20:29:00.653Z - Closed a connection. Number of open connections: 1
[NX Daemon Server] - 2025-01-13T20:29:00.654Z - [REQUEST]: Client Request for Project Graph Received
[NX Daemon Server] - 2025-01-13T20:29:00.654Z - [REQUEST]: Responding to the client. project-graph
[NX Daemon Server] - 2025-01-13T20:29:00.654Z - Time taken for 'total for creating and serializing project graph' 0.07241699984297156ms
[NX Daemon Server] - 2025-01-13T20:29:00.655Z - Done responding to the client project-graph
[NX Daemon Server] - 2025-01-13T20:29:00.655Z - Handled REQUEST_PROJECT_GRAPH. Handling time: 0. Response time: 1.
[NX Daemon Server] - 2025-01-13T20:29:00.656Z - [REQUEST]: Client Request for Project Graph Received
[NX Daemon Server] - 2025-01-13T20:29:00.656Z - [REQUEST]: Responding to the client. project-graph
[NX Daemon Server] - 2025-01-13T20:29:00.656Z - Time taken for 'total for creating and serializing project graph' 0.05966700008139014ms
[NX Daemon Server] - 2025-01-13T20:29:00.656Z - Done responding to the client project-graph
[NX Daemon Server] - 2025-01-13T20:29:00.656Z - Handled REQUEST_PROJECT_GRAPH. Handling time: 0. Response time: 0.
[NX Daemon Server] - 2025-01-13T20:29:00.657Z - Established a connection. Number of open connections: 2
[NX Daemon Server] - 2025-01-13T20:29:11.888Z - [WATCHER]: Processing file changes in outputs
[NX Daemon Server] - 2025-01-13T20:29:11.890Z - [WATCHER]: libs/utils/src/tests/setupFiles.ts was modified
[NX Daemon Server] - 2025-01-13T20:29:11.891Z - [REQUEST]: Responding to the client. File watch changed
[NX Daemon Server] - 2025-01-13T20:29:11.891Z - Done responding to the client File watch changed
[NX Daemon Server] - 2025-01-13T20:29:11.892Z - Handled FILE-WATCH-CHANGED. Handling time: 0. Response time: 2.
[NX Daemon Server] - 2025-01-13T20:29:11.892Z - Time taken for 'changed-projects' 0.3426250000484288ms
[NX Daemon Server] - 2025-01-13T20:29:11.990Z - [REQUEST]: Updated workspace context based on watched changes, recomputing project graph...
[NX Daemon Server] - 2025-01-13T20:29:11.991Z - [REQUEST]: libs/utils/src/tests/setupFiles.ts
[NX Daemon Server] - 2025-01-13T20:29:11.991Z - [REQUEST]: 
[NX Daemon Server] - 2025-01-13T20:29:11.992Z - Time taken for 'hash changed files from watcher' 0.11095799971371889ms
[NX Daemon Server] - 2025-01-13T20:29:12.008Z - Time taken for 'build-project-configs' 12.943667000159621ms
[NX Daemon Server] - 2025-01-13T20:29:12.024Z - [SYNC]: collect registered sync generators
[NX Daemon Server] - 2025-01-13T20:29:12.024Z - [SYNC]: project graph hash is the same, not collecting task sync generators
[NX Daemon Server] - 2025-01-13T20:29:12.024Z - [SYNC]: nx.json hash is the same, not collecting global sync generators
[NX Daemon Server] - 2025-01-13T20:29:12.024Z - Time taken for 'total execution time for createProjectGraph()' 16.285416999831796ms
[NX Daemon Server] - 2025-01-13T20:29:12.897Z - Established a connection. Number of open connections: 3
[NX Daemon Server] - 2025-01-13T20:29:12.898Z - [REQUEST]: Client Request for Project Graph Received
[NX Daemon Server] - 2025-01-13T20:29:12.898Z - [REQUEST]: Responding to the client. project-graph
[NX Daemon Server] - 2025-01-13T20:29:12.899Z - Time taken for 'total for creating and serializing project graph' 0.21312500024214387ms
[NX Daemon Server] - 2025-01-13T20:29:12.899Z - Closed a connection. Number of open connections: 2
[NX Daemon Server] - 2025-01-13T20:29:12.902Z - Done responding to the client project-graph
[NX Daemon Server] - 2025-01-13T20:29:12.902Z - Handled REQUEST_PROJECT_GRAPH. Handling time: 0. Response time: 4.
[NX Daemon Server] - 2025-01-13T20:29:12.905Z - [REQUEST]: Responding to the client. handleContextFileData
[NX Daemon Server] - 2025-01-13T20:29:12.905Z - Done responding to the client handleContextFileData
[NX Daemon Server] - 2025-01-13T20:29:12.905Z - Handled GET_CONTEXT_FILE_DATA. Handling time: 0. Response time: 0.
[NX Daemon Server] - 2025-01-13T20:29:12.906Z - Closed a connection. Number of open connections: 1
[NX Daemon Server] - 2025-01-13T20:29:12.912Z - Closed a connection. Number of open connections: 0
[NX Daemon Server] - 2025-01-13T20:29:12.914Z - Established a connection. Number of open connections: 1
[NX Daemon Server] - 2025-01-13T20:29:12.914Z - Established a connection. Number of open connections: 2
[NX Daemon Server] - 2025-01-13T20:29:12.914Z - Closed a connection. Number of open connections: 1
[NX Daemon Server] - 2025-01-13T20:29:12.914Z - [REQUEST]: Client Request for Project Graph Received
[NX Daemon Server] - 2025-01-13T20:29:12.914Z - [REQUEST]: Responding to the client. project-graph
[NX Daemon Server] - 2025-01-13T20:29:12.915Z - Time taken for 'total for creating and serializing project graph' 0.1607090001925826ms
[NX Daemon Server] - 2025-01-13T20:29:12.915Z - Done responding to the client project-graph
[NX Daemon Server] - 2025-01-13T20:29:12.915Z - Handled REQUEST_PROJECT_GRAPH. Handling time: 0. Response time: 1.
[NX Daemon Server] - 2025-01-13T20:29:12.918Z - [REQUEST]: Client Request for Project Graph Received
[NX Daemon Server] - 2025-01-13T20:29:12.918Z - [REQUEST]: Responding to the client. project-graph
[NX Daemon Server] - 2025-01-13T20:29:12.918Z - Time taken for 'total for creating and serializing project graph' 0.16429200023412704ms
[NX Daemon Server] - 2025-01-13T20:29:12.923Z - Done responding to the client project-graph
[NX Daemon Server] - 2025-01-13T20:29:12.923Z - Handled REQUEST_PROJECT_GRAPH. Handling time: 0. Response time: 5.
[NX Daemon Server] - 2025-01-13T20:29:12.925Z - Established a connection. Number of open connections: 2
[NX Daemon Server] - 2025-01-13T20:29:16.194Z - [WATCHER]: Processing file changes in outputs
[NX Daemon Server] - 2025-01-13T20:29:16.194Z - [WATCHER]: libs/utils/src/tests/setupFiles.ts was modified
[NX Daemon Server] - 2025-01-13T20:29:16.194Z - [REQUEST]: Responding to the client. File watch changed
[NX Daemon Server] - 2025-01-13T20:29:16.194Z - Done responding to the client File watch changed
[NX Daemon Server] - 2025-01-13T20:29:16.194Z - Handled FILE-WATCH-CHANGED. Handling time: 0. Response time: 0.
[NX Daemon Server] - 2025-01-13T20:29:16.194Z - Time taken for 'changed-projects' 0.04891700018197298ms
[NX Daemon Server] - 2025-01-13T20:29:16.295Z - [REQUEST]: Updated workspace context based on watched changes, recomputing project graph...
[NX Daemon Server] - 2025-01-13T20:29:16.295Z - [REQUEST]: libs/utils/src/tests/setupFiles.ts
[NX Daemon Server] - 2025-01-13T20:29:16.295Z - [REQUEST]: 
[NX Daemon Server] - 2025-01-13T20:29:16.296Z - Time taken for 'hash changed files from watcher' 0.13450000016018748ms
[NX Daemon Server] - 2025-01-13T20:29:16.301Z - Time taken for 'build-project-configs' 4.385875000152737ms
[NX Daemon Server] - 2025-01-13T20:29:16.310Z - [SYNC]: collect registered sync generators
[NX Daemon Server] - 2025-01-13T20:29:16.310Z - [SYNC]: project graph hash is the same, not collecting task sync generators
[NX Daemon Server] - 2025-01-13T20:29:16.310Z - [SYNC]: nx.json hash is the same, not collecting global sync generators
[NX Daemon Server] - 2025-01-13T20:29:16.310Z - Time taken for 'total execution time for createProjectGraph()' 6.806042000185698ms
[NX Daemon Server] - 2025-01-13T20:29:17.196Z - Established a connection. Number of open connections: 3
[NX Daemon Server] - 2025-01-13T20:29:17.197Z - [REQUEST]: Client Request for Project Graph Received
[NX Daemon Server] - 2025-01-13T20:29:17.197Z - [REQUEST]: Responding to the client. project-graph
[NX Daemon Server] - 2025-01-13T20:29:17.197Z - Time taken for 'total for creating and serializing project graph' 0.1609589997678995ms
[NX Daemon Server] - 2025-01-13T20:29:17.197Z - Closed a connection. Number of open connections: 2
[NX Daemon Server] - 2025-01-13T20:29:17.198Z - Done responding to the client project-graph
[NX Daemon Server] - 2025-01-13T20:29:17.198Z - Handled REQUEST_PROJECT_GRAPH. Handling time: 0. Response time: 1.
[NX Daemon Server] - 2025-01-13T20:29:17.200Z - [REQUEST]: Responding to the client. handleContextFileData
[NX Daemon Server] - 2025-01-13T20:29:17.200Z - Done responding to the client handleContextFileData
[NX Daemon Server] - 2025-01-13T20:29:17.200Z - Handled GET_CONTEXT_FILE_DATA. Handling time: 0. Response time: 0.
[NX Daemon Server] - 2025-01-13T20:29:17.201Z - Closed a connection. Number of open connections: 1
[NX Daemon Server] - 2025-01-13T20:29:17.204Z - Closed a connection. Number of open connections: 0
[NX Daemon Server] - 2025-01-13T20:29:17.204Z - Established a connection. Number of open connections: 1
[NX Daemon Server] - 2025-01-13T20:29:17.204Z - Established a connection. Number of open connections: 2
[NX Daemon Server] - 2025-01-13T20:29:17.204Z - Closed a connection. Number of open connections: 1
[NX Daemon Server] - 2025-01-13T20:29:17.205Z - [REQUEST]: Client Request for Project Graph Received
[NX Daemon Server] - 2025-01-13T20:29:17.205Z - [REQUEST]: Responding to the client. project-graph
[NX Daemon Server] - 2025-01-13T20:29:17.205Z - Time taken for 'total for creating and serializing project graph' 0.09087500022724271ms
[NX Daemon Server] - 2025-01-13T20:29:17.209Z - Done responding to the client project-graph
[NX Daemon Server] - 2025-01-13T20:29:17.209Z - Handled REQUEST_PROJECT_GRAPH. Handling time: 0. Response time: 4.
[NX Daemon Server] - 2025-01-13T20:29:17.210Z - [REQUEST]: Client Request for Project Graph Received
[NX Daemon Server] - 2025-01-13T20:29:17.211Z - [REQUEST]: Responding to the client. project-graph
[NX Daemon Server] - 2025-01-13T20:29:17.211Z - Time taken for 'total for creating and serializing project graph' 0.11675000004470348ms
[NX Daemon Server] - 2025-01-13T20:29:17.211Z - Done responding to the client project-graph
[NX Daemon Server] - 2025-01-13T20:29:17.211Z - Handled REQUEST_PROJECT_GRAPH. Handling time: 1. Response time: 0.
[NX Daemon Server] - 2025-01-13T20:29:17.213Z - Established a connection. Number of open connections: 2
[NX Daemon Server] - 2025-01-13T20:29:18.438Z - [WATCHER]: Processing file changes in outputs
[NX Daemon Server] - 2025-01-13T20:29:18.439Z - [WATCHER]: libs/utils/src/tests/setupFiles.ts was modified
[NX Daemon Server] - 2025-01-13T20:29:18.439Z - [REQUEST]: Responding to the client. File watch changed
[NX Daemon Server] - 2025-01-13T20:29:18.439Z - Done responding to the client File watch changed
[NX Daemon Server] - 2025-01-13T20:29:18.439Z - Handled FILE-WATCH-CHANGED. Handling time: 0. Response time: 0.
[NX Daemon Server] - 2025-01-13T20:29:18.439Z - Time taken for 'changed-projects' 0.04737500008195639ms
[NX Daemon Server] - 2025-01-13T20:29:18.539Z - [REQUEST]: Updated workspace context based on watched changes, recomputing project graph...
[NX Daemon Server] - 2025-01-13T20:29:18.540Z - [REQUEST]: libs/utils/src/tests/setupFiles.ts
[NX Daemon Server] - 2025-01-13T20:29:18.540Z - [REQUEST]: 
[NX Daemon Server] - 2025-01-13T20:29:18.541Z - Time taken for 'hash changed files from watcher' 0.1461669998243451ms
[NX Daemon Server] - 2025-01-13T20:29:18.547Z - Time taken for 'build-project-configs' 5.62154099997133ms
[NX Daemon Server] - 2025-01-13T20:29:18.560Z - [SYNC]: collect registered sync generators
[NX Daemon Server] - 2025-01-13T20:29:18.560Z - [SYNC]: project graph hash is the same, not collecting task sync generators
[NX Daemon Server] - 2025-01-13T20:29:18.560Z - [SYNC]: nx.json hash is the same, not collecting global sync generators
[NX Daemon Server] - 2025-01-13T20:29:18.560Z - Time taken for 'total execution time for createProjectGraph()' 7.675708000082523ms
[NX Daemon Server] - 2025-01-13T20:29:19.442Z - Established a connection. Number of open connections: 3
[NX Daemon Server] - 2025-01-13T20:29:19.443Z - [REQUEST]: Client Request for Project Graph Received
[NX Daemon Server] - 2025-01-13T20:29:19.444Z - [REQUEST]: Responding to the client. project-graph
[NX Daemon Server] - 2025-01-13T20:29:19.444Z - Time taken for 'total for creating and serializing project graph' 0.26133299991488457ms
[NX Daemon Server] - 2025-01-13T20:29:19.444Z - Closed a connection. Number of open connections: 2
[NX Daemon Server] - 2025-01-13T20:29:19.446Z - Done responding to the client project-graph
[NX Daemon Server] - 2025-01-13T20:29:19.446Z - Handled REQUEST_PROJECT_GRAPH. Handling time: 1. Response time: 2.
[NX Daemon Server] - 2025-01-13T20:29:19.449Z - [REQUEST]: Responding to the client. handleContextFileData
[NX Daemon Server] - 2025-01-13T20:29:19.449Z - Done responding to the client handleContextFileData
[NX Daemon Server] - 2025-01-13T20:29:19.449Z - Handled GET_CONTEXT_FILE_DATA. Handling time: 0. Response time: 0.
[NX Daemon Server] - 2025-01-13T20:29:19.449Z - Closed a connection. Number of open connections: 1
[NX Daemon Server] - 2025-01-13T20:29:19.454Z - Closed a connection. Number of open connections: 0
[NX Daemon Server] - 2025-01-13T20:29:19.455Z - Established a connection. Number of open connections: 1
[NX Daemon Server] - 2025-01-13T20:29:19.456Z - Established a connection. Number of open connections: 2
[NX Daemon Server] - 2025-01-13T20:29:19.456Z - Closed a connection. Number of open connections: 1
[NX Daemon Server] - 2025-01-13T20:29:19.456Z - [REQUEST]: Client Request for Project Graph Received
[NX Daemon Server] - 2025-01-13T20:29:19.456Z - [REQUEST]: Responding to the client. project-graph
[NX Daemon Server] - 2025-01-13T20:29:19.457Z - Time taken for 'total for creating and serializing project graph' 0.1552909999154508ms
[NX Daemon Server] - 2025-01-13T20:29:19.458Z - Done responding to the client project-graph
[NX Daemon Server] - 2025-01-13T20:29:19.458Z - Handled REQUEST_PROJECT_GRAPH. Handling time: 0. Response time: 2.
[NX Daemon Server] - 2025-01-13T20:29:19.460Z - [REQUEST]: Client Request for Project Graph Received
[NX Daemon Server] - 2025-01-13T20:29:19.460Z - [REQUEST]: Responding to the client. project-graph
[NX Daemon Server] - 2025-01-13T20:29:19.460Z - Time taken for 'total for creating and serializing project graph' 0.1652909996919334ms
[NX Daemon Server] - 2025-01-13T20:29:19.461Z - Done responding to the client project-graph
[NX Daemon Server] - 2025-01-13T20:29:19.461Z - Handled REQUEST_PROJECT_GRAPH. Handling time: 0. Response time: 1.
[NX Daemon Server] - 2025-01-13T20:29:19.463Z - Established a connection. Number of open connections: 2
[NX Daemon Server] - 2025-01-13T20:29:27.757Z - [WATCHER]: libs/utils/src/tests/setupFiles.ts was modified
[NX Daemon Server] - 2025-01-13T20:29:27.757Z - [REQUEST]: Responding to the client. File watch changed
[NX Daemon Server] - 2025-01-13T20:29:27.758Z - Done responding to the client File watch changed
[NX Daemon Server] - 2025-01-13T20:29:27.758Z - Handled FILE-WATCH-CHANGED. Handling time: 0. Response time: 1.
[NX Daemon Server] - 2025-01-13T20:29:27.758Z - [WATCHER]: Processing file changes in outputs
[NX Daemon Server] - 2025-01-13T20:29:27.758Z - Time taken for 'changed-projects' 0.0738340001553297ms
[NX Daemon Server] - 2025-01-13T20:29:27.858Z - [REQUEST]: Updated workspace context based on watched changes, recomputing project graph...
[NX Daemon Server] - 2025-01-13T20:29:27.858Z - [REQUEST]: libs/utils/src/tests/setupFiles.ts
[NX Daemon Server] - 2025-01-13T20:29:27.858Z - [REQUEST]: 
[NX Daemon Server] - 2025-01-13T20:29:27.859Z - Time taken for 'hash changed files from watcher' 0.19074999960139394ms
[NX Daemon Server] - 2025-01-13T20:29:27.868Z - Time taken for 'build-project-configs' 8.36083299992606ms
[NX Daemon Server] - 2025-01-13T20:29:27.879Z - [SYNC]: collect registered sync generators
[NX Daemon Server] - 2025-01-13T20:29:27.879Z - [SYNC]: project graph hash is the same, not collecting task sync generators
[NX Daemon Server] - 2025-01-13T20:29:27.879Z - [SYNC]: nx.json hash is the same, not collecting global sync generators
[NX Daemon Server] - 2025-01-13T20:29:27.879Z - Time taken for 'total execution time for createProjectGraph()' 7.7396249999292195ms
[NX Daemon Server] - 2025-01-13T20:29:28.761Z - Established a connection. Number of open connections: 3
[NX Daemon Server] - 2025-01-13T20:29:28.762Z - [REQUEST]: Client Request for Project Graph Received
[NX Daemon Server] - 2025-01-13T20:29:28.762Z - [REQUEST]: Responding to the client. project-graph
[NX Daemon Server] - 2025-01-13T20:29:28.762Z - Time taken for 'total for creating and serializing project graph' 0.1882499996572733ms
[NX Daemon Server] - 2025-01-13T20:29:28.762Z - Closed a connection. Number of open connections: 2
[NX Daemon Server] - 2025-01-13T20:29:28.764Z - Done responding to the client project-graph
[NX Daemon Server] - 2025-01-13T20:29:28.764Z - Handled REQUEST_PROJECT_GRAPH. Handling time: 0. Response time: 2.
[NX Daemon Server] - 2025-01-13T20:29:28.767Z - [REQUEST]: Responding to the client. handleContextFileData
[NX Daemon Server] - 2025-01-13T20:29:28.767Z - Done responding to the client handleContextFileData
[NX Daemon Server] - 2025-01-13T20:29:28.767Z - Handled GET_CONTEXT_FILE_DATA. Handling time: 1. Response time: 0.
[NX Daemon Server] - 2025-01-13T20:29:28.767Z - Closed a connection. Number of open connections: 1
[NX Daemon Server] - 2025-01-13T20:29:28.773Z - Closed a connection. Number of open connections: 0
[NX Daemon Server] - 2025-01-13T20:29:28.775Z - Established a connection. Number of open connections: 1
[NX Daemon Server] - 2025-01-13T20:29:28.775Z - Established a connection. Number of open connections: 2
[NX Daemon Server] - 2025-01-13T20:29:28.775Z - Closed a connection. Number of open connections: 1
[NX Daemon Server] - 2025-01-13T20:29:28.775Z - [REQUEST]: Client Request for Project Graph Received
[NX Daemon Server] - 2025-01-13T20:29:28.776Z - [REQUEST]: Responding to the client. project-graph
[NX Daemon Server] - 2025-01-13T20:29:28.776Z - Time taken for 'total for creating and serializing project graph' 0.12995800003409386ms
[NX Daemon Server] - 2025-01-13T20:29:28.776Z - Done responding to the client project-graph
[NX Daemon Server] - 2025-01-13T20:29:28.776Z - Handled REQUEST_PROJECT_GRAPH. Handling time: 1. Response time: 0.
[NX Daemon Server] - 2025-01-13T20:29:28.778Z - [REQUEST]: Client Request for Project Graph Received
[NX Daemon Server] - 2025-01-13T20:29:28.778Z - [REQUEST]: Responding to the client. project-graph
[NX Daemon Server] - 2025-01-13T20:29:28.778Z - Time taken for 'total for creating and serializing project graph' 0.1269160001538694ms
[NX Daemon Server] - 2025-01-13T20:29:28.779Z - Done responding to the client project-graph
[NX Daemon Server] - 2025-01-13T20:29:28.779Z - Handled REQUEST_PROJECT_GRAPH. Handling time: 0. Response time: 1.
[NX Daemon Server] - 2025-01-13T20:29:28.781Z - Established a connection. Number of open connections: 2
[NX Daemon Server] - 2025-01-13T20:29:28.904Z - [WATCHER]: libs/utils/src/tests/setupFiles.ts was modified
[NX Daemon Server] - 2025-01-13T20:29:28.904Z - [REQUEST]: Responding to the client. File watch changed
[NX Daemon Server] - 2025-01-13T20:29:28.904Z - Done responding to the client File watch changed
[NX Daemon Server] - 2025-01-13T20:29:28.904Z - Handled FILE-WATCH-CHANGED. Handling time: 0. Response time: 0.
[NX Daemon Server] - 2025-01-13T20:29:28.905Z - [WATCHER]: Processing file changes in outputs
[NX Daemon Server] - 2025-01-13T20:29:28.905Z - Time taken for 'changed-projects' 0.05420799972489476ms
[NX Daemon Server] - 2025-01-13T20:29:29.005Z - [REQUEST]: Updated workspace context based on watched changes, recomputing project graph...
[NX Daemon Server] - 2025-01-13T20:29:29.005Z - [REQUEST]: libs/utils/src/tests/setupFiles.ts
[NX Daemon Server] - 2025-01-13T20:29:29.005Z - [REQUEST]: 
[NX Daemon Server] - 2025-01-13T20:29:29.006Z - Time taken for 'hash changed files from watcher' 0.17858400009572506ms
[NX Daemon Server] - 2025-01-13T20:29:29.014Z - Time taken for 'build-project-configs' 6.211749999783933ms
[NX Daemon Server] - 2025-01-13T20:29:29.024Z - [SYNC]: collect registered sync generators
[NX Daemon Server] - 2025-01-13T20:29:29.024Z - [SYNC]: project graph hash is the same, not collecting task sync generators
[NX Daemon Server] - 2025-01-13T20:29:29.024Z - [SYNC]: nx.json hash is the same, not collecting global sync generators
[NX Daemon Server] - 2025-01-13T20:29:29.024Z - Time taken for 'total execution time for createProjectGraph()' 8.392791000194848ms
[NX Daemon Server] - 2025-01-13T20:29:29.907Z - Established a connection. Number of open connections: 3
[NX Daemon Server] - 2025-01-13T20:29:29.908Z - [REQUEST]: Client Request for Project Graph Received
[NX Daemon Server] - 2025-01-13T20:29:29.908Z - [REQUEST]: Responding to the client. project-graph
[NX Daemon Server] - 2025-01-13T20:29:29.908Z - Time taken for 'total for creating and serializing project graph' 0.13737499993294477ms
[NX Daemon Server] - 2025-01-13T20:29:29.908Z - Closed a connection. Number of open connections: 2
[NX Daemon Server] - 2025-01-13T20:29:29.909Z - Done responding to the client project-graph
[NX Daemon Server] - 2025-01-13T20:29:29.909Z - Handled REQUEST_PROJECT_GRAPH. Handling time: 0. Response time: 1.
[NX Daemon Server] - 2025-01-13T20:29:29.911Z - [REQUEST]: Responding to the client. handleContextFileData
[NX Daemon Server] - 2025-01-13T20:29:29.911Z - Done responding to the client handleContextFileData
[NX Daemon Server] - 2025-01-13T20:29:29.911Z - Handled GET_CONTEXT_FILE_DATA. Handling time: 1. Response time: 0.
[NX Daemon Server] - 2025-01-13T20:29:29.911Z - Closed a connection. Number of open connections: 1
[NX Daemon Server] - 2025-01-13T20:29:29.914Z - Closed a connection. Number of open connections: 0
[NX Daemon Server] - 2025-01-13T20:29:29.914Z - Established a connection. Number of open connections: 1
[NX Daemon Server] - 2025-01-13T20:29:29.914Z - Established a connection. Number of open connections: 2
[NX Daemon Server] - 2025-01-13T20:29:29.915Z - Closed a connection. Number of open connections: 1
[NX Daemon Server] - 2025-01-13T20:29:29.915Z - [REQUEST]: Client Request for Project Graph Received
[NX Daemon Server] - 2025-01-13T20:29:29.915Z - [REQUEST]: Responding to the client. project-graph
[NX Daemon Server] - 2025-01-13T20:29:29.915Z - Time taken for 'total for creating and serializing project graph' 0.10045799985527992ms
[NX Daemon Server] - 2025-01-13T20:29:29.915Z - Done responding to the client project-graph
[NX Daemon Server] - 2025-01-13T20:29:29.915Z - Handled REQUEST_PROJECT_GRAPH. Handling time: 0. Response time: 0.
[NX Daemon Server] - 2025-01-13T20:29:29.917Z - [REQUEST]: Client Request for Project Graph Received
[NX Daemon Server] - 2025-01-13T20:29:29.917Z - [REQUEST]: Responding to the client. project-graph
[NX Daemon Server] - 2025-01-13T20:29:29.917Z - Time taken for 'total for creating and serializing project graph' 0.10179199976846576ms
[NX Daemon Server] - 2025-01-13T20:29:29.917Z - Done responding to the client project-graph
[NX Daemon Server] - 2025-01-13T20:29:29.918Z - Handled REQUEST_PROJECT_GRAPH. Handling time: 0. Response time: 1.
[NX Daemon Server] - 2025-01-13T20:29:29.919Z - Established a connection. Number of open connections: 2
[NX Daemon Server] - 2025-01-13T20:29:33.920Z - [WATCHER]: libs/utils/src/tests/setupFiles.ts was modified
[NX Daemon Server] - 2025-01-13T20:29:33.920Z - [REQUEST]: Responding to the client. File watch changed
[NX Daemon Server] - 2025-01-13T20:29:33.920Z - Done responding to the client File watch changed
[NX Daemon Server] - 2025-01-13T20:29:33.920Z - Handled FILE-WATCH-CHANGED. Handling time: 0. Response time: 0.
[NX Daemon Server] - 2025-01-13T20:29:33.920Z - [WATCHER]: Processing file changes in outputs
[NX Daemon Server] - 2025-01-13T20:29:33.920Z - Time taken for 'changed-projects' 0.050208000000566244ms
[NX Daemon Server] - 2025-01-13T20:29:34.020Z - [REQUEST]: Updated workspace context based on watched changes, recomputing project graph...
[NX Daemon Server] - 2025-01-13T20:29:34.021Z - [REQUEST]: libs/utils/src/tests/setupFiles.ts
[NX Daemon Server] - 2025-01-13T20:29:34.021Z - [REQUEST]: 
[NX Daemon Server] - 2025-01-13T20:29:34.023Z - Time taken for 'hash changed files from watcher' 0.20458299992606044ms
[NX Daemon Server] - 2025-01-13T20:29:34.030Z - Time taken for 'build-project-configs' 7.475875000003725ms
[NX Daemon Server] - 2025-01-13T20:29:34.042Z - [SYNC]: collect registered sync generators
[NX Daemon Server] - 2025-01-13T20:29:34.042Z - [SYNC]: project graph hash is the same, not collecting task sync generators
[NX Daemon Server] - 2025-01-13T20:29:34.042Z - [SYNC]: nx.json hash is the same, not collecting global sync generators
[NX Daemon Server] - 2025-01-13T20:29:34.042Z - Time taken for 'total execution time for createProjectGraph()' 9.216874999925494ms
[NX Daemon Server] - 2025-01-13T20:29:34.924Z - Established a connection. Number of open connections: 3
[NX Daemon Server] - 2025-01-13T20:29:34.926Z - [REQUEST]: Client Request for Project Graph Received
[NX Daemon Server] - 2025-01-13T20:29:34.926Z - [REQUEST]: Responding to the client. project-graph
[NX Daemon Server] - 2025-01-13T20:29:34.927Z - Time taken for 'total for creating and serializing project graph' 0.3127089999616146ms
[NX Daemon Server] - 2025-01-13T20:29:34.927Z - Closed a connection. Number of open connections: 2
[NX Daemon Server] - 2025-01-13T20:29:34.929Z - Done responding to the client project-graph
[NX Daemon Server] - 2025-01-13T20:29:34.929Z - Handled REQUEST_PROJECT_GRAPH. Handling time: 0. Response time: 3.
[NX Daemon Server] - 2025-01-13T20:29:34.931Z - [REQUEST]: Responding to the client. handleContextFileData
[NX Daemon Server] - 2025-01-13T20:29:34.931Z - Done responding to the client handleContextFileData
[NX Daemon Server] - 2025-01-13T20:29:34.931Z - Handled GET_CONTEXT_FILE_DATA. Handling time: 0. Response time: 0.
[NX Daemon Server] - 2025-01-13T20:29:34.932Z - Closed a connection. Number of open connections: 1
[NX Daemon Server] - 2025-01-13T20:29:34.936Z - Closed a connection. Number of open connections: 0
[NX Daemon Server] - 2025-01-13T20:29:34.937Z - Established a connection. Number of open connections: 1
[NX Daemon Server] - 2025-01-13T20:29:34.937Z - Established a connection. Number of open connections: 2
[NX Daemon Server] - 2025-01-13T20:29:34.938Z - Closed a connection. Number of open connections: 1
[NX Daemon Server] - 2025-01-13T20:29:34.938Z - [REQUEST]: Client Request for Project Graph Received
[NX Daemon Server] - 2025-01-13T20:29:34.938Z - [REQUEST]: Responding to the client. project-graph
[NX Daemon Server] - 2025-01-13T20:29:34.938Z - Time taken for 'total for creating and serializing project graph' 0.09204099979251623ms
[NX Daemon Server] - 2025-01-13T20:29:34.938Z - Done responding to the client project-graph
[NX Daemon Server] - 2025-01-13T20:29:34.938Z - Handled REQUEST_PROJECT_GRAPH. Handling time: 0. Response time: 0.
[NX Daemon Server] - 2025-01-13T20:29:34.939Z - [REQUEST]: Client Request for Project Graph Received
[NX Daemon Server] - 2025-01-13T20:29:34.939Z - [REQUEST]: Responding to the client. project-graph
[NX Daemon Server] - 2025-01-13T20:29:34.940Z - Time taken for 'total for creating and serializing project graph' 0.060000000055879354ms
[NX Daemon Server] - 2025-01-13T20:29:34.940Z - Done responding to the client project-graph
[NX Daemon Server] - 2025-01-13T20:29:34.940Z - Handled REQUEST_PROJECT_GRAPH. Handling time: 0. Response time: 1.
[NX Daemon Server] - 2025-01-13T20:29:34.941Z - Established a connection. Number of open connections: 2
[NX Daemon Server] - 2025-01-13T20:29:42.142Z - [WATCHER]: Processing file changes in outputs
[NX Daemon Server] - 2025-01-13T20:29:42.143Z - [WATCHER]: libs/utils/src/tests/setupFiles.ts was modified
[NX Daemon Server] - 2025-01-13T20:29:42.143Z - [REQUEST]: Responding to the client. File watch changed
[NX Daemon Server] - 2025-01-13T20:29:42.143Z - Done responding to the client File watch changed
[NX Daemon Server] - 2025-01-13T20:29:42.143Z - Handled FILE-WATCH-CHANGED. Handling time: 0. Response time: 0.
[NX Daemon Server] - 2025-01-13T20:29:42.143Z - Time taken for 'changed-projects' 0.039083000272512436ms
[NX Daemon Server] - 2025-01-13T20:29:42.244Z - [REQUEST]: Updated workspace context based on watched changes, recomputing project graph...
[NX Daemon Server] - 2025-01-13T20:29:42.244Z - [REQUEST]: libs/utils/src/tests/setupFiles.ts
[NX Daemon Server] - 2025-01-13T20:29:42.244Z - [REQUEST]: 
[NX Daemon Server] - 2025-01-13T20:29:42.248Z - Time taken for 'hash changed files from watcher' 0.25650000013411045ms
[NX Daemon Server] - 2025-01-13T20:29:42.258Z - Time taken for 'build-project-configs' 10.704249999951571ms
[NX Daemon Server] - 2025-01-13T20:29:42.269Z - [SYNC]: collect registered sync generators
[NX Daemon Server] - 2025-01-13T20:29:42.269Z - [SYNC]: project graph hash is the same, not collecting task sync generators
[NX Daemon Server] - 2025-01-13T20:29:42.269Z - [SYNC]: nx.json hash is the same, not collecting global sync generators
[NX Daemon Server] - 2025-01-13T20:29:42.269Z - Time taken for 'total execution time for createProjectGraph()' 8.468125000130385ms
[NX Daemon Server] - 2025-01-13T20:29:43.148Z - Established a connection. Number of open connections: 3
[NX Daemon Server] - 2025-01-13T20:29:43.149Z - [REQUEST]: Client Request for Project Graph Received
[NX Daemon Server] - 2025-01-13T20:29:43.149Z - [REQUEST]: Responding to the client. project-graph
[NX Daemon Server] - 2025-01-13T20:29:43.149Z - Time taken for 'total for creating and serializing project graph' 0.16116600017994642ms
[NX Daemon Server] - 2025-01-13T20:29:43.149Z - Closed a connection. Number of open connections: 2
[NX Daemon Server] - 2025-01-13T20:29:43.150Z - Done responding to the client project-graph
[NX Daemon Server] - 2025-01-13T20:29:43.150Z - Handled REQUEST_PROJECT_GRAPH. Handling time: 0. Response time: 1.
[NX Daemon Server] - 2025-01-13T20:29:43.152Z - [REQUEST]: Responding to the client. handleContextFileData
[NX Daemon Server] - 2025-01-13T20:29:43.152Z - Done responding to the client handleContextFileData
[NX Daemon Server] - 2025-01-13T20:29:43.152Z - Handled GET_CONTEXT_FILE_DATA. Handling time: 0. Response time: 0.
[NX Daemon Server] - 2025-01-13T20:29:43.153Z - Closed a connection. Number of open connections: 1
[NX Daemon Server] - 2025-01-13T20:29:43.157Z - Closed a connection. Number of open connections: 0
[NX Daemon Server] - 2025-01-13T20:29:43.157Z - Established a connection. Number of open connections: 1
[NX Daemon Server] - 2025-01-13T20:29:43.157Z - Established a connection. Number of open connections: 2
[NX Daemon Server] - 2025-01-13T20:29:43.157Z - Closed a connection. Number of open connections: 1
[NX Daemon Server] - 2025-01-13T20:29:43.158Z - [REQUEST]: Client Request for Project Graph Received
[NX Daemon Server] - 2025-01-13T20:29:43.158Z - [REQUEST]: Responding to the client. project-graph
[NX Daemon Server] - 2025-01-13T20:29:43.158Z - Time taken for 'total for creating and serializing project graph' 0.10066699981689453ms
[NX Daemon Server] - 2025-01-13T20:29:43.159Z - Done responding to the client project-graph
[NX Daemon Server] - 2025-01-13T20:29:43.159Z - Handled REQUEST_PROJECT_GRAPH. Handling time: 0. Response time: 1.
[NX Daemon Server] - 2025-01-13T20:29:43.160Z - [REQUEST]: Client Request for Project Graph Received
[NX Daemon Server] - 2025-01-13T20:29:43.160Z - [REQUEST]: Responding to the client. project-graph
[NX Daemon Server] - 2025-01-13T20:29:43.160Z - Time taken for 'total for creating and serializing project graph' 0.0707910000346601ms
[NX Daemon Server] - 2025-01-13T20:29:43.161Z - Done responding to the client project-graph
[NX Daemon Server] - 2025-01-13T20:29:43.161Z - Handled REQUEST_PROJECT_GRAPH. Handling time: 0. Response time: 1.
[NX Daemon Server] - 2025-01-13T20:29:43.162Z - Established a connection. Number of open connections: 2
[NX Daemon Server] - 2025-01-13T20:29:48.838Z - [WATCHER]: libs/utils/src/tests/setupFiles.ts was modified
[NX Daemon Server] - 2025-01-13T20:29:48.838Z - [REQUEST]: Responding to the client. File watch changed
[NX Daemon Server] - 2025-01-13T20:29:48.838Z - Done responding to the client File watch changed
[NX Daemon Server] - 2025-01-13T20:29:48.838Z - Handled FILE-WATCH-CHANGED. Handling time: 0. Response time: 0.
[NX Daemon Server] - 2025-01-13T20:29:48.838Z - [WATCHER]: Processing file changes in outputs
[NX Daemon Server] - 2025-01-13T20:29:48.839Z - Time taken for 'changed-projects' 0.06737500010058284ms
[NX Daemon Server] - 2025-01-13T20:29:48.939Z - [REQUEST]: Updated workspace context based on watched changes, recomputing project graph...
[NX Daemon Server] - 2025-01-13T20:29:48.939Z - [REQUEST]: libs/utils/src/tests/setupFiles.ts
[NX Daemon Server] - 2025-01-13T20:29:48.939Z - [REQUEST]: 
[NX Daemon Server] - 2025-01-13T20:29:48.940Z - Time taken for 'hash changed files from watcher' 0.09600000036880374ms
[NX Daemon Server] - 2025-01-13T20:29:48.945Z - Time taken for 'build-project-configs' 4.26070800004527ms
[NX Daemon Server] - 2025-01-13T20:29:48.953Z - [SYNC]: collect registered sync generators
[NX Daemon Server] - 2025-01-13T20:29:48.954Z - [SYNC]: project graph hash is the same, not collecting task sync generators
[NX Daemon Server] - 2025-01-13T20:29:48.954Z - [SYNC]: nx.json hash is the same, not collecting global sync generators
[NX Daemon Server] - 2025-01-13T20:29:48.954Z - Time taken for 'total execution time for createProjectGraph()' 7.428707999642938ms
[NX Daemon Server] - 2025-01-13T20:29:49.843Z - Established a connection. Number of open connections: 3
[NX Daemon Server] - 2025-01-13T20:29:49.843Z - [REQUEST]: Client Request for Project Graph Received
[NX Daemon Server] - 2025-01-13T20:29:49.843Z - [REQUEST]: Responding to the client. project-graph
[NX Daemon Server] - 2025-01-13T20:29:49.844Z - Time taken for 'total for creating and serializing project graph' 0.18533300003036857ms
[NX Daemon Server] - 2025-01-13T20:29:49.844Z - Closed a connection. Number of open connections: 2
[NX Daemon Server] - 2025-01-13T20:29:49.845Z - Done responding to the client project-graph
[NX Daemon Server] - 2025-01-13T20:29:49.845Z - Handled REQUEST_PROJECT_GRAPH. Handling time: 0. Response time: 2.
[NX Daemon Server] - 2025-01-13T20:29:49.847Z - [REQUEST]: Responding to the client. handleContextFileData
[NX Daemon Server] - 2025-01-13T20:29:49.847Z - Done responding to the client handleContextFileData
[NX Daemon Server] - 2025-01-13T20:29:49.847Z - Handled GET_CONTEXT_FILE_DATA. Handling time: 0. Response time: 0.
[NX Daemon Server] - 2025-01-13T20:29:49.847Z - Closed a connection. Number of open connections: 1
[NX Daemon Server] - 2025-01-13T20:29:49.850Z - Closed a connection. Number of open connections: 0
[NX Daemon Server] - 2025-01-13T20:29:49.851Z - Established a connection. Number of open connections: 1
[NX Daemon Server] - 2025-01-13T20:29:49.851Z - Established a connection. Number of open connections: 2
[NX Daemon Server] - 2025-01-13T20:29:49.851Z - Closed a connection. Number of open connections: 1
[NX Daemon Server] - 2025-01-13T20:29:49.851Z - [REQUEST]: Client Request for Project Graph Received
[NX Daemon Server] - 2025-01-13T20:29:49.851Z - [REQUEST]: Responding to the client. project-graph
[NX Daemon Server] - 2025-01-13T20:29:49.851Z - Time taken for 'total for creating and serializing project graph' 0.091624999884516ms
[NX Daemon Server] - 2025-01-13T20:29:49.851Z - Done responding to the client project-graph
[NX Daemon Server] - 2025-01-13T20:29:49.851Z - Handled REQUEST_PROJECT_GRAPH. Handling time: 0. Response time: 0.
[NX Daemon Server] - 2025-01-13T20:29:49.853Z - [REQUEST]: Client Request for Project Graph Received
[NX Daemon Server] - 2025-01-13T20:29:49.853Z - [REQUEST]: Responding to the client. project-graph
[NX Daemon Server] - 2025-01-13T20:29:49.853Z - Time taken for 'total for creating and serializing project graph' 0.10670900018885732ms
[NX Daemon Server] - 2025-01-13T20:29:49.854Z - Done responding to the client project-graph
[NX Daemon Server] - 2025-01-13T20:29:49.854Z - Handled REQUEST_PROJECT_GRAPH. Handling time: 0. Response time: 1.
[NX Daemon Server] - 2025-01-13T20:29:49.855Z - Established a connection. Number of open connections: 2
[NX Daemon Server] - 2025-01-13T20:30:01.430Z - [WATCHER]: libs/utils/src/tests/setupFiles.ts was modified
[NX Daemon Server] - 2025-01-13T20:30:01.430Z - [REQUEST]: Responding to the client. File watch changed
[NX Daemon Server] - 2025-01-13T20:30:01.430Z - Done responding to the client File watch changed
[NX Daemon Server] - 2025-01-13T20:30:01.430Z - Handled FILE-WATCH-CHANGED. Handling time: 0. Response time: 0.
[NX Daemon Server] - 2025-01-13T20:30:01.430Z - [WATCHER]: Processing file changes in outputs
[NX Daemon Server] - 2025-01-13T20:30:01.430Z - Time taken for 'changed-projects' 0.060750000178813934ms
[NX Daemon Server] - 2025-01-13T20:30:01.532Z - [REQUEST]: Updated workspace context based on watched changes, recomputing project graph...
[NX Daemon Server] - 2025-01-13T20:30:01.532Z - [REQUEST]: libs/utils/src/tests/setupFiles.ts
[NX Daemon Server] - 2025-01-13T20:30:01.532Z - [REQUEST]: 
[NX Daemon Server] - 2025-01-13T20:30:01.533Z - Time taken for 'hash changed files from watcher' 0.15433300007134676ms
[NX Daemon Server] - 2025-01-13T20:30:01.540Z - Time taken for 'build-project-configs' 6.1510830000042915ms
[NX Daemon Server] - 2025-01-13T20:30:01.550Z - [SYNC]: collect registered sync generators
[NX Daemon Server] - 2025-01-13T20:30:01.550Z - [SYNC]: project graph hash is the same, not collecting task sync generators
[NX Daemon Server] - 2025-01-13T20:30:01.550Z - [SYNC]: nx.json hash is the same, not collecting global sync generators
[NX Daemon Server] - 2025-01-13T20:30:01.550Z - Time taken for 'total execution time for createProjectGraph()' 8.712833000347018ms
[NX Daemon Server] - 2025-01-13T20:30:02.433Z - Established a connection. Number of open connections: 3
[NX Daemon Server] - 2025-01-13T20:30:02.434Z - [REQUEST]: Client Request for Project Graph Received
[NX Daemon Server] - 2025-01-13T20:30:02.434Z - [REQUEST]: Responding to the client. project-graph
[NX Daemon Server] - 2025-01-13T20:30:02.434Z - Time taken for 'total for creating and serializing project graph' 0.1986250001937151ms
[NX Daemon Server] - 2025-01-13T20:30:02.434Z - Closed a connection. Number of open connections: 2
[NX Daemon Server] - 2025-01-13T20:30:02.436Z - Done responding to the client project-graph
[NX Daemon Server] - 2025-01-13T20:30:02.436Z - Handled REQUEST_PROJECT_GRAPH. Handling time: 0. Response time: 2.
[NX Daemon Server] - 2025-01-13T20:30:02.438Z - [REQUEST]: Responding to the client. handleContextFileData
[NX Daemon Server] - 2025-01-13T20:30:02.438Z - Done responding to the client handleContextFileData
[NX Daemon Server] - 2025-01-13T20:30:02.438Z - Handled GET_CONTEXT_FILE_DATA. Handling time: 0. Response time: 0.
[NX Daemon Server] - 2025-01-13T20:30:02.439Z - Closed a connection. Number of open connections: 1
[NX Daemon Server] - 2025-01-13T20:30:02.444Z - Closed a connection. Number of open connections: 0
[NX Daemon Server] - 2025-01-13T20:30:02.444Z - Established a connection. Number of open connections: 1
[NX Daemon Server] - 2025-01-13T20:30:02.444Z - Established a connection. Number of open connections: 2
[NX Daemon Server] - 2025-01-13T20:30:02.444Z - Closed a connection. Number of open connections: 1
[NX Daemon Server] - 2025-01-13T20:30:02.445Z - [REQUEST]: Client Request for Project Graph Received
[NX Daemon Server] - 2025-01-13T20:30:02.445Z - [REQUEST]: Responding to the client. project-graph
[NX Daemon Server] - 2025-01-13T20:30:02.445Z - Time taken for 'total for creating and serializing project graph' 0.10070799989625812ms
[NX Daemon Server] - 2025-01-13T20:30:02.445Z - Done responding to the client project-graph
[NX Daemon Server] - 2025-01-13T20:30:02.445Z - Handled REQUEST_PROJECT_GRAPH. Handling time: 0. Response time: 0.
[NX Daemon Server] - 2025-01-13T20:30:02.447Z - [REQUEST]: Client Request for Project Graph Received
[NX Daemon Server] - 2025-01-13T20:30:02.447Z - [REQUEST]: Responding to the client. project-graph
[NX Daemon Server] - 2025-01-13T20:30:02.447Z - Time taken for 'total for creating and serializing project graph' 0.09054199978709221ms
[NX Daemon Server] - 2025-01-13T20:30:02.448Z - Done responding to the client project-graph
[NX Daemon Server] - 2025-01-13T20:30:02.448Z - Handled REQUEST_PROJECT_GRAPH. Handling time: 0. Response time: 1.
[NX Daemon Server] - 2025-01-13T20:30:02.449Z - Established a connection. Number of open connections: 2
[NX Daemon Server] - 2025-01-13T20:30:37.539Z - [WATCHER]: libs/utils/vitest.config.ts was modified
[NX Daemon Server] - 2025-01-13T20:30:37.539Z - [REQUEST]: Responding to the client. File watch changed
[NX Daemon Server] - 2025-01-13T20:30:37.540Z - Done responding to the client File watch changed
[NX Daemon Server] - 2025-01-13T20:30:37.540Z - Handled FILE-WATCH-CHANGED. Handling time: 0. Response time: 1.
[NX Daemon Server] - 2025-01-13T20:30:37.540Z - [WATCHER]: Processing file changes in outputs
[NX Daemon Server] - 2025-01-13T20:30:37.540Z - Time taken for 'changed-projects' 0.1109169996343553ms
[NX Daemon Server] - 2025-01-13T20:30:37.641Z - [REQUEST]: Updated workspace context based on watched changes, recomputing project graph...
[NX Daemon Server] - 2025-01-13T20:30:37.641Z - [REQUEST]: libs/utils/vitest.config.ts
[NX Daemon Server] - 2025-01-13T20:30:37.642Z - [REQUEST]: 
[NX Daemon Server] - 2025-01-13T20:30:37.644Z - Time taken for 'hash changed files from watcher' 0.18424999993294477ms
[NX Daemon Server] - 2025-01-13T20:30:37.657Z - Time taken for 'build-project-configs' 12.930250000208616ms
[NX Daemon Server] - 2025-01-13T20:30:37.668Z - [SYNC]: collect registered sync generators
[NX Daemon Server] - 2025-01-13T20:30:37.668Z - [SYNC]: project graph hash is the same, not collecting task sync generators
[NX Daemon Server] - 2025-01-13T20:30:37.668Z - [SYNC]: nx.json hash is the same, not collecting global sync generators
[NX Daemon Server] - 2025-01-13T20:30:37.668Z - Time taken for 'total execution time for createProjectGraph()' 8.19820800004527ms
[NX Daemon Server] - 2025-01-13T20:30:38.546Z - Established a connection. Number of open connections: 3
[NX Daemon Server] - 2025-01-13T20:30:38.546Z - [REQUEST]: Client Request for Project Graph Received
[NX Daemon Server] - 2025-01-13T20:30:38.547Z - [REQUEST]: Responding to the client. project-graph
[NX Daemon Server] - 2025-01-13T20:30:38.547Z - Time taken for 'total for creating and serializing project graph' 0.16062500001862645ms
[NX Daemon Server] - 2025-01-13T20:30:38.547Z - Closed a connection. Number of open connections: 2
[NX Daemon Server] - 2025-01-13T20:30:38.549Z - Done responding to the client project-graph
[NX Daemon Server] - 2025-01-13T20:30:38.549Z - Handled REQUEST_PROJECT_GRAPH. Handling time: 1. Response time: 2.
[NX Daemon Server] - 2025-01-13T20:30:38.551Z - [REQUEST]: Responding to the client. handleContextFileData
[NX Daemon Server] - 2025-01-13T20:30:38.551Z - Done responding to the client handleContextFileData
[NX Daemon Server] - 2025-01-13T20:30:38.551Z - Handled GET_CONTEXT_FILE_DATA. Handling time: 0. Response time: 0.
[NX Daemon Server] - 2025-01-13T20:30:38.551Z - Closed a connection. Number of open connections: 1
[NX Daemon Server] - 2025-01-13T20:30:38.558Z - Closed a connection. Number of open connections: 0
[NX Daemon Server] - 2025-01-13T20:30:38.559Z - Established a connection. Number of open connections: 1
[NX Daemon Server] - 2025-01-13T20:30:38.559Z - Established a connection. Number of open connections: 2
[NX Daemon Server] - 2025-01-13T20:30:38.559Z - Closed a connection. Number of open connections: 1
[NX Daemon Server] - 2025-01-13T20:30:38.559Z - [REQUEST]: Client Request for Project Graph Received
[NX Daemon Server] - 2025-01-13T20:30:38.559Z - [REQUEST]: Responding to the client. project-graph
[NX Daemon Server] - 2025-01-13T20:30:38.560Z - Time taken for 'total for creating and serializing project graph' 0.09679200034588575ms
[NX Daemon Server] - 2025-01-13T20:30:38.560Z - Done responding to the client project-graph
[NX Daemon Server] - 2025-01-13T20:30:38.560Z - Handled REQUEST_PROJECT_GRAPH. Handling time: 0. Response time: 1.
[NX Daemon Server] - 2025-01-13T20:30:38.561Z - [REQUEST]: Client Request for Project Graph Received
[NX Daemon Server] - 2025-01-13T20:30:38.561Z - [REQUEST]: Responding to the client. project-graph
[NX Daemon Server] - 2025-01-13T20:30:38.561Z - Time taken for 'total for creating and serializing project graph' 0.06691600009799004ms
[NX Daemon Server] - 2025-01-13T20:30:38.562Z - Done responding to the client project-graph
[NX Daemon Server] - 2025-01-13T20:30:38.562Z - Handled REQUEST_PROJECT_GRAPH. Handling time: 0. Response time: 1.
[NX Daemon Server] - 2025-01-13T20:30:38.563Z - Established a connection. Number of open connections: 2
[NX Daemon Server] - 2025-01-13T20:30:43.982Z - [WATCHER]: Processing file changes in outputs
[NX Daemon Server] - 2025-01-13T20:30:43.983Z - [WATCHER]: libs/ui-components/vite.config.js.timestamp-1736800243919-cbaeb092ac801.mjs was deleted
[NX Daemon Server] - 2025-01-13T20:30:43.984Z - [REQUEST]: Responding to the client. File watch changed
[NX Daemon Server] - 2025-01-13T20:30:43.984Z - Done responding to the client File watch changed
[NX Daemon Server] - 2025-01-13T20:30:43.984Z - Handled FILE-WATCH-CHANGED. Handling time: 1. Response time: 0.
[NX Daemon Server] - 2025-01-13T20:30:43.984Z - Time taken for 'changed-projects' 0.07325000036507845ms
[NX Daemon Server] - 2025-01-13T20:30:44.085Z - [REQUEST]: Updated workspace context based on watched changes, recomputing project graph...
[NX Daemon Server] - 2025-01-13T20:30:44.085Z - [REQUEST]: 
[NX Daemon Server] - 2025-01-13T20:30:44.085Z - [REQUEST]: libs/ui-components/vite.config.js.timestamp-1736800243919-cbaeb092ac801.mjs
[NX Daemon Server] - 2025-01-13T20:30:44.086Z - Time taken for 'hash changed files from watcher' 0.12149999989196658ms
[NX Daemon Server] - 2025-01-13T20:30:44.096Z - Time taken for 'build-project-configs' 9.021874999627471ms
[NX Daemon Server] - 2025-01-13T20:30:44.103Z - [SYNC]: collect registered sync generators
[NX Daemon Server] - 2025-01-13T20:30:44.104Z - [SYNC]: project graph hash is the same, not collecting task sync generators
[NX Daemon Server] - 2025-01-13T20:30:44.104Z - [SYNC]: nx.json hash is the same, not collecting global sync generators
[NX Daemon Server] - 2025-01-13T20:30:44.104Z - Time taken for 'total execution time for createProjectGraph()' 6.134249999653548ms
[NX Daemon Server] - 2025-01-13T20:30:44.985Z - Established a connection. Number of open connections: 3
[NX Daemon Server] - 2025-01-13T20:30:44.985Z - [REQUEST]: Client Request for Project Graph Received
[NX Daemon Server] - 2025-01-13T20:30:44.985Z - [REQUEST]: Responding to the client. project-graph
[NX Daemon Server] - 2025-01-13T20:30:44.986Z - Time taken for 'total for creating and serializing project graph' 0.11074999999254942ms
[NX Daemon Server] - 2025-01-13T20:30:44.986Z - Closed a connection. Number of open connections: 2
[NX Daemon Server] - 2025-01-13T20:30:44.988Z - Done responding to the client project-graph
[NX Daemon Server] - 2025-01-13T20:30:44.988Z - Handled REQUEST_PROJECT_GRAPH. Handling time: 0. Response time: 3.
[NX Daemon Server] - 2025-01-13T20:30:44.990Z - [REQUEST]: Responding to the client. handleContextFileData
[NX Daemon Server] - 2025-01-13T20:30:44.990Z - Done responding to the client handleContextFileData
[NX Daemon Server] - 2025-01-13T20:30:44.990Z - Handled GET_CONTEXT_FILE_DATA. Handling time: 0. Response time: 0.
[NX Daemon Server] - 2025-01-13T20:30:44.990Z - Closed a connection. Number of open connections: 1
[NX Daemon Server] - 2025-01-13T20:30:44.994Z - Closed a connection. Number of open connections: 0
[NX Daemon Server] - 2025-01-13T20:30:44.995Z - Established a connection. Number of open connections: 1
[NX Daemon Server] - 2025-01-13T20:30:44.995Z - Established a connection. Number of open connections: 2
[NX Daemon Server] - 2025-01-13T20:30:44.995Z - Closed a connection. Number of open connections: 1
[NX Daemon Server] - 2025-01-13T20:30:44.995Z - [REQUEST]: Client Request for Project Graph Received
[NX Daemon Server] - 2025-01-13T20:30:44.995Z - [REQUEST]: Responding to the client. project-graph
[NX Daemon Server] - 2025-01-13T20:30:44.996Z - Time taken for 'total for creating and serializing project graph' 0.10174999991431832ms
[NX Daemon Server] - 2025-01-13T20:30:44.996Z - Done responding to the client project-graph
[NX Daemon Server] - 2025-01-13T20:30:44.996Z - Handled REQUEST_PROJECT_GRAPH. Handling time: 0. Response time: 1.
[NX Daemon Server] - 2025-01-13T20:30:44.997Z - [REQUEST]: Client Request for Project Graph Received
[NX Daemon Server] - 2025-01-13T20:30:44.997Z - [REQUEST]: Responding to the client. project-graph
[NX Daemon Server] - 2025-01-13T20:30:44.998Z - Time taken for 'total for creating and serializing project graph' 0.13166699977591634ms
[NX Daemon Server] - 2025-01-13T20:30:44.999Z - Done responding to the client project-graph
[NX Daemon Server] - 2025-01-13T20:30:44.999Z - Handled REQUEST_PROJECT_GRAPH. Handling time: 0. Response time: 2.
[NX Daemon Server] - 2025-01-13T20:30:45.000Z - Established a connection. Number of open connections: 2
[NX Daemon Server] - 2025-01-13T20:30:50.874Z - [WATCHER]: libs/utils/vitest.config.ts was modified
[NX Daemon Server] - 2025-01-13T20:30:50.875Z - [REQUEST]: Responding to the client. File watch changed
[NX Daemon Server] - 2025-01-13T20:30:50.875Z - Done responding to the client File watch changed
[NX Daemon Server] - 2025-01-13T20:30:50.875Z - Handled FILE-WATCH-CHANGED. Handling time: 0. Response time: 0.
[NX Daemon Server] - 2025-01-13T20:30:50.875Z - [WATCHER]: Processing file changes in outputs
[NX Daemon Server] - 2025-01-13T20:30:50.875Z - Time taken for 'changed-projects' 0.09141700016334653ms
[NX Daemon Server] - 2025-01-13T20:30:50.975Z - [REQUEST]: Updated workspace context based on watched changes, recomputing project graph...
[NX Daemon Server] - 2025-01-13T20:30:50.975Z - [REQUEST]: libs/utils/vitest.config.ts
[NX Daemon Server] - 2025-01-13T20:30:50.975Z - [REQUEST]: 
[NX Daemon Server] - 2025-01-13T20:30:50.978Z - Time taken for 'hash changed files from watcher' 0.1490420000627637ms
[NX Daemon Server] - 2025-01-13T20:30:50.985Z - Time taken for 'build-project-configs' 6.93375000031665ms
[NX Daemon Server] - 2025-01-13T20:30:50.994Z - [SYNC]: collect registered sync generators
[NX Daemon Server] - 2025-01-13T20:30:50.994Z - [SYNC]: project graph hash is the same, not collecting task sync generators
[NX Daemon Server] - 2025-01-13T20:30:50.994Z - [SYNC]: nx.json hash is the same, not collecting global sync generators
[NX Daemon Server] - 2025-01-13T20:30:50.994Z - Time taken for 'total execution time for createProjectGraph()' 7.567000000271946ms
[NX Daemon Server] - 2025-01-13T20:30:51.878Z - Established a connection. Number of open connections: 3
[NX Daemon Server] - 2025-01-13T20:30:51.879Z - [REQUEST]: Client Request for Project Graph Received
[NX Daemon Server] - 2025-01-13T20:30:51.879Z - [REQUEST]: Responding to the client. project-graph
[NX Daemon Server] - 2025-01-13T20:30:51.879Z - Time taken for 'total for creating and serializing project graph' 0.12645800039172173ms
[NX Daemon Server] - 2025-01-13T20:30:51.879Z - Closed a connection. Number of open connections: 2
[NX Daemon Server] - 2025-01-13T20:30:51.880Z - Done responding to the client project-graph
[NX Daemon Server] - 2025-01-13T20:30:51.880Z - Handled REQUEST_PROJECT_GRAPH. Handling time: 0. Response time: 1.
[NX Daemon Server] - 2025-01-13T20:30:51.882Z - [REQUEST]: Responding to the client. handleContextFileData
[NX Daemon Server] - 2025-01-13T20:30:51.882Z - Done responding to the client handleContextFileData
[NX Daemon Server] - 2025-01-13T20:30:51.882Z - Handled GET_CONTEXT_FILE_DATA. Handling time: 1. Response time: 0.
[NX Daemon Server] - 2025-01-13T20:30:51.882Z - Closed a connection. Number of open connections: 1
[NX Daemon Server] - 2025-01-13T20:30:51.885Z - Closed a connection. Number of open connections: 0
[NX Daemon Server] - 2025-01-13T20:30:51.885Z - Established a connection. Number of open connections: 1
[NX Daemon Server] - 2025-01-13T20:30:51.885Z - Established a connection. Number of open connections: 2
[NX Daemon Server] - 2025-01-13T20:30:51.885Z - Closed a connection. Number of open connections: 1
[NX Daemon Server] - 2025-01-13T20:30:51.886Z - [REQUEST]: Client Request for Project Graph Received
[NX Daemon Server] - 2025-01-13T20:30:51.886Z - [REQUEST]: Responding to the client. project-graph
[NX Daemon Server] - 2025-01-13T20:30:51.886Z - Time taken for 'total for creating and serializing project graph' 0.08420799998566508ms
[NX Daemon Server] - 2025-01-13T20:30:51.886Z - Done responding to the client project-graph
[NX Daemon Server] - 2025-01-13T20:30:51.886Z - Handled REQUEST_PROJECT_GRAPH. Handling time: 0. Response time: 0.
[NX Daemon Server] - 2025-01-13T20:30:51.887Z - [REQUEST]: Client Request for Project Graph Received
[NX Daemon Server] - 2025-01-13T20:30:51.887Z - [REQUEST]: Responding to the client. project-graph
[NX Daemon Server] - 2025-01-13T20:30:51.888Z - Time taken for 'total for creating and serializing project graph' 0.09720900002866983ms
[NX Daemon Server] - 2025-01-13T20:30:51.892Z - Done responding to the client project-graph
[NX Daemon Server] - 2025-01-13T20:30:51.892Z - Handled REQUEST_PROJECT_GRAPH. Handling time: 0. Response time: 5.
[NX Daemon Server] - 2025-01-13T20:30:51.894Z - Established a connection. Number of open connections: 2
[NX Daemon Server] - 2025-01-13T20:30:57.789Z - [WATCHER]: libs/ui-components/vite.config.js.timestamp-1736800257730-fafe1875f89d6.mjs was deleted
[NX Daemon Server] - 2025-01-13T20:30:57.789Z - [REQUEST]: Responding to the client. File watch changed
[NX Daemon Server] - 2025-01-13T20:30:57.789Z - Done responding to the client File watch changed
[NX Daemon Server] - 2025-01-13T20:30:57.789Z - Handled FILE-WATCH-CHANGED. Handling time: 0. Response time: 0.
[NX Daemon Server] - 2025-01-13T20:30:57.789Z - [WATCHER]: Processing file changes in outputs
[NX Daemon Server] - 2025-01-13T20:30:57.789Z - Time taken for 'changed-projects' 0.04524999996647239ms
[NX Daemon Server] - 2025-01-13T20:30:57.888Z - [REQUEST]: Updated workspace context based on watched changes, recomputing project graph...
[NX Daemon Server] - 2025-01-13T20:30:57.888Z - [REQUEST]: 
[NX Daemon Server] - 2025-01-13T20:30:57.889Z - [REQUEST]: libs/ui-components/vite.config.js.timestamp-1736800257730-fafe1875f89d6.mjs
[NX Daemon Server] - 2025-01-13T20:30:57.890Z - Time taken for 'hash changed files from watcher' 0.0947089996188879ms
[NX Daemon Server] - 2025-01-13T20:30:57.894Z - Time taken for 'build-project-configs' 3.996999999973923ms
[NX Daemon Server] - 2025-01-13T20:30:57.903Z - [SYNC]: collect registered sync generators
[NX Daemon Server] - 2025-01-13T20:30:57.903Z - [SYNC]: project graph hash is the same, not collecting task sync generators
[NX Daemon Server] - 2025-01-13T20:30:57.903Z - [SYNC]: nx.json hash is the same, not collecting global sync generators
[NX Daemon Server] - 2025-01-13T20:30:57.903Z - Time taken for 'total execution time for createProjectGraph()' 6.96487500006333ms
[NX Daemon Server] - 2025-01-13T20:30:58.791Z - Established a connection. Number of open connections: 3
[NX Daemon Server] - 2025-01-13T20:30:58.792Z - [REQUEST]: Client Request for Project Graph Received
[NX Daemon Server] - 2025-01-13T20:30:58.792Z - [REQUEST]: Responding to the client. project-graph
[NX Daemon Server] - 2025-01-13T20:30:58.792Z - Time taken for 'total for creating and serializing project graph' 0.18529100017622113ms
[NX Daemon Server] - 2025-01-13T20:30:58.792Z - Closed a connection. Number of open connections: 2
[NX Daemon Server] - 2025-01-13T20:30:58.793Z - Done responding to the client project-graph
[NX Daemon Server] - 2025-01-13T20:30:58.793Z - Handled REQUEST_PROJECT_GRAPH. Handling time: 0. Response time: 1.
[NX Daemon Server] - 2025-01-13T20:30:58.795Z - [REQUEST]: Responding to the client. handleContextFileData
[NX Daemon Server] - 2025-01-13T20:30:58.795Z - Done responding to the client handleContextFileData
[NX Daemon Server] - 2025-01-13T20:30:58.795Z - Handled GET_CONTEXT_FILE_DATA. Handling time: 0. Response time: 0.
[NX Daemon Server] - 2025-01-13T20:30:58.795Z - Closed a connection. Number of open connections: 1
[NX Daemon Server] - 2025-01-13T20:30:58.799Z - Closed a connection. Number of open connections: 0
[NX Daemon Server] - 2025-01-13T20:30:58.800Z - Established a connection. Number of open connections: 1
[NX Daemon Server] - 2025-01-13T20:30:58.800Z - Established a connection. Number of open connections: 2
[NX Daemon Server] - 2025-01-13T20:30:58.800Z - Closed a connection. Number of open connections: 1
[NX Daemon Server] - 2025-01-13T20:30:58.800Z - [REQUEST]: Client Request for Project Graph Received
[NX Daemon Server] - 2025-01-13T20:30:58.800Z - [REQUEST]: Responding to the client. project-graph
[NX Daemon Server] - 2025-01-13T20:30:58.801Z - Time taken for 'total for creating and serializing project graph' 0.122165999840945ms
[NX Daemon Server] - 2025-01-13T20:30:58.801Z - Done responding to the client project-graph
[NX Daemon Server] - 2025-01-13T20:30:58.801Z - Handled REQUEST_PROJECT_GRAPH. Handling time: 0. Response time: 1.
[NX Daemon Server] - 2025-01-13T20:30:58.803Z - [REQUEST]: Client Request for Project Graph Received
[NX Daemon Server] - 2025-01-13T20:30:58.803Z - [REQUEST]: Responding to the client. project-graph
[NX Daemon Server] - 2025-01-13T20:30:58.803Z - Time taken for 'total for creating and serializing project graph' 0.10545899998396635ms
[NX Daemon Server] - 2025-01-13T20:30:58.803Z - Done responding to the client project-graph
[NX Daemon Server] - 2025-01-13T20:30:58.803Z - Handled REQUEST_PROJECT_GRAPH. Handling time: 0. Response time: 0.
[NX Daemon Server] - 2025-01-13T20:30:58.804Z - Established a connection. Number of open connections: 2
[NX Daemon Server] - 2025-01-13T20:30:59.542Z - [WATCHER]: libs/utils/vitest.config.ts was modified
[NX Daemon Server] - 2025-01-13T20:30:59.542Z - [REQUEST]: Responding to the client. File watch changed
[NX Daemon Server] - 2025-01-13T20:30:59.542Z - Done responding to the client File watch changed
[NX Daemon Server] - 2025-01-13T20:30:59.542Z - Handled FILE-WATCH-CHANGED. Handling time: 0. Response time: 0.
[NX Daemon Server] - 2025-01-13T20:30:59.542Z - [WATCHER]: Processing file changes in outputs
[NX Daemon Server] - 2025-01-13T20:30:59.542Z - Time taken for 'changed-projects' 0.036832999903708696ms
[NX Daemon Server] - 2025-01-13T20:30:59.641Z - [REQUEST]: Updated workspace context based on watched changes, recomputing project graph...
[NX Daemon Server] - 2025-01-13T20:30:59.641Z - [REQUEST]: libs/utils/vitest.config.ts
[NX Daemon Server] - 2025-01-13T20:30:59.642Z - [REQUEST]: 
[NX Daemon Server] - 2025-01-13T20:30:59.643Z - Time taken for 'hash changed files from watcher' 0.14787499979138374ms
[NX Daemon Server] - 2025-01-13T20:30:59.650Z - Time taken for 'build-project-configs' 6.052750000264496ms
[NX Daemon Server] - 2025-01-13T20:30:59.661Z - [SYNC]: collect registered sync generators
[NX Daemon Server] - 2025-01-13T20:30:59.661Z - [SYNC]: project graph hash is the same, not collecting task sync generators
[NX Daemon Server] - 2025-01-13T20:30:59.661Z - [SYNC]: nx.json hash is the same, not collecting global sync generators
[NX Daemon Server] - 2025-01-13T20:30:59.661Z - Time taken for 'total execution time for createProjectGraph()' 8.934625000227243ms
[NX Daemon Server] - 2025-01-13T20:31:00.545Z - Established a connection. Number of open connections: 3
[NX Daemon Server] - 2025-01-13T20:31:00.545Z - [REQUEST]: Client Request for Project Graph Received
[NX Daemon Server] - 2025-01-13T20:31:00.545Z - [REQUEST]: Responding to the client. project-graph
[NX Daemon Server] - 2025-01-13T20:31:00.545Z - Time taken for 'total for creating and serializing project graph' 0.08891700021922588ms
[NX Daemon Server] - 2025-01-13T20:31:00.545Z - Closed a connection. Number of open connections: 2
[NX Daemon Server] - 2025-01-13T20:31:00.546Z - Done responding to the client project-graph
[NX Daemon Server] - 2025-01-13T20:31:00.546Z - Handled REQUEST_PROJECT_GRAPH. Handling time: 0. Response time: 1.
[NX Daemon Server] - 2025-01-13T20:31:00.547Z - [REQUEST]: Responding to the client. handleContextFileData
[NX Daemon Server] - 2025-01-13T20:31:00.548Z - Done responding to the client handleContextFileData
[NX Daemon Server] - 2025-01-13T20:31:00.548Z - Handled GET_CONTEXT_FILE_DATA. Handling time: 0. Response time: 1.
[NX Daemon Server] - 2025-01-13T20:31:00.548Z - Closed a connection. Number of open connections: 1
[NX Daemon Server] - 2025-01-13T20:31:00.550Z - Closed a connection. Number of open connections: 0
[NX Daemon Server] - 2025-01-13T20:31:00.551Z - Established a connection. Number of open connections: 1
[NX Daemon Server] - 2025-01-13T20:31:00.551Z - Established a connection. Number of open connections: 2
[NX Daemon Server] - 2025-01-13T20:31:00.551Z - Closed a connection. Number of open connections: 1
[NX Daemon Server] - 2025-01-13T20:31:00.551Z - [REQUEST]: Client Request for Project Graph Received
[NX Daemon Server] - 2025-01-13T20:31:00.551Z - [REQUEST]: Responding to the client. project-graph
[NX Daemon Server] - 2025-01-13T20:31:00.551Z - Time taken for 'total for creating and serializing project graph' 0.059375000186264515ms
[NX Daemon Server] - 2025-01-13T20:31:00.551Z - Done responding to the client project-graph
[NX Daemon Server] - 2025-01-13T20:31:00.551Z - Handled REQUEST_PROJECT_GRAPH. Handling time: 0. Response time: 0.
[NX Daemon Server] - 2025-01-13T20:31:00.552Z - [REQUEST]: Client Request for Project Graph Received
[NX Daemon Server] - 2025-01-13T20:31:00.553Z - [REQUEST]: Responding to the client. project-graph
[NX Daemon Server] - 2025-01-13T20:31:00.553Z - Time taken for 'total for creating and serializing project graph' 0.08649999974295497ms
[NX Daemon Server] - 2025-01-13T20:31:00.553Z - Done responding to the client project-graph
[NX Daemon Server] - 2025-01-13T20:31:00.553Z - Handled REQUEST_PROJECT_GRAPH. Handling time: 1. Response time: 0.
[NX Daemon Server] - 2025-01-13T20:31:00.554Z - Established a connection. Number of open connections: 2
[NX Daemon Server] - 2025-01-13T20:31:01.969Z - [WATCHER]: libs/utils/vitest.config.ts was modified
[NX Daemon Server] - 2025-01-13T20:31:01.969Z - [REQUEST]: Responding to the client. File watch changed
[NX Daemon Server] - 2025-01-13T20:31:01.969Z - Done responding to the client File watch changed
[NX Daemon Server] - 2025-01-13T20:31:01.969Z - Handled FILE-WATCH-CHANGED. Handling time: 0. Response time: 0.
[NX Daemon Server] - 2025-01-13T20:31:01.970Z - [WATCHER]: Processing file changes in outputs
[NX Daemon Server] - 2025-01-13T20:31:01.970Z - Time taken for 'changed-projects' 0.05012499960139394ms
[NX Daemon Server] - 2025-01-13T20:31:02.070Z - [REQUEST]: Updated workspace context based on watched changes, recomputing project graph...
[NX Daemon Server] - 2025-01-13T20:31:02.070Z - [REQUEST]: libs/utils/vitest.config.ts
[NX Daemon Server] - 2025-01-13T20:31:02.070Z - [REQUEST]: 
[NX Daemon Server] - 2025-01-13T20:31:02.072Z - Time taken for 'hash changed files from watcher' 0.19274999992921948ms
[NX Daemon Server] - 2025-01-13T20:31:02.079Z - Time taken for 'build-project-configs' 6.139999999664724ms
[NX Daemon Server] - 2025-01-13T20:31:02.091Z - [SYNC]: collect registered sync generators
[NX Daemon Server] - 2025-01-13T20:31:02.091Z - [SYNC]: project graph hash is the same, not collecting task sync generators
[NX Daemon Server] - 2025-01-13T20:31:02.091Z - [SYNC]: nx.json hash is the same, not collecting global sync generators
[NX Daemon Server] - 2025-01-13T20:31:02.091Z - Time taken for 'total execution time for createProjectGraph()' 10.213332999963313ms
[NX Daemon Server] - 2025-01-13T20:31:02.975Z - Established a connection. Number of open connections: 3
[NX Daemon Server] - 2025-01-13T20:31:02.976Z - [REQUEST]: Client Request for Project Graph Received
[NX Daemon Server] - 2025-01-13T20:31:02.976Z - [REQUEST]: Responding to the client. project-graph
[NX Daemon Server] - 2025-01-13T20:31:02.977Z - Time taken for 'total for creating and serializing project graph' 0.40245799999684095ms
[NX Daemon Server] - 2025-01-13T20:31:02.977Z - Closed a connection. Number of open connections: 2
[NX Daemon Server] - 2025-01-13T20:31:02.979Z - Done responding to the client project-graph
[NX Daemon Server] - 2025-01-13T20:31:02.979Z - Handled REQUEST_PROJECT_GRAPH. Handling time: 0. Response time: 3.
[NX Daemon Server] - 2025-01-13T20:31:02.982Z - [REQUEST]: Responding to the client. handleContextFileData
[NX Daemon Server] - 2025-01-13T20:31:02.982Z - Done responding to the client handleContextFileData
[NX Daemon Server] - 2025-01-13T20:31:02.982Z - Handled GET_CONTEXT_FILE_DATA. Handling time: 0. Response time: 0.
[NX Daemon Server] - 2025-01-13T20:31:02.983Z - Closed a connection. Number of open connections: 1
[NX Daemon Server] - 2025-01-13T20:31:02.987Z - Closed a connection. Number of open connections: 0
[NX Daemon Server] - 2025-01-13T20:31:02.988Z - Established a connection. Number of open connections: 1
[NX Daemon Server] - 2025-01-13T20:31:02.988Z - Established a connection. Number of open connections: 2
[NX Daemon Server] - 2025-01-13T20:31:02.988Z - Closed a connection. Number of open connections: 1
[NX Daemon Server] - 2025-01-13T20:31:02.989Z - [REQUEST]: Client Request for Project Graph Received
[NX Daemon Server] - 2025-01-13T20:31:02.989Z - [REQUEST]: Responding to the client. project-graph
[NX Daemon Server] - 2025-01-13T20:31:02.989Z - Time taken for 'total for creating and serializing project graph' 0.13979100016877055ms
[NX Daemon Server] - 2025-01-13T20:31:02.990Z - Done responding to the client project-graph
[NX Daemon Server] - 2025-01-13T20:31:02.990Z - Handled REQUEST_PROJECT_GRAPH. Handling time: 0. Response time: 1.
[NX Daemon Server] - 2025-01-13T20:31:02.992Z - [REQUEST]: Client Request for Project Graph Received
[NX Daemon Server] - 2025-01-13T20:31:02.992Z - [REQUEST]: Responding to the client. project-graph
[NX Daemon Server] - 2025-01-13T20:31:02.992Z - Time taken for 'total for creating and serializing project graph' 0.142750000115484ms
[NX Daemon Server] - 2025-01-13T20:31:02.993Z - Done responding to the client project-graph
[NX Daemon Server] - 2025-01-13T20:31:02.993Z - Handled REQUEST_PROJECT_GRAPH. Handling time: 0. Response time: 1.
[NX Daemon Server] - 2025-01-13T20:31:02.995Z - Established a connection. Number of open connections: 2
[NX Daemon Server] - 2025-01-13T20:31:07.037Z - [WATCHER]: Processing file changes in outputs
[NX Daemon Server] - 2025-01-13T20:31:07.037Z - [WATCHER]: libs/ui-components/vite.config.js.timestamp-1736800266974-bf6ba58913443.mjs was deleted
[NX Daemon Server] - 2025-01-13T20:31:07.037Z - [REQUEST]: Responding to the client. File watch changed
[NX Daemon Server] - 2025-01-13T20:31:07.037Z - Done responding to the client File watch changed
[NX Daemon Server] - 2025-01-13T20:31:07.037Z - Handled FILE-WATCH-CHANGED. Handling time: 0. Response time: 0.
[NX Daemon Server] - 2025-01-13T20:31:07.038Z - Time taken for 'changed-projects' 0.054708000272512436ms
[NX Daemon Server] - 2025-01-13T20:31:07.138Z - [REQUEST]: Updated workspace context based on watched changes, recomputing project graph...
[NX Daemon Server] - 2025-01-13T20:31:07.138Z - [REQUEST]: 
[NX Daemon Server] - 2025-01-13T20:31:07.138Z - [REQUEST]: libs/ui-components/vite.config.js.timestamp-1736800266974-bf6ba58913443.mjs
[NX Daemon Server] - 2025-01-13T20:31:07.139Z - Time taken for 'hash changed files from watcher' 0.09108299994841218ms
[NX Daemon Server] - 2025-01-13T20:31:07.145Z - Time taken for 'build-project-configs' 4.347542000003159ms
[NX Daemon Server] - 2025-01-13T20:31:07.152Z - [SYNC]: collect registered sync generators
[NX Daemon Server] - 2025-01-13T20:31:07.152Z - [SYNC]: project graph hash is the same, not collecting task sync generators
[NX Daemon Server] - 2025-01-13T20:31:07.152Z - [SYNC]: nx.json hash is the same, not collecting global sync generators
[NX Daemon Server] - 2025-01-13T20:31:07.152Z - Time taken for 'total execution time for createProjectGraph()' 6.3198750000447035ms
[NX Daemon Server] - 2025-01-13T20:31:08.041Z - Established a connection. Number of open connections: 3
[NX Daemon Server] - 2025-01-13T20:31:08.042Z - [REQUEST]: Client Request for Project Graph Received
[NX Daemon Server] - 2025-01-13T20:31:08.042Z - [REQUEST]: Responding to the client. project-graph
[NX Daemon Server] - 2025-01-13T20:31:08.043Z - Time taken for 'total for creating and serializing project graph' 0.18045899970456958ms
[NX Daemon Server] - 2025-01-13T20:31:08.043Z - Closed a connection. Number of open connections: 2
[NX Daemon Server] - 2025-01-13T20:31:08.043Z - Done responding to the client project-graph
[NX Daemon Server] - 2025-01-13T20:31:08.044Z - Handled REQUEST_PROJECT_GRAPH. Handling time: 0. Response time: 2.
[NX Daemon Server] - 2025-01-13T20:31:08.046Z - [REQUEST]: Responding to the client. handleContextFileData
[NX Daemon Server] - 2025-01-13T20:31:08.046Z - Done responding to the client handleContextFileData
[NX Daemon Server] - 2025-01-13T20:31:08.046Z - Handled GET_CONTEXT_FILE_DATA. Handling time: 0. Response time: 0.
[NX Daemon Server] - 2025-01-13T20:31:08.047Z - Closed a connection. Number of open connections: 1
[NX Daemon Server] - 2025-01-13T20:31:08.051Z - Closed a connection. Number of open connections: 0
[NX Daemon Server] - 2025-01-13T20:31:08.052Z - Established a connection. Number of open connections: 1
[NX Daemon Server] - 2025-01-13T20:31:08.052Z - Established a connection. Number of open connections: 2
[NX Daemon Server] - 2025-01-13T20:31:08.052Z - Closed a connection. Number of open connections: 1
[NX Daemon Server] - 2025-01-13T20:31:08.053Z - [REQUEST]: Client Request for Project Graph Received
[NX Daemon Server] - 2025-01-13T20:31:08.053Z - [REQUEST]: Responding to the client. project-graph
[NX Daemon Server] - 2025-01-13T20:31:08.053Z - Time taken for 'total for creating and serializing project graph' 0.16274999966844916ms
[NX Daemon Server] - 2025-01-13T20:31:08.055Z - Done responding to the client project-graph
[NX Daemon Server] - 2025-01-13T20:31:08.055Z - Handled REQUEST_PROJECT_GRAPH. Handling time: 0. Response time: 2.
[NX Daemon Server] - 2025-01-13T20:31:08.056Z - [REQUEST]: Client Request for Project Graph Received
[NX Daemon Server] - 2025-01-13T20:31:08.056Z - [REQUEST]: Responding to the client. project-graph
[NX Daemon Server] - 2025-01-13T20:31:08.057Z - Time taken for 'total for creating and serializing project graph' 0.13145900005474687ms
[NX Daemon Server] - 2025-01-13T20:31:08.058Z - Done responding to the client project-graph
[NX Daemon Server] - 2025-01-13T20:31:08.058Z - Handled REQUEST_PROJECT_GRAPH. Handling time: 0. Response time: 2.
[NX Daemon Server] - 2025-01-13T20:31:08.059Z - Established a connection. Number of open connections: 2
[NX Daemon Server] - 2025-01-13T20:31:16.510Z - [WATCHER]: libs/utils/vitest.config.ts was modified
[NX Daemon Server] - 2025-01-13T20:31:16.511Z - [REQUEST]: Responding to the client. File watch changed
[NX Daemon Server] - 2025-01-13T20:31:16.511Z - Done responding to the client File watch changed
[NX Daemon Server] - 2025-01-13T20:31:16.511Z - Handled FILE-WATCH-CHANGED. Handling time: 0. Response time: 0.
[NX Daemon Server] - 2025-01-13T20:31:16.511Z - [WATCHER]: Processing file changes in outputs
[NX Daemon Server] - 2025-01-13T20:31:16.511Z - Time taken for 'changed-projects' 0.06708299973979592ms
[NX Daemon Server] - 2025-01-13T20:31:16.612Z - [REQUEST]: Updated workspace context based on watched changes, recomputing project graph...
[NX Daemon Server] - 2025-01-13T20:31:16.612Z - [REQUEST]: libs/utils/vitest.config.ts
[NX Daemon Server] - 2025-01-13T20:31:16.612Z - [REQUEST]: 
[NX Daemon Server] - 2025-01-13T20:31:16.614Z - Time taken for 'hash changed files from watcher' 0.20924999983981252ms
[NX Daemon Server] - 2025-01-13T20:31:16.623Z - Time taken for 'build-project-configs' 8.812874999828637ms
[NX Daemon Server] - 2025-01-13T20:31:16.635Z - [SYNC]: collect registered sync generators
[NX Daemon Server] - 2025-01-13T20:31:16.635Z - [SYNC]: project graph hash is the same, not collecting task sync generators
[NX Daemon Server] - 2025-01-13T20:31:16.635Z - [SYNC]: nx.json hash is the same, not collecting global sync generators
[NX Daemon Server] - 2025-01-13T20:31:16.635Z - Time taken for 'total execution time for createProjectGraph()' 9.07604099996388ms
[NX Daemon Server] - 2025-01-13T20:31:17.516Z - Established a connection. Number of open connections: 3
[NX Daemon Server] - 2025-01-13T20:31:17.517Z - [REQUEST]: Client Request for Project Graph Received
[NX Daemon Server] - 2025-01-13T20:31:17.517Z - [REQUEST]: Responding to the client. project-graph
[NX Daemon Server] - 2025-01-13T20:31:17.517Z - Time taken for 'total for creating and serializing project graph' 0.18220899999141693ms
[NX Daemon Server] - 2025-01-13T20:31:17.517Z - Closed a connection. Number of open connections: 2
[NX Daemon Server] - 2025-01-13T20:31:17.518Z - Done responding to the client project-graph
[NX Daemon Server] - 2025-01-13T20:31:17.518Z - Handled REQUEST_PROJECT_GRAPH. Handling time: 0. Response time: 1.
[NX Daemon Server] - 2025-01-13T20:31:17.522Z - [REQUEST]: Responding to the client. handleContextFileData
[NX Daemon Server] - 2025-01-13T20:31:17.522Z - Done responding to the client handleContextFileData
[NX Daemon Server] - 2025-01-13T20:31:17.522Z - Handled GET_CONTEXT_FILE_DATA. Handling time: 1. Response time: 0.
[NX Daemon Server] - 2025-01-13T20:31:17.522Z - Closed a connection. Number of open connections: 1
[NX Daemon Server] - 2025-01-13T20:31:17.526Z - Closed a connection. Number of open connections: 0
[NX Daemon Server] - 2025-01-13T20:31:17.526Z - Established a connection. Number of open connections: 1
[NX Daemon Server] - 2025-01-13T20:31:17.526Z - Established a connection. Number of open connections: 2
[NX Daemon Server] - 2025-01-13T20:31:17.527Z - Closed a connection. Number of open connections: 1
[NX Daemon Server] - 2025-01-13T20:31:17.527Z - [REQUEST]: Client Request for Project Graph Received
[NX Daemon Server] - 2025-01-13T20:31:17.527Z - [REQUEST]: Responding to the client. project-graph
[NX Daemon Server] - 2025-01-13T20:31:17.527Z - Time taken for 'total for creating and serializing project graph' 0.098709000274539ms
[NX Daemon Server] - 2025-01-13T20:31:17.527Z - Done responding to the client project-graph
[NX Daemon Server] - 2025-01-13T20:31:17.528Z - Handled REQUEST_PROJECT_GRAPH. Handling time: 0. Response time: 1.
[NX Daemon Server] - 2025-01-13T20:31:17.529Z - [REQUEST]: Client Request for Project Graph Received
[NX Daemon Server] - 2025-01-13T20:31:17.529Z - [REQUEST]: Responding to the client. project-graph
[NX Daemon Server] - 2025-01-13T20:31:17.529Z - Time taken for 'total for creating and serializing project graph' 0.09708300000056624ms
[NX Daemon Server] - 2025-01-13T20:31:17.530Z - Done responding to the client project-graph
[NX Daemon Server] - 2025-01-13T20:31:17.530Z - Handled REQUEST_PROJECT_GRAPH. Handling time: 0. Response time: 1.
[NX Daemon Server] - 2025-01-13T20:31:17.531Z - Established a connection. Number of open connections: 2
[NX Daemon Server] - 2025-01-13T20:31:17.597Z - [WATCHER]: libs/utils/vitest.config.ts was modified
[NX Daemon Server] - 2025-01-13T20:31:17.597Z - [REQUEST]: Responding to the client. File watch changed
[NX Daemon Server] - 2025-01-13T20:31:17.597Z - Done responding to the client File watch changed
[NX Daemon Server] - 2025-01-13T20:31:17.597Z - Handled FILE-WATCH-CHANGED. Handling time: 0. Response time: 0.
[NX Daemon Server] - 2025-01-13T20:31:17.597Z - [WATCHER]: Processing file changes in outputs
[NX Daemon Server] - 2025-01-13T20:31:17.597Z - Time taken for 'changed-projects' 0.03962500020861626ms
[NX Daemon Server] - 2025-01-13T20:31:17.698Z - [REQUEST]: Updated workspace context based on watched changes, recomputing project graph...
[NX Daemon Server] - 2025-01-13T20:31:17.698Z - [REQUEST]: libs/utils/vitest.config.ts
[NX Daemon Server] - 2025-01-13T20:31:17.698Z - [REQUEST]: 
[NX Daemon Server] - 2025-01-13T20:31:17.699Z - Time taken for 'hash changed files from watcher' 0.13395799975842237ms
[NX Daemon Server] - 2025-01-13T20:31:17.705Z - Time taken for 'build-project-configs' 5.384209000039846ms
[NX Daemon Server] - 2025-01-13T20:31:17.714Z - [SYNC]: collect registered sync generators
[NX Daemon Server] - 2025-01-13T20:31:17.714Z - [SYNC]: project graph hash is the same, not collecting task sync generators
[NX Daemon Server] - 2025-01-13T20:31:17.714Z - [SYNC]: nx.json hash is the same, not collecting global sync generators
[NX Daemon Server] - 2025-01-13T20:31:17.714Z - Time taken for 'total execution time for createProjectGraph()' 7.320541999768466ms
[NX Daemon Server] - 2025-01-13T20:31:18.601Z - Established a connection. Number of open connections: 3
[NX Daemon Server] - 2025-01-13T20:31:18.602Z - [REQUEST]: Client Request for Project Graph Received
[NX Daemon Server] - 2025-01-13T20:31:18.602Z - [REQUEST]: Responding to the client. project-graph
[NX Daemon Server] - 2025-01-13T20:31:18.603Z - Time taken for 'total for creating and serializing project graph' 0.2346250000409782ms
[NX Daemon Server] - 2025-01-13T20:31:18.603Z - Closed a connection. Number of open connections: 2
[NX Daemon Server] - 2025-01-13T20:31:18.604Z - Done responding to the client project-graph
[NX Daemon Server] - 2025-01-13T20:31:18.604Z - Handled REQUEST_PROJECT_GRAPH. Handling time: 0. Response time: 2.
[NX Daemon Server] - 2025-01-13T20:31:18.607Z - [REQUEST]: Responding to the client. handleContextFileData
[NX Daemon Server] - 2025-01-13T20:31:18.607Z - Done responding to the client handleContextFileData
[NX Daemon Server] - 2025-01-13T20:31:18.607Z - Handled GET_CONTEXT_FILE_DATA. Handling time: 0. Response time: 0.
[NX Daemon Server] - 2025-01-13T20:31:18.607Z - Closed a connection. Number of open connections: 1
[NX Daemon Server] - 2025-01-13T20:31:18.610Z - Closed a connection. Number of open connections: 0
[NX Daemon Server] - 2025-01-13T20:31:18.611Z - Established a connection. Number of open connections: 1
[NX Daemon Server] - 2025-01-13T20:31:18.611Z - Established a connection. Number of open connections: 2
[NX Daemon Server] - 2025-01-13T20:31:18.611Z - Closed a connection. Number of open connections: 1
[NX Daemon Server] - 2025-01-13T20:31:18.611Z - [REQUEST]: Client Request for Project Graph Received
[NX Daemon Server] - 2025-01-13T20:31:18.611Z - [REQUEST]: Responding to the client. project-graph
[NX Daemon Server] - 2025-01-13T20:31:18.611Z - Time taken for 'total for creating and serializing project graph' 0.07024999987334013ms
[NX Daemon Server] - 2025-01-13T20:31:18.612Z - Done responding to the client project-graph
[NX Daemon Server] - 2025-01-13T20:31:18.612Z - Handled REQUEST_PROJECT_GRAPH. Handling time: 0. Response time: 1.
[NX Daemon Server] - 2025-01-13T20:31:18.613Z - [REQUEST]: Client Request for Project Graph Received
[NX Daemon Server] - 2025-01-13T20:31:18.613Z - [REQUEST]: Responding to the client. project-graph
[NX Daemon Server] - 2025-01-13T20:31:18.613Z - Time taken for 'total for creating and serializing project graph' 0.05920800007879734ms
[NX Daemon Server] - 2025-01-13T20:31:18.613Z - Done responding to the client project-graph
[NX Daemon Server] - 2025-01-13T20:31:18.613Z - Handled REQUEST_PROJECT_GRAPH. Handling time: 0. Response time: 0.
[NX Daemon Server] - 2025-01-13T20:31:18.614Z - Established a connection. Number of open connections: 2
[NX Daemon Server] - 2025-01-13T20:31:24.103Z - [WATCHER]: libs/ui-components/vite.config.js.timestamp-1736800284040-c077eb70b8b86.mjs was deleted
[NX Daemon Server] - 2025-01-13T20:31:24.104Z - [REQUEST]: Responding to the client. File watch changed
[NX Daemon Server] - 2025-01-13T20:31:24.104Z - Done responding to the client File watch changed
[NX Daemon Server] - 2025-01-13T20:31:24.104Z - Handled FILE-WATCH-CHANGED. Handling time: 0. Response time: 0.
[NX Daemon Server] - 2025-01-13T20:31:24.104Z - [WATCHER]: Processing file changes in outputs
[NX Daemon Server] - 2025-01-13T20:31:24.104Z - Time taken for 'changed-projects' 0.05570799997076392ms
[NX Daemon Server] - 2025-01-13T20:31:24.204Z - [REQUEST]: Updated workspace context based on watched changes, recomputing project graph...
[NX Daemon Server] - 2025-01-13T20:31:24.204Z - [REQUEST]: 
[NX Daemon Server] - 2025-01-13T20:31:24.204Z - [REQUEST]: libs/ui-components/vite.config.js.timestamp-1736800284040-c077eb70b8b86.mjs
[NX Daemon Server] - 2025-01-13T20:31:24.205Z - Time taken for 'hash changed files from watcher' 0.15733399987220764ms
[NX Daemon Server] - 2025-01-13T20:31:24.212Z - Time taken for 'build-project-configs' 6.232207999564707ms
[NX Daemon Server] - 2025-01-13T20:31:24.220Z - [SYNC]: collect registered sync generators
[NX Daemon Server] - 2025-01-13T20:31:24.220Z - [SYNC]: project graph hash is the same, not collecting task sync generators
[NX Daemon Server] - 2025-01-13T20:31:24.220Z - [SYNC]: nx.json hash is the same, not collecting global sync generators
[NX Daemon Server] - 2025-01-13T20:31:24.220Z - Time taken for 'total execution time for createProjectGraph()' 6.465208000037819ms
[NX Daemon Server] - 2025-01-13T20:31:25.107Z - Established a connection. Number of open connections: 3
[NX Daemon Server] - 2025-01-13T20:31:25.107Z - [REQUEST]: Client Request for Project Graph Received
[NX Daemon Server] - 2025-01-13T20:31:25.107Z - [REQUEST]: Responding to the client. project-graph
[NX Daemon Server] - 2025-01-13T20:31:25.107Z - Time taken for 'total for creating and serializing project graph' 0.11041700001806021ms
[NX Daemon Server] - 2025-01-13T20:31:25.107Z - Closed a connection. Number of open connections: 2
[NX Daemon Server] - 2025-01-13T20:31:25.108Z - Done responding to the client project-graph
[NX Daemon Server] - 2025-01-13T20:31:25.109Z - Handled REQUEST_PROJECT_GRAPH. Handling time: 0. Response time: 2.
[NX Daemon Server] - 2025-01-13T20:31:25.110Z - [REQUEST]: Responding to the client. handleContextFileData
[NX Daemon Server] - 2025-01-13T20:31:25.110Z - Done responding to the client handleContextFileData
[NX Daemon Server] - 2025-01-13T20:31:25.110Z - Handled GET_CONTEXT_FILE_DATA. Handling time: 0. Response time: 0.
[NX Daemon Server] - 2025-01-13T20:31:25.110Z - Closed a connection. Number of open connections: 1
[NX Daemon Server] - 2025-01-13T20:31:25.113Z - Closed a connection. Number of open connections: 0
[NX Daemon Server] - 2025-01-13T20:31:25.114Z - Established a connection. Number of open connections: 1
[NX Daemon Server] - 2025-01-13T20:31:25.114Z - Established a connection. Number of open connections: 2
[NX Daemon Server] - 2025-01-13T20:31:25.114Z - Closed a connection. Number of open connections: 1
[NX Daemon Server] - 2025-01-13T20:31:25.114Z - [REQUEST]: Client Request for Project Graph Received
[NX Daemon Server] - 2025-01-13T20:31:25.114Z - [REQUEST]: Responding to the client. project-graph
[NX Daemon Server] - 2025-01-13T20:31:25.114Z - Time taken for 'total for creating and serializing project graph' 0.08333300007507205ms
[NX Daemon Server] - 2025-01-13T20:31:25.115Z - Done responding to the client project-graph
[NX Daemon Server] - 2025-01-13T20:31:25.115Z - Handled REQUEST_PROJECT_GRAPH. Handling time: 0. Response time: 1.
[NX Daemon Server] - 2025-01-13T20:31:25.116Z - [REQUEST]: Client Request for Project Graph Received
[NX Daemon Server] - 2025-01-13T20:31:25.116Z - [REQUEST]: Responding to the client. project-graph
[NX Daemon Server] - 2025-01-13T20:31:25.116Z - Time taken for 'total for creating and serializing project graph' 0.0984590002335608ms
[NX Daemon Server] - 2025-01-13T20:31:25.117Z - Done responding to the client project-graph
[NX Daemon Server] - 2025-01-13T20:31:25.117Z - Handled REQUEST_PROJECT_GRAPH. Handling time: 0. Response time: 1.
[NX Daemon Server] - 2025-01-13T20:31:25.118Z - Established a connection. Number of open connections: 2
[NX Daemon Server] - 2025-01-13T20:31:42.020Z - [WATCHER]: _tmp_44867_42ff2ba0636d35e8fb340699ff639d10 was deleted
[NX Daemon Server] - 2025-01-13T20:31:42.021Z - [REQUEST]: Responding to the client. File watch changed
[NX Daemon Server] - 2025-01-13T20:31:42.021Z - Done responding to the client File watch changed
[NX Daemon Server] - 2025-01-13T20:31:42.021Z - Handled FILE-WATCH-CHANGED. Handling time: 0. Response time: 0.
[NX Daemon Server] - 2025-01-13T20:31:42.021Z - [WATCHER]: Processing file changes in outputs
[NX Daemon Server] - 2025-01-13T20:31:42.021Z - Time taken for 'changed-projects' 0.22679200023412704ms
[NX Daemon Server] - 2025-01-13T20:31:42.122Z - [REQUEST]: Updated workspace context based on watched changes, recomputing project graph...
[NX Daemon Server] - 2025-01-13T20:31:42.122Z - [REQUEST]: 
[NX Daemon Server] - 2025-01-13T20:31:42.122Z - [REQUEST]: _tmp_44867_42ff2ba0636d35e8fb340699ff639d10
[NX Daemon Server] - 2025-01-13T20:31:42.127Z - Time taken for 'hash changed files from watcher' 0.28241699980571866ms
[NX Daemon Server] - 2025-01-13T20:31:42.136Z - Time taken for 'build-project-configs' 10.11041700001806ms
[NX Daemon Server] - 2025-01-13T20:31:42.143Z - [SYNC]: collect registered sync generators
[NX Daemon Server] - 2025-01-13T20:31:42.143Z - [SYNC]: project graph hash is the same, not collecting task sync generators
[NX Daemon Server] - 2025-01-13T20:31:42.143Z - [SYNC]: nx.json hash is the same, not collecting global sync generators
[NX Daemon Server] - 2025-01-13T20:31:42.143Z - Time taken for 'total execution time for createProjectGraph()' 6.226166999898851ms
[NX Daemon Server] - 2025-01-13T20:31:43.024Z - Established a connection. Number of open connections: 3
[NX Daemon Server] - 2025-01-13T20:31:43.024Z - [REQUEST]: Client Request for Project Graph Received
[NX Daemon Server] - 2025-01-13T20:31:43.024Z - [REQUEST]: Responding to the client. project-graph
[NX Daemon Server] - 2025-01-13T20:31:43.025Z - Time taken for 'total for creating and serializing project graph' 0.10525000002235174ms
[NX Daemon Server] - 2025-01-13T20:31:43.025Z - Closed a connection. Number of open connections: 2
[NX Daemon Server] - 2025-01-13T20:31:43.025Z - Done responding to the client project-graph
[NX Daemon Server] - 2025-01-13T20:31:43.025Z - Handled REQUEST_PROJECT_GRAPH. Handling time: 0. Response time: 1.
[NX Daemon Server] - 2025-01-13T20:31:43.027Z - [REQUEST]: Responding to the client. handleContextFileData
[NX Daemon Server] - 2025-01-13T20:31:43.027Z - Done responding to the client handleContextFileData
[NX Daemon Server] - 2025-01-13T20:31:43.027Z - Handled GET_CONTEXT_FILE_DATA. Handling time: 0. Response time: 0.
[NX Daemon Server] - 2025-01-13T20:31:43.027Z - Closed a connection. Number of open connections: 1
[NX Daemon Server] - 2025-01-13T20:31:43.032Z - Closed a connection. Number of open connections: 0
[NX Daemon Server] - 2025-01-13T20:31:43.032Z - Established a connection. Number of open connections: 1
[NX Daemon Server] - 2025-01-13T20:31:43.032Z - Established a connection. Number of open connections: 2
[NX Daemon Server] - 2025-01-13T20:31:43.032Z - Closed a connection. Number of open connections: 1
[NX Daemon Server] - 2025-01-13T20:31:43.032Z - [REQUEST]: Client Request for Project Graph Received
[NX Daemon Server] - 2025-01-13T20:31:43.032Z - [REQUEST]: Responding to the client. project-graph
[NX Daemon Server] - 2025-01-13T20:31:43.033Z - Time taken for 'total for creating and serializing project graph' 0.07570899976417422ms
[NX Daemon Server] - 2025-01-13T20:31:43.033Z - Done responding to the client project-graph
[NX Daemon Server] - 2025-01-13T20:31:43.033Z - Handled REQUEST_PROJECT_GRAPH. Handling time: 0. Response time: 1.
[NX Daemon Server] - 2025-01-13T20:31:43.034Z - [REQUEST]: Client Request for Project Graph Received
[NX Daemon Server] - 2025-01-13T20:31:43.034Z - [REQUEST]: Responding to the client. project-graph
[NX Daemon Server] - 2025-01-13T20:31:43.034Z - Time taken for 'total for creating and serializing project graph' 0.07462499989196658ms
[NX Daemon Server] - 2025-01-13T20:31:43.035Z - Done responding to the client project-graph
[NX Daemon Server] - 2025-01-13T20:31:43.035Z - Handled REQUEST_PROJECT_GRAPH. Handling time: 0. Response time: 1.
[NX Daemon Server] - 2025-01-13T20:31:43.036Z - Established a connection. Number of open connections: 2
[NX Daemon Server] - 2025-01-13T20:31:43.714Z - [WATCHER]: Processing file changes in outputs
[NX Daemon Server] - 2025-01-13T20:31:43.714Z - Closed a connection. Number of open connections: 1
[NX Daemon Server] - 2025-01-13T20:31:43.714Z - Closed a connection. Number of open connections: 0
[NX Daemon Server] - 2025-01-13T20:31:43.714Z - [WATCHER]: Stopping the watcher for /Users/maartenknijnenberg/www/projects/sport-tournament-manager (sources)
[NX Daemon Server] - 2025-01-13T20:31:43.714Z - [WATCHER]: Stopping the watcher for /Users/maartenknijnenberg/www/projects/sport-tournament-manager (outputs)
[NX Daemon Server] - 2025-01-13T20:31:48.812Z - Started listening on: /var/folders/nk/v_7mvsk16kx_l4f8sj9w5z0m0000gq/T/499a2e8040c8af505583/d.sock
[NX Daemon Server] - 2025-01-13T20:31:48.814Z - [WATCHER]: Subscribed to changes within: /Users/maartenknijnenberg/www/projects/sport-tournament-manager (native)
[NX Daemon Server] - 2025-01-13T20:31:48.820Z - Established a connection. Number of open connections: 1
[NX Daemon Server] - 2025-01-13T20:31:48.821Z - Closed a connection. Number of open connections: 0
[NX Daemon Server] - 2025-01-13T20:31:48.830Z - Established a connection. Number of open connections: 1
[NX Daemon Server] - 2025-01-13T20:31:48.830Z - Established a connection. Number of open connections: 2
[NX Daemon Server] - 2025-01-13T20:31:48.830Z - Closed a connection. Number of open connections: 1
[NX Daemon Server] - 2025-01-13T20:31:48.831Z - [REQUEST]: Client Request for Project Graph Received
[NX Daemon Server] - 2025-01-13T20:31:48.874Z - [WATCHER]: Processing file changes in outputs
[NX Daemon Server] - 2025-01-13T20:31:49.564Z - Time taken for 'Load Nx Plugin: /Users/maartenknijnenberg/www/projects/sport-tournament-manager/node_modules/.pnpm/nx@20.3.1_@swc+core@1.10.7/node_modules/nx/src/plugins/js' 732.580333000049ms
[NX Daemon Server] - 2025-01-13T20:31:50.190Z - Time taken for 'Load Nx Plugin: /Users/maartenknijnenberg/www/projects/sport-tournament-manager/node_modules/.pnpm/nx@20.3.1_@swc+core@1.10.7/node_modules/nx/src/plugins/package-json' 1357.7965830001049ms
[NX Daemon Server] - 2025-01-13T20:31:50.802Z - [REQUEST]: Updated workspace context based on watched changes, recomputing project graph...
[NX Daemon Server] - 2025-01-13T20:31:50.802Z - [REQUEST]: 
[NX Daemon Server] - 2025-01-13T20:31:50.802Z - [REQUEST]: 
[NX Daemon Server] - 2025-01-13T20:31:50.806Z - Time taken for 'loadNxPlugins' 1969.99445799971ms
[NX Daemon Server] - 2025-01-13T20:31:51.374Z - [WATCHER]: _tmp_45015_175ada36e726a082402a8b4fca217f8c was deleted
[NX Daemon Server] - 2025-01-13T20:31:51.374Z - [WATCHER]: Processing file changes in outputs
[NX Daemon Server] - 2025-01-13T20:31:51.475Z - [REQUEST]: Updated workspace context based on watched changes, recomputing project graph...
[NX Daemon Server] - 2025-01-13T20:31:51.475Z - [REQUEST]: 
[NX Daemon Server] - 2025-01-13T20:31:51.475Z - [REQUEST]: _tmp_45015_175ada36e726a082402a8b4fca217f8c
[NX Daemon Server] - 2025-01-13T20:31:51.476Z - Time taken for 'hash changed files from watcher' 0.20250000013038516ms
[NX Daemon Server] - 2025-01-13T20:31:51.951Z - Time taken for 'build-project-configs' 466.5114580001682ms
[NX Daemon Server] - 2025-01-13T20:31:51.953Z - Time taken for 'build-project-configs' 476.8194169998169ms
[NX Daemon Server] - 2025-01-13T20:31:51.974Z - [SYNC]: collect registered sync generators
[NX Daemon Server] - 2025-01-13T20:31:51.974Z - [REQUEST]: Responding to the client. project-graph
[NX Daemon Server] - 2025-01-13T20:31:51.975Z - Time taken for 'total for creating and serializing project graph' 3143.2974999998696ms
[NX Daemon Server] - 2025-01-13T20:31:51.976Z - Done responding to the client project-graph
[NX Daemon Server] - 2025-01-13T20:31:51.976Z - Handled REQUEST_PROJECT_GRAPH. Handling time: 3143. Response time: 2.
[NX Daemon Server] - 2025-01-13T20:31:51.978Z - [REQUEST]: Responding to the client. handleContextFileData
[NX Daemon Server] - 2025-01-13T20:31:51.978Z - Done responding to the client handleContextFileData
[NX Daemon Server] - 2025-01-13T20:31:51.978Z - Handled GET_CONTEXT_FILE_DATA. Handling time: 1. Response time: 0.
[NX Daemon Server] - 2025-01-13T20:31:51.978Z - Closed a connection. Number of open connections: 0
[NX Daemon Server] - 2025-01-13T20:31:51.983Z - [SYNC]: collect registered sync generators
[NX Daemon Server] - 2025-01-13T20:31:51.983Z - [SYNC]: project graph hash is the same, not collecting task sync generators
[NX Daemon Server] - 2025-01-13T20:31:51.983Z - [SYNC]: nx.json hash is the same, not collecting global sync generators
[NX Daemon Server] - 2025-01-13T20:31:51.983Z - Time taken for 'total execution time for createProjectGraph()' 28.175499999895692ms
[NX Daemon Server] - 2025-01-13T20:31:51.984Z - Established a connection. Number of open connections: 1
[NX Daemon Server] - 2025-01-13T20:31:51.985Z - Established a connection. Number of open connections: 2
[NX Daemon Server] - 2025-01-13T20:31:51.985Z - Closed a connection. Number of open connections: 1
[NX Daemon Server] - 2025-01-13T20:31:51.985Z - [REQUEST]: Client Request for Project Graph Received
[NX Daemon Server] - 2025-01-13T20:31:51.985Z - [REQUEST]: Responding to the client. project-graph
[NX Daemon Server] - 2025-01-13T20:31:51.985Z - Time taken for 'total for creating and serializing project graph' 0.09558399999514222ms
[NX Daemon Server] - 2025-01-13T20:31:51.986Z - Done responding to the client project-graph
[NX Daemon Server] - 2025-01-13T20:31:51.986Z - Handled REQUEST_PROJECT_GRAPH. Handling time: 0. Response time: 1.
[NX Daemon Server] - 2025-01-13T20:31:51.987Z - [REQUEST]: Client Request for Project Graph Received
[NX Daemon Server] - 2025-01-13T20:31:51.987Z - [REQUEST]: Responding to the client. project-graph
[NX Daemon Server] - 2025-01-13T20:31:51.988Z - Time taken for 'total for creating and serializing project graph' 0.17733300011605024ms
[NX Daemon Server] - 2025-01-13T20:31:51.989Z - Done responding to the client project-graph
[NX Daemon Server] - 2025-01-13T20:31:51.989Z - Handled REQUEST_PROJECT_GRAPH. Handling time: 0. Response time: 2.
[NX Daemon Server] - 2025-01-13T20:31:51.990Z - Established a connection. Number of open connections: 2
[NX Daemon Server] - 2025-01-13T20:31:52.377Z - Established a connection. Number of open connections: 3
[NX Daemon Server] - 2025-01-13T20:31:52.378Z - [REQUEST]: Client Request for Project Graph Received
[NX Daemon Server] - 2025-01-13T20:31:52.378Z - [REQUEST]: Responding to the client. project-graph
[NX Daemon Server] - 2025-01-13T20:31:52.378Z - Time taken for 'total for creating and serializing project graph' 0.11491600004956126ms
[NX Daemon Server] - 2025-01-13T20:31:52.378Z - Closed a connection. Number of open connections: 2
[NX Daemon Server] - 2025-01-13T20:31:52.378Z - Done responding to the client project-graph
[NX Daemon Server] - 2025-01-13T20:31:52.379Z - Handled REQUEST_PROJECT_GRAPH. Handling time: 0. Response time: 1.
[NX Daemon Server] - 2025-01-13T20:31:52.380Z - [REQUEST]: Responding to the client. handleContextFileData
[NX Daemon Server] - 2025-01-13T20:31:52.380Z - Done responding to the client handleContextFileData
[NX Daemon Server] - 2025-01-13T20:31:52.380Z - Handled GET_CONTEXT_FILE_DATA. Handling time: 0. Response time: 0.
[NX Daemon Server] - 2025-01-13T20:31:52.380Z - Closed a connection. Number of open connections: 1
[NX Daemon Server] - 2025-01-13T20:31:52.383Z - Closed a connection. Number of open connections: 0
[NX Daemon Server] - 2025-01-13T20:31:52.383Z - Established a connection. Number of open connections: 1
[NX Daemon Server] - 2025-01-13T20:31:52.383Z - Established a connection. Number of open connections: 2
[NX Daemon Server] - 2025-01-13T20:31:52.383Z - Closed a connection. Number of open connections: 1
[NX Daemon Server] - 2025-01-13T20:31:52.383Z - [REQUEST]: Client Request for Project Graph Received
[NX Daemon Server] - 2025-01-13T20:31:52.383Z - [REQUEST]: Responding to the client. project-graph
[NX Daemon Server] - 2025-01-13T20:31:52.384Z - Time taken for 'total for creating and serializing project graph' 0.08700000029057264ms
[NX Daemon Server] - 2025-01-13T20:31:52.384Z - Done responding to the client project-graph
[NX Daemon Server] - 2025-01-13T20:31:52.384Z - Handled REQUEST_PROJECT_GRAPH. Handling time: 0. Response time: 1.
[NX Daemon Server] - 2025-01-13T20:31:52.385Z - [REQUEST]: Client Request for Project Graph Received
[NX Daemon Server] - 2025-01-13T20:31:52.385Z - [REQUEST]: Responding to the client. project-graph
[NX Daemon Server] - 2025-01-13T20:31:52.385Z - Time taken for 'total for creating and serializing project graph' 0.07870900025591254ms
[NX Daemon Server] - 2025-01-13T20:31:52.385Z - Done responding to the client project-graph
[NX Daemon Server] - 2025-01-13T20:31:52.386Z - Handled REQUEST_PROJECT_GRAPH. Handling time: 0. Response time: 1.
[NX Daemon Server] - 2025-01-13T20:31:52.386Z - Established a connection. Number of open connections: 2
[NX Daemon Server] - 2025-01-13T20:31:53.107Z - [WATCHER]: Processing file changes in outputs
[NX Daemon Server] - 2025-01-13T20:31:53.107Z - Closed a connection. Number of open connections: 1
[NX Daemon Server] - 2025-01-13T20:31:53.107Z - Closed a connection. Number of open connections: 0
[NX Daemon Server] - 2025-01-13T20:31:53.107Z - [WATCHER]: Stopping the watcher for /Users/maartenknijnenberg/www/projects/sport-tournament-manager (sources)
[NX Daemon Server] - 2025-01-13T20:31:53.107Z - [WATCHER]: Stopping the watcher for /Users/maartenknijnenberg/www/projects/sport-tournament-manager (outputs)
[NX Daemon Server] - 2025-01-13T20:32:02.526Z - Started listening on: /var/folders/nk/v_7mvsk16kx_l4f8sj9w5z0m0000gq/T/499a2e8040c8af505583/d.sock
[NX Daemon Server] - 2025-01-13T20:32:02.528Z - [WATCHER]: Subscribed to changes within: /Users/maartenknijnenberg/www/projects/sport-tournament-manager (native)
[NX Daemon Server] - 2025-01-13T20:32:02.529Z - Established a connection. Number of open connections: 1
[NX Daemon Server] - 2025-01-13T20:32:02.530Z - Closed a connection. Number of open connections: 0
[NX Daemon Server] - 2025-01-13T20:32:02.537Z - Established a connection. Number of open connections: 1
[NX Daemon Server] - 2025-01-13T20:32:02.537Z - Established a connection. Number of open connections: 2
[NX Daemon Server] - 2025-01-13T20:32:02.538Z - Closed a connection. Number of open connections: 1
[NX Daemon Server] - 2025-01-13T20:32:02.538Z - [REQUEST]: Client Request for Project Graph Received
[NX Daemon Server] - 2025-01-13T20:32:02.588Z - [WATCHER]: Processing file changes in outputs
[NX Daemon Server] - 2025-01-13T20:32:03.238Z - Time taken for 'Load Nx Plugin: /Users/maartenknijnenberg/www/projects/sport-tournament-manager/node_modules/.pnpm/nx@20.3.1_@swc+core@1.10.7/node_modules/nx/src/plugins/js' 699.060541999992ms
[NX Daemon Server] - 2025-01-13T20:32:03.840Z - Time taken for 'Load Nx Plugin: /Users/maartenknijnenberg/www/projects/sport-tournament-manager/node_modules/.pnpm/nx@20.3.1_@swc+core@1.10.7/node_modules/nx/src/plugins/package-json' 1301.5101250000298ms
[NX Daemon Server] - 2025-01-13T20:32:04.451Z - [REQUEST]: Updated workspace context based on watched changes, recomputing project graph...
[NX Daemon Server] - 2025-01-13T20:32:04.451Z - [REQUEST]: 
[NX Daemon Server] - 2025-01-13T20:32:04.451Z - [REQUEST]: 
[NX Daemon Server] - 2025-01-13T20:32:04.455Z - Time taken for 'loadNxPlugins' 1912.2830000002868ms
[NX Daemon Server] - 2025-01-13T20:32:05.388Z - Time taken for 'build-project-configs' 927.4489579997025ms
[NX Daemon Server] - 2025-01-13T20:32:05.404Z - [SYNC]: collect registered sync generators
[NX Daemon Server] - 2025-01-13T20:32:05.404Z - [REQUEST]: Responding to the client. project-graph
[NX Daemon Server] - 2025-01-13T20:32:05.404Z - Time taken for 'total for creating and serializing project graph' 2865.9783339998685ms
[NX Daemon Server] - 2025-01-13T20:32:05.404Z - Done responding to the client project-graph
[NX Daemon Server] - 2025-01-13T20:32:05.404Z - Handled REQUEST_PROJECT_GRAPH. Handling time: 2866. Response time: 0.
[NX Daemon Server] - 2025-01-13T20:32:05.406Z - [REQUEST]: Responding to the client. handleContextFileData
[NX Daemon Server] - 2025-01-13T20:32:05.406Z - Done responding to the client handleContextFileData
[NX Daemon Server] - 2025-01-13T20:32:05.406Z - Handled GET_CONTEXT_FILE_DATA. Handling time: 0. Response time: 0.
[NX Daemon Server] - 2025-01-13T20:32:05.407Z - Closed a connection. Number of open connections: 0
[NX Daemon Server] - 2025-01-13T20:32:05.411Z - Established a connection. Number of open connections: 1
[NX Daemon Server] - 2025-01-13T20:32:05.411Z - Established a connection. Number of open connections: 2
[NX Daemon Server] - 2025-01-13T20:32:05.411Z - Closed a connection. Number of open connections: 1
[NX Daemon Server] - 2025-01-13T20:32:05.411Z - [REQUEST]: Client Request for Project Graph Received
[NX Daemon Server] - 2025-01-13T20:32:05.412Z - [REQUEST]: Responding to the client. project-graph
[NX Daemon Server] - 2025-01-13T20:32:05.412Z - Time taken for 'total for creating and serializing project graph' 0.16554199997335672ms
[NX Daemon Server] - 2025-01-13T20:32:05.413Z - Done responding to the client project-graph
[NX Daemon Server] - 2025-01-13T20:32:05.413Z - Handled REQUEST_PROJECT_GRAPH. Handling time: 1. Response time: 1.
[NX Daemon Server] - 2025-01-13T20:32:05.414Z - [REQUEST]: Client Request for Project Graph Received
[NX Daemon Server] - 2025-01-13T20:32:05.414Z - [REQUEST]: Responding to the client. project-graph
[NX Daemon Server] - 2025-01-13T20:32:05.414Z - Time taken for 'total for creating and serializing project graph' 0.07195799984037876ms
[NX Daemon Server] - 2025-01-13T20:32:05.414Z - Done responding to the client project-graph
[NX Daemon Server] - 2025-01-13T20:32:05.414Z - Handled REQUEST_PROJECT_GRAPH. Handling time: 0. Response time: 0.
[NX Daemon Server] - 2025-01-13T20:32:05.415Z - Established a connection. Number of open connections: 2
[NX Daemon Server] - 2025-01-13T20:32:14.107Z - [WATCHER]: _tmp_45327_e9f9aee9c919c31cc25d54f187edd221 was deleted
[NX Daemon Server] - 2025-01-13T20:32:14.108Z - [REQUEST]: Responding to the client. File watch changed
[NX Daemon Server] - 2025-01-13T20:32:14.108Z - Done responding to the client File watch changed
[NX Daemon Server] - 2025-01-13T20:32:14.108Z - Handled FILE-WATCH-CHANGED. Handling time: 0. Response time: 0.
[NX Daemon Server] - 2025-01-13T20:32:14.108Z - [WATCHER]: Processing file changes in outputs
[NX Daemon Server] - 2025-01-13T20:32:14.108Z - Time taken for 'changed-projects' 0.14058299968019128ms
[NX Daemon Server] - 2025-01-13T20:32:14.208Z - [REQUEST]: Updated workspace context based on watched changes, recomputing project graph...
[NX Daemon Server] - 2025-01-13T20:32:14.208Z - [REQUEST]: 
[NX Daemon Server] - 2025-01-13T20:32:14.208Z - [REQUEST]: _tmp_45327_e9f9aee9c919c31cc25d54f187edd221
[NX Daemon Server] - 2025-01-13T20:32:14.211Z - Time taken for 'hash changed files from watcher' 0.1646670000627637ms
[NX Daemon Server] - 2025-01-13T20:32:14.220Z - Time taken for 'build-project-configs' 9.335833000019193ms
[NX Daemon Server] - 2025-01-13T20:32:14.229Z - [SYNC]: collect registered sync generators
[NX Daemon Server] - 2025-01-13T20:32:14.229Z - [SYNC]: project graph hash is the same, not collecting task sync generators
[NX Daemon Server] - 2025-01-13T20:32:14.229Z - [SYNC]: nx.json hash is the same, not collecting global sync generators
[NX Daemon Server] - 2025-01-13T20:32:14.230Z - Time taken for 'total execution time for createProjectGraph()' 7.380082999821752ms
[NX Daemon Server] - 2025-01-13T20:32:15.111Z - Established a connection. Number of open connections: 3
[NX Daemon Server] - 2025-01-13T20:32:15.112Z - [REQUEST]: Client Request for Project Graph Received
[NX Daemon Server] - 2025-01-13T20:32:15.112Z - [REQUEST]: Responding to the client. project-graph
[NX Daemon Server] - 2025-01-13T20:32:15.112Z - Time taken for 'total for creating and serializing project graph' 0.12912499997764826ms
[NX Daemon Server] - 2025-01-13T20:32:15.112Z - Closed a connection. Number of open connections: 2
[NX Daemon Server] - 2025-01-13T20:32:15.113Z - Done responding to the client project-graph
[NX Daemon Server] - 2025-01-13T20:32:15.113Z - Handled REQUEST_PROJECT_GRAPH. Handling time: 0. Response time: 1.
[NX Daemon Server] - 2025-01-13T20:32:15.115Z - [REQUEST]: Responding to the client. handleContextFileData
[NX Daemon Server] - 2025-01-13T20:32:15.115Z - Done responding to the client handleContextFileData
[NX Daemon Server] - 2025-01-13T20:32:15.115Z - Handled GET_CONTEXT_FILE_DATA. Handling time: 1. Response time: 0.
[NX Daemon Server] - 2025-01-13T20:32:15.115Z - Closed a connection. Number of open connections: 1
[NX Daemon Server] - 2025-01-13T20:32:15.117Z - Closed a connection. Number of open connections: 0
[NX Daemon Server] - 2025-01-13T20:32:15.117Z - Established a connection. Number of open connections: 1
[NX Daemon Server] - 2025-01-13T20:32:15.118Z - Established a connection. Number of open connections: 2
[NX Daemon Server] - 2025-01-13T20:32:15.118Z - Closed a connection. Number of open connections: 1
[NX Daemon Server] - 2025-01-13T20:32:15.118Z - [REQUEST]: Client Request for Project Graph Received
[NX Daemon Server] - 2025-01-13T20:32:15.118Z - [REQUEST]: Responding to the client. project-graph
[NX Daemon Server] - 2025-01-13T20:32:15.118Z - Time taken for 'total for creating and serializing project graph' 0.06670799991115928ms
[NX Daemon Server] - 2025-01-13T20:32:15.118Z - Done responding to the client project-graph
[NX Daemon Server] - 2025-01-13T20:32:15.118Z - Handled REQUEST_PROJECT_GRAPH. Handling time: 0. Response time: 0.
[NX Daemon Server] - 2025-01-13T20:32:15.119Z - [REQUEST]: Client Request for Project Graph Received
[NX Daemon Server] - 2025-01-13T20:32:15.119Z - [REQUEST]: Responding to the client. project-graph
[NX Daemon Server] - 2025-01-13T20:32:15.119Z - Time taken for 'total for creating and serializing project graph' 0.07958399970084429ms
[NX Daemon Server] - 2025-01-13T20:32:15.120Z - Done responding to the client project-graph
[NX Daemon Server] - 2025-01-13T20:32:15.120Z - Handled REQUEST_PROJECT_GRAPH. Handling time: 0. Response time: 1.
[NX Daemon Server] - 2025-01-13T20:32:15.121Z - Established a connection. Number of open connections: 2
[NX Daemon Server] - 2025-01-13T20:32:15.783Z - [WATCHER]: Processing file changes in outputs
[NX Daemon Server] - 2025-01-13T20:32:15.784Z - Closed a connection. Number of open connections: 1
[NX Daemon Server] - 2025-01-13T20:32:15.784Z - Closed a connection. Number of open connections: 0
[NX Daemon Server] - 2025-01-13T20:32:15.784Z - [WATCHER]: Stopping the watcher for /Users/maartenknijnenberg/www/projects/sport-tournament-manager (sources)
[NX Daemon Server] - 2025-01-13T20:32:15.784Z - [WATCHER]: Stopping the watcher for /Users/maartenknijnenberg/www/projects/sport-tournament-manager (outputs)
[NX Daemon Server] - 2025-01-13T20:32:20.606Z - Started listening on: /var/folders/nk/v_7mvsk16kx_l4f8sj9w5z0m0000gq/T/499a2e8040c8af505583/d.sock
[NX Daemon Server] - 2025-01-13T20:32:20.608Z - [WATCHER]: Subscribed to changes within: /Users/maartenknijnenberg/www/projects/sport-tournament-manager (native)
[NX Daemon Server] - 2025-01-13T20:32:20.612Z - Established a connection. Number of open connections: 1
[NX Daemon Server] - 2025-01-13T20:32:20.613Z - Closed a connection. Number of open connections: 0
[NX Daemon Server] - 2025-01-13T20:32:20.621Z - Established a connection. Number of open connections: 1
[NX Daemon Server] - 2025-01-13T20:32:20.622Z - Established a connection. Number of open connections: 2
[NX Daemon Server] - 2025-01-13T20:32:20.622Z - Closed a connection. Number of open connections: 1
[NX Daemon Server] - 2025-01-13T20:32:20.622Z - [REQUEST]: Client Request for Project Graph Received
[NX Daemon Server] - 2025-01-13T20:32:20.669Z - [WATCHER]: Processing file changes in outputs
[NX Daemon Server] - 2025-01-13T20:32:21.322Z - Time taken for 'Load Nx Plugin: /Users/maartenknijnenberg/www/projects/sport-tournament-manager/node_modules/.pnpm/nx@20.3.1_@swc+core@1.10.7/node_modules/nx/src/plugins/js' 698.6044999998994ms
[NX Daemon Server] - 2025-01-13T20:32:21.927Z - Time taken for 'Load Nx Plugin: /Users/maartenknijnenberg/www/projects/sport-tournament-manager/node_modules/.pnpm/nx@20.3.1_@swc+core@1.10.7/node_modules/nx/src/plugins/project-json/build-nodes/project-json' 1303.3640000000596ms
[NX Daemon Server] - 2025-01-13T20:32:22.530Z - [REQUEST]: Updated workspace context based on watched changes, recomputing project graph...
[NX Daemon Server] - 2025-01-13T20:32:22.530Z - [REQUEST]: 
[NX Daemon Server] - 2025-01-13T20:32:22.531Z - [REQUEST]: 
[NX Daemon Server] - 2025-01-13T20:32:22.534Z - Time taken for 'loadNxPlugins' 1907.3817090000957ms
[NX Daemon Server] - 2025-01-13T20:32:23.414Z - Time taken for 'build-project-configs' 873.874499999918ms
[NX Daemon Server] - 2025-01-13T20:32:23.432Z - [SYNC]: collect registered sync generators
[NX Daemon Server] - 2025-01-13T20:32:23.432Z - [REQUEST]: Responding to the client. project-graph
[NX Daemon Server] - 2025-01-13T20:32:23.433Z - Time taken for 'total for creating and serializing project graph' 2810.238291999791ms
[NX Daemon Server] - 2025-01-13T20:32:23.433Z - Done responding to the client project-graph
[NX Daemon Server] - 2025-01-13T20:32:23.433Z - Handled REQUEST_PROJECT_GRAPH. Handling time: 2810. Response time: 1.
[NX Daemon Server] - 2025-01-13T20:32:23.434Z - [REQUEST]: Responding to the client. handleContextFileData
[NX Daemon Server] - 2025-01-13T20:32:23.435Z - Done responding to the client handleContextFileData
[NX Daemon Server] - 2025-01-13T20:32:23.435Z - Handled GET_CONTEXT_FILE_DATA. Handling time: 0. Response time: 1.
[NX Daemon Server] - 2025-01-13T20:32:23.435Z - Closed a connection. Number of open connections: 0
[NX Daemon Server] - 2025-01-13T20:32:23.439Z - Established a connection. Number of open connections: 1
[NX Daemon Server] - 2025-01-13T20:32:23.439Z - Established a connection. Number of open connections: 2
[NX Daemon Server] - 2025-01-13T20:32:23.439Z - Closed a connection. Number of open connections: 1
[NX Daemon Server] - 2025-01-13T20:32:23.439Z - [REQUEST]: Client Request for Project Graph Received
[NX Daemon Server] - 2025-01-13T20:32:23.439Z - [REQUEST]: Responding to the client. project-graph
[NX Daemon Server] - 2025-01-13T20:32:23.439Z - Time taken for 'total for creating and serializing project graph' 0.08091699983924627ms
[NX Daemon Server] - 2025-01-13T20:32:23.440Z - Done responding to the client project-graph
[NX Daemon Server] - 2025-01-13T20:32:23.440Z - Handled REQUEST_PROJECT_GRAPH. Handling time: 0. Response time: 1.
[NX Daemon Server] - 2025-01-13T20:32:23.441Z - [REQUEST]: Client Request for Project Graph Received
[NX Daemon Server] - 2025-01-13T20:32:23.441Z - [REQUEST]: Responding to the client. project-graph
[NX Daemon Server] - 2025-01-13T20:32:23.441Z - Time taken for 'total for creating and serializing project graph' 0.06145799998193979ms
[NX Daemon Server] - 2025-01-13T20:32:23.441Z - Done responding to the client project-graph
[NX Daemon Server] - 2025-01-13T20:32:23.441Z - Handled REQUEST_PROJECT_GRAPH. Handling time: 0. Response time: 0.
[NX Daemon Server] - 2025-01-13T20:32:23.442Z - Established a connection. Number of open connections: 2
[NX Daemon Server] - 2025-01-13T20:32:27.097Z - [WATCHER]: _tmp_45591_1e6308ed92971373bc16ef5e53f87579 was deleted
[NX Daemon Server] - 2025-01-13T20:32:27.098Z - [REQUEST]: Responding to the client. File watch changed
[NX Daemon Server] - 2025-01-13T20:32:27.098Z - Done responding to the client File watch changed
[NX Daemon Server] - 2025-01-13T20:32:27.098Z - Handled FILE-WATCH-CHANGED. Handling time: 0. Response time: 0.
[NX Daemon Server] - 2025-01-13T20:32:27.098Z - [WATCHER]: Processing file changes in outputs
[NX Daemon Server] - 2025-01-13T20:32:27.098Z - Time taken for 'changed-projects' 0.06737500010058284ms
[NX Daemon Server] - 2025-01-13T20:32:27.198Z - [REQUEST]: Updated workspace context based on watched changes, recomputing project graph...
[NX Daemon Server] - 2025-01-13T20:32:27.198Z - [REQUEST]: 
[NX Daemon Server] - 2025-01-13T20:32:27.198Z - [REQUEST]: _tmp_45591_1e6308ed92971373bc16ef5e53f87579
[NX Daemon Server] - 2025-01-13T20:32:27.199Z - Time taken for 'hash changed files from watcher' 0.08541599987074733ms
[NX Daemon Server] - 2025-01-13T20:32:27.204Z - Time taken for 'build-project-configs' 4.477582999970764ms
[NX Daemon Server] - 2025-01-13T20:32:27.214Z - [SYNC]: collect registered sync generators
[NX Daemon Server] - 2025-01-13T20:32:27.214Z - [SYNC]: project graph hash is the same, not collecting task sync generators
[NX Daemon Server] - 2025-01-13T20:32:27.214Z - [SYNC]: nx.json hash is the same, not collecting global sync generators
[NX Daemon Server] - 2025-01-13T20:32:27.214Z - Time taken for 'total execution time for createProjectGraph()' 8.99945899983868ms
[NX Daemon Server] - 2025-01-13T20:32:28.100Z - Established a connection. Number of open connections: 3
[NX Daemon Server] - 2025-01-13T20:32:28.101Z - [REQUEST]: Client Request for Project Graph Received
[NX Daemon Server] - 2025-01-13T20:32:28.101Z - [REQUEST]: Responding to the client. project-graph
[NX Daemon Server] - 2025-01-13T20:32:28.101Z - Time taken for 'total for creating and serializing project graph' 0.1272919997572899ms
[NX Daemon Server] - 2025-01-13T20:32:28.101Z - Closed a connection. Number of open connections: 2
[NX Daemon Server] - 2025-01-13T20:32:28.102Z - Done responding to the client project-graph
[NX Daemon Server] - 2025-01-13T20:32:28.102Z - Handled REQUEST_PROJECT_GRAPH. Handling time: 0. Response time: 1.
[NX Daemon Server] - 2025-01-13T20:32:28.104Z - [REQUEST]: Responding to the client. handleContextFileData
[NX Daemon Server] - 2025-01-13T20:32:28.104Z - Done responding to the client handleContextFileData
[NX Daemon Server] - 2025-01-13T20:32:28.104Z - Handled GET_CONTEXT_FILE_DATA. Handling time: 1. Response time: 0.
[NX Daemon Server] - 2025-01-13T20:32:28.104Z - Closed a connection. Number of open connections: 1
[NX Daemon Server] - 2025-01-13T20:32:28.106Z - Closed a connection. Number of open connections: 0
[NX Daemon Server] - 2025-01-13T20:32:28.107Z - Established a connection. Number of open connections: 1
[NX Daemon Server] - 2025-01-13T20:32:28.107Z - Established a connection. Number of open connections: 2
[NX Daemon Server] - 2025-01-13T20:32:28.107Z - Closed a connection. Number of open connections: 1
[NX Daemon Server] - 2025-01-13T20:32:28.107Z - [REQUEST]: Client Request for Project Graph Received
[NX Daemon Server] - 2025-01-13T20:32:28.108Z - [REQUEST]: Responding to the client. project-graph
[NX Daemon Server] - 2025-01-13T20:32:28.108Z - Time taken for 'total for creating and serializing project graph' 0.0794579996727407ms
[NX Daemon Server] - 2025-01-13T20:32:28.108Z - Done responding to the client project-graph
[NX Daemon Server] - 2025-01-13T20:32:28.108Z - Handled REQUEST_PROJECT_GRAPH. Handling time: 1. Response time: 0.
[NX Daemon Server] - 2025-01-13T20:32:28.109Z - [REQUEST]: Client Request for Project Graph Received
[NX Daemon Server] - 2025-01-13T20:32:28.109Z - [REQUEST]: Responding to the client. project-graph
[NX Daemon Server] - 2025-01-13T20:32:28.109Z - Time taken for 'total for creating and serializing project graph' 0.0749579998664558ms
[NX Daemon Server] - 2025-01-13T20:32:28.110Z - Done responding to the client project-graph
[NX Daemon Server] - 2025-01-13T20:32:28.110Z - Handled REQUEST_PROJECT_GRAPH. Handling time: 0. Response time: 1.
[NX Daemon Server] - 2025-01-13T20:32:28.111Z - Established a connection. Number of open connections: 2
[NX Daemon Server] - 2025-01-13T20:32:28.877Z - [WATCHER]: Processing file changes in outputs
[NX Daemon Server] - 2025-01-13T20:32:28.880Z - Closed a connection. Number of open connections: 1
[NX Daemon Server] - 2025-01-13T20:32:28.880Z - Closed a connection. Number of open connections: 0
[NX Daemon Server] - 2025-01-13T20:32:28.880Z - [WATCHER]: Stopping the watcher for /Users/maartenknijnenberg/www/projects/sport-tournament-manager (sources)
[NX Daemon Server] - 2025-01-13T20:32:28.880Z - [WATCHER]: Stopping the watcher for /Users/maartenknijnenberg/www/projects/sport-tournament-manager (outputs)
[NX Daemon Server] - 2025-01-13T20:32:33.746Z - Started listening on: /var/folders/nk/v_7mvsk16kx_l4f8sj9w5z0m0000gq/T/499a2e8040c8af505583/d.sock
[NX Daemon Server] - 2025-01-13T20:32:33.747Z - [WATCHER]: Subscribed to changes within: /Users/maartenknijnenberg/www/projects/sport-tournament-manager (native)
[NX Daemon Server] - 2025-01-13T20:32:33.752Z - Established a connection. Number of open connections: 1
[NX Daemon Server] - 2025-01-13T20:32:33.753Z - Closed a connection. Number of open connections: 0
[NX Daemon Server] - 2025-01-13T20:32:33.761Z - Established a connection. Number of open connections: 1
[NX Daemon Server] - 2025-01-13T20:32:33.761Z - Established a connection. Number of open connections: 2
[NX Daemon Server] - 2025-01-13T20:32:33.761Z - Closed a connection. Number of open connections: 1
[NX Daemon Server] - 2025-01-13T20:32:33.762Z - [REQUEST]: Client Request for Project Graph Received
[NX Daemon Server] - 2025-01-13T20:32:33.809Z - [WATCHER]: Processing file changes in outputs
[NX Daemon Server] - 2025-01-13T20:32:34.475Z - Time taken for 'Load Nx Plugin: /Users/maartenknijnenberg/www/projects/sport-tournament-manager/node_modules/.pnpm/nx@20.3.1_@swc+core@1.10.7/node_modules/nx/src/plugins/js' 712.7294170004316ms
[NX Daemon Server] - 2025-01-13T20:32:35.079Z - Time taken for 'Load Nx Plugin: /Users/maartenknijnenberg/www/projects/sport-tournament-manager/node_modules/.pnpm/nx@20.3.1_@swc+core@1.10.7/node_modules/nx/src/plugins/package-json' 1316.4397499999031ms
[NX Daemon Server] - 2025-01-13T20:32:35.696Z - [REQUEST]: Updated workspace context based on watched changes, recomputing project graph...
[NX Daemon Server] - 2025-01-13T20:32:35.696Z - [REQUEST]: 
[NX Daemon Server] - 2025-01-13T20:32:35.696Z - [REQUEST]: 
[NX Daemon Server] - 2025-01-13T20:32:35.700Z - Time taken for 'loadNxPlugins' 1933.0412920000963ms
[NX Daemon Server] - 2025-01-13T20:32:36.566Z - Time taken for 'build-project-configs' 860.5575419999659ms
[NX Daemon Server] - 2025-01-13T20:32:36.588Z - [SYNC]: collect registered sync generators
[NX Daemon Server] - 2025-01-13T20:32:36.588Z - [REQUEST]: Responding to the client. project-graph
[NX Daemon Server] - 2025-01-13T20:32:36.588Z - Time taken for 'total for creating and serializing project graph' 2826.021375000011ms
[NX Daemon Server] - 2025-01-13T20:32:36.589Z - Done responding to the client project-graph
[NX Daemon Server] - 2025-01-13T20:32:36.589Z - Handled REQUEST_PROJECT_GRAPH. Handling time: 2826. Response time: 1.
[NX Daemon Server] - 2025-01-13T20:32:36.590Z - [REQUEST]: Responding to the client. handleContextFileData
[NX Daemon Server] - 2025-01-13T20:32:36.590Z - Done responding to the client handleContextFileData
[NX Daemon Server] - 2025-01-13T20:32:36.590Z - Handled GET_CONTEXT_FILE_DATA. Handling time: 0. Response time: 0.
[NX Daemon Server] - 2025-01-13T20:32:36.590Z - Closed a connection. Number of open connections: 0
[NX Daemon Server] - 2025-01-13T20:32:36.595Z - Established a connection. Number of open connections: 1
[NX Daemon Server] - 2025-01-13T20:32:36.595Z - Established a connection. Number of open connections: 2
[NX Daemon Server] - 2025-01-13T20:32:36.595Z - Closed a connection. Number of open connections: 1
[NX Daemon Server] - 2025-01-13T20:32:36.595Z - [REQUEST]: Client Request for Project Graph Received
[NX Daemon Server] - 2025-01-13T20:32:36.596Z - [REQUEST]: Responding to the client. project-graph
[NX Daemon Server] - 2025-01-13T20:32:36.596Z - Time taken for 'total for creating and serializing project graph' 0.15291699999943376ms
[NX Daemon Server] - 2025-01-13T20:32:36.596Z - Done responding to the client project-graph
[NX Daemon Server] - 2025-01-13T20:32:36.596Z - Handled REQUEST_PROJECT_GRAPH. Handling time: 1. Response time: 0.
[NX Daemon Server] - 2025-01-13T20:32:36.597Z - [REQUEST]: Client Request for Project Graph Received
[NX Daemon Server] - 2025-01-13T20:32:36.597Z - [REQUEST]: Responding to the client. project-graph
[NX Daemon Server] - 2025-01-13T20:32:36.597Z - Time taken for 'total for creating and serializing project graph' 0.06850000005215406ms
[NX Daemon Server] - 2025-01-13T20:32:36.597Z - Done responding to the client project-graph
[NX Daemon Server] - 2025-01-13T20:32:36.597Z - Handled REQUEST_PROJECT_GRAPH. Handling time: 0. Response time: 0.
[NX Daemon Server] - 2025-01-13T20:32:36.598Z - Established a connection. Number of open connections: 2
[NX Daemon Server] - 2025-01-13T20:32:40.935Z - [WATCHER]: apps/tournament-manager/vitest.config.ts was created or restored
[NX Daemon Server] - 2025-01-13T20:32:40.936Z - [WATCHER]: Processing file changes in outputs
[NX Daemon Server] - 2025-01-13T20:32:41.036Z - [REQUEST]: Updated workspace context based on watched changes, recomputing project graph...
[NX Daemon Server] - 2025-01-13T20:32:41.036Z - [REQUEST]: apps/tournament-manager/vitest.config.ts
[NX Daemon Server] - 2025-01-13T20:32:41.036Z - [REQUEST]: 
[NX Daemon Server] - 2025-01-13T20:32:41.037Z - Time taken for 'hash changed files from watcher' 0.11141700018197298ms
[NX Daemon Server] - 2025-01-13T20:32:41.042Z - Time taken for 'build-project-configs' 4.374708000104874ms
[NX Daemon Server] - 2025-01-13T20:32:41.050Z - [SYNC]: collect registered sync generators
[NX Daemon Server] - 2025-01-13T20:32:41.050Z - [SYNC]: project graph hash is the same, not collecting task sync generators
[NX Daemon Server] - 2025-01-13T20:32:41.050Z - [SYNC]: nx.json hash is the same, not collecting global sync generators
[NX Daemon Server] - 2025-01-13T20:32:41.051Z - [REQUEST]: Responding to the client. File watch changed
[NX Daemon Server] - 2025-01-13T20:32:41.051Z - Done responding to the client File watch changed
[NX Daemon Server] - 2025-01-13T20:32:41.051Z - Handled FILE-WATCH-CHANGED. Handling time: 0. Response time: 0.
[NX Daemon Server] - 2025-01-13T20:32:41.051Z - Time taken for 'total execution time for createProjectGraph()' 6.4579999996349216ms
[NX Daemon Server] - 2025-01-13T20:32:42.054Z - Established a connection. Number of open connections: 3
[NX Daemon Server] - 2025-01-13T20:32:42.055Z - [REQUEST]: Client Request for Project Graph Received
[NX Daemon Server] - 2025-01-13T20:32:42.055Z - [REQUEST]: Responding to the client. project-graph
[NX Daemon Server] - 2025-01-13T20:32:42.055Z - Time taken for 'total for creating and serializing project graph' 0.15158399986103177ms
[NX Daemon Server] - 2025-01-13T20:32:42.055Z - Closed a connection. Number of open connections: 2
[NX Daemon Server] - 2025-01-13T20:32:42.056Z - Done responding to the client project-graph
[NX Daemon Server] - 2025-01-13T20:32:42.057Z - Handled REQUEST_PROJECT_GRAPH. Handling time: 0. Response time: 2.
[NX Daemon Server] - 2025-01-13T20:32:42.059Z - [REQUEST]: Responding to the client. handleContextFileData
[NX Daemon Server] - 2025-01-13T20:32:42.059Z - Done responding to the client handleContextFileData
[NX Daemon Server] - 2025-01-13T20:32:42.059Z - Handled GET_CONTEXT_FILE_DATA. Handling time: 0. Response time: 0.
[NX Daemon Server] - 2025-01-13T20:32:42.060Z - Closed a connection. Number of open connections: 1
[NX Daemon Server] - 2025-01-13T20:32:42.064Z - Closed a connection. Number of open connections: 0
[NX Daemon Server] - 2025-01-13T20:32:42.064Z - Established a connection. Number of open connections: 1
[NX Daemon Server] - 2025-01-13T20:32:42.065Z - Established a connection. Number of open connections: 2
[NX Daemon Server] - 2025-01-13T20:32:42.065Z - Closed a connection. Number of open connections: 1
[NX Daemon Server] - 2025-01-13T20:32:42.065Z - [REQUEST]: Client Request for Project Graph Received
[NX Daemon Server] - 2025-01-13T20:32:42.065Z - [REQUEST]: Responding to the client. project-graph
[NX Daemon Server] - 2025-01-13T20:32:42.065Z - Time taken for 'total for creating and serializing project graph' 0.14566699974238873ms
[NX Daemon Server] - 2025-01-13T20:32:42.066Z - Done responding to the client project-graph
[NX Daemon Server] - 2025-01-13T20:32:42.066Z - Handled REQUEST_PROJECT_GRAPH. Handling time: 0. Response time: 1.
[NX Daemon Server] - 2025-01-13T20:32:42.067Z - [REQUEST]: Client Request for Project Graph Received
[NX Daemon Server] - 2025-01-13T20:32:42.067Z - [REQUEST]: Responding to the client. project-graph
[NX Daemon Server] - 2025-01-13T20:32:42.068Z - Time taken for 'total for creating and serializing project graph' 0.09087500022724271ms
[NX Daemon Server] - 2025-01-13T20:32:42.068Z - Done responding to the client project-graph
[NX Daemon Server] - 2025-01-13T20:32:42.068Z - Handled REQUEST_PROJECT_GRAPH. Handling time: 0. Response time: 1.
[NX Daemon Server] - 2025-01-13T20:32:42.069Z - Established a connection. Number of open connections: 2
[NX Daemon Server] - 2025-01-13T20:32:47.982Z - [WATCHER]: apps/tournament-manager/vite.config.ts was modified
[NX Daemon Server] - 2025-01-13T20:32:47.984Z - [REQUEST]: Responding to the client. File watch changed
[NX Daemon Server] - 2025-01-13T20:32:47.984Z - Done responding to the client File watch changed
[NX Daemon Server] - 2025-01-13T20:32:47.984Z - Handled FILE-WATCH-CHANGED. Handling time: 0. Response time: 0.
[NX Daemon Server] - 2025-01-13T20:32:47.984Z - [WATCHER]: Processing file changes in outputs
[NX Daemon Server] - 2025-01-13T20:32:47.984Z - Time taken for 'changed-projects' 0.372957999818027ms
[NX Daemon Server] - 2025-01-13T20:32:48.083Z - [REQUEST]: Updated workspace context based on watched changes, recomputing project graph...
[NX Daemon Server] - 2025-01-13T20:32:48.083Z - [REQUEST]: apps/tournament-manager/vite.config.ts
[NX Daemon Server] - 2025-01-13T20:32:48.083Z - [REQUEST]: 
[NX Daemon Server] - 2025-01-13T20:32:48.085Z - Time taken for 'hash changed files from watcher' 0.10691699991002679ms
[NX Daemon Server] - 2025-01-13T20:32:48.091Z - Time taken for 'build-project-configs' 5.966750000137836ms
[NX Daemon Server] - 2025-01-13T20:32:48.100Z - [SYNC]: collect registered sync generators
[NX Daemon Server] - 2025-01-13T20:32:48.100Z - [SYNC]: project graph hash is the same, not collecting task sync generators
[NX Daemon Server] - 2025-01-13T20:32:48.100Z - [SYNC]: nx.json hash is the same, not collecting global sync generators
[NX Daemon Server] - 2025-01-13T20:32:48.100Z - Time taken for 'total execution time for createProjectGraph()' 7.861250000074506ms
[NX Daemon Server] - 2025-01-13T20:32:48.473Z - [WATCHER]: libs/ui-components/vite.config.js.timestamp-1736800368411-37f7d961bc01b.mjs was deleted
[NX Daemon Server] - 2025-01-13T20:32:48.474Z - [REQUEST]: Responding to the client. File watch changed
[NX Daemon Server] - 2025-01-13T20:32:48.474Z - Done responding to the client File watch changed
[NX Daemon Server] - 2025-01-13T20:32:48.474Z - Handled FILE-WATCH-CHANGED. Handling time: 0. Response time: 0.
[NX Daemon Server] - 2025-01-13T20:32:48.474Z - [WATCHER]: Processing file changes in outputs
[NX Daemon Server] - 2025-01-13T20:32:48.474Z - Time taken for 'changed-projects' 0.08587500033900142ms
[NX Daemon Server] - 2025-01-13T20:32:48.673Z - [REQUEST]: Updated workspace context based on watched changes, recomputing project graph...
[NX Daemon Server] - 2025-01-13T20:32:48.674Z - [REQUEST]: 
[NX Daemon Server] - 2025-01-13T20:32:48.674Z - [REQUEST]: libs/ui-components/vite.config.js.timestamp-1736800368411-37f7d961bc01b.mjs
[NX Daemon Server] - 2025-01-13T20:32:48.675Z - Time taken for 'hash changed files from watcher' 0.1427499996498227ms
[NX Daemon Server] - 2025-01-13T20:32:48.682Z - Time taken for 'build-project-configs' 6.003374999854714ms
[NX Daemon Server] - 2025-01-13T20:32:48.692Z - [SYNC]: collect registered sync generators
[NX Daemon Server] - 2025-01-13T20:32:48.692Z - [SYNC]: project graph hash is the same, not collecting task sync generators
[NX Daemon Server] - 2025-01-13T20:32:48.692Z - [SYNC]: nx.json hash is the same, not collecting global sync generators
[NX Daemon Server] - 2025-01-13T20:32:48.692Z - Time taken for 'total execution time for createProjectGraph()' 7.686375000048429ms
[NX Daemon Server] - 2025-01-13T20:32:49.479Z - Established a connection. Number of open connections: 3
[NX Daemon Server] - 2025-01-13T20:32:49.480Z - [REQUEST]: Client Request for Project Graph Received
[NX Daemon Server] - 2025-01-13T20:32:49.481Z - [REQUEST]: Responding to the client. project-graph
[NX Daemon Server] - 2025-01-13T20:32:49.482Z - Time taken for 'total for creating and serializing project graph' 0.7443329999223351ms
[NX Daemon Server] - 2025-01-13T20:32:49.482Z - Closed a connection. Number of open connections: 2
[NX Daemon Server] - 2025-01-13T20:32:49.485Z - Done responding to the client project-graph
[NX Daemon Server] - 2025-01-13T20:32:49.485Z - Handled REQUEST_PROJECT_GRAPH. Handling time: 1. Response time: 4.
[NX Daemon Server] - 2025-01-13T20:32:49.488Z - [REQUEST]: Responding to the client. handleContextFileData
[NX Daemon Server] - 2025-01-13T20:32:49.488Z - Done responding to the client handleContextFileData
[NX Daemon Server] - 2025-01-13T20:32:49.488Z - Handled GET_CONTEXT_FILE_DATA. Handling time: 1. Response time: 0.
[NX Daemon Server] - 2025-01-13T20:32:49.488Z - Closed a connection. Number of open connections: 1
[NX Daemon Server] - 2025-01-13T20:32:49.492Z - Closed a connection. Number of open connections: 0
[NX Daemon Server] - 2025-01-13T20:32:49.494Z - Established a connection. Number of open connections: 1
[NX Daemon Server] - 2025-01-13T20:32:49.494Z - Established a connection. Number of open connections: 2
[NX Daemon Server] - 2025-01-13T20:32:49.494Z - Closed a connection. Number of open connections: 1
[NX Daemon Server] - 2025-01-13T20:32:49.494Z - [REQUEST]: Client Request for Project Graph Received
[NX Daemon Server] - 2025-01-13T20:32:49.495Z - [REQUEST]: Responding to the client. project-graph
[NX Daemon Server] - 2025-01-13T20:32:49.495Z - Time taken for 'total for creating and serializing project graph' 0.13704099971801043ms
[NX Daemon Server] - 2025-01-13T20:32:49.496Z - Done responding to the client project-graph
[NX Daemon Server] - 2025-01-13T20:32:49.496Z - Handled REQUEST_PROJECT_GRAPH. Handling time: 1. Response time: 1.
[NX Daemon Server] - 2025-01-13T20:32:49.497Z - [REQUEST]: Client Request for Project Graph Received
[NX Daemon Server] - 2025-01-13T20:32:49.498Z - [REQUEST]: Responding to the client. project-graph
[NX Daemon Server] - 2025-01-13T20:32:49.498Z - Time taken for 'total for creating and serializing project graph' 0.16466599982231855ms
[NX Daemon Server] - 2025-01-13T20:32:49.499Z - Done responding to the client project-graph
[NX Daemon Server] - 2025-01-13T20:32:49.499Z - Handled REQUEST_PROJECT_GRAPH. Handling time: 1. Response time: 1.
[NX Daemon Server] - 2025-01-13T20:32:49.500Z - Established a connection. Number of open connections: 2
[NX Daemon Server] - 2025-01-13T20:32:50.063Z - [WATCHER]: apps/tournament-manager/vite.config.ts was modified
[NX Daemon Server] - 2025-01-13T20:32:50.063Z - [REQUEST]: Responding to the client. File watch changed
[NX Daemon Server] - 2025-01-13T20:32:50.063Z - Done responding to the client File watch changed
[NX Daemon Server] - 2025-01-13T20:32:50.063Z - Handled FILE-WATCH-CHANGED. Handling time: 0. Response time: 0.
[NX Daemon Server] - 2025-01-13T20:32:50.063Z - [WATCHER]: Processing file changes in outputs
[NX Daemon Server] - 2025-01-13T20:32:50.063Z - Time taken for 'changed-projects' 0.0381249999627471ms
[NX Daemon Server] - 2025-01-13T20:32:50.163Z - [REQUEST]: Updated workspace context based on watched changes, recomputing project graph...
[NX Daemon Server] - 2025-01-13T20:32:50.163Z - [REQUEST]: apps/tournament-manager/vite.config.ts
[NX Daemon Server] - 2025-01-13T20:32:50.163Z - [REQUEST]: 
[NX Daemon Server] - 2025-01-13T20:32:50.164Z - Time taken for 'hash changed files from watcher' 0.12566700018942356ms
[NX Daemon Server] - 2025-01-13T20:32:50.169Z - Time taken for 'build-project-configs' 4.323374999687076ms
[NX Daemon Server] - 2025-01-13T20:32:50.177Z - [SYNC]: collect registered sync generators
[NX Daemon Server] - 2025-01-13T20:32:50.177Z - [SYNC]: project graph hash is the same, not collecting task sync generators
[NX Daemon Server] - 2025-01-13T20:32:50.177Z - [SYNC]: nx.json hash is the same, not collecting global sync generators
[NX Daemon Server] - 2025-01-13T20:32:50.177Z - Time taken for 'total execution time for createProjectGraph()' 6.101958000101149ms
[NX Daemon Server] - 2025-01-13T20:32:51.067Z - Established a connection. Number of open connections: 3
[NX Daemon Server] - 2025-01-13T20:32:51.068Z - [REQUEST]: Client Request for Project Graph Received
[NX Daemon Server] - 2025-01-13T20:32:51.068Z - [REQUEST]: Responding to the client. project-graph
[NX Daemon Server] - 2025-01-13T20:32:51.068Z - Time taken for 'total for creating and serializing project graph' 0.3070000000298023ms
[NX Daemon Server] - 2025-01-13T20:32:51.068Z - Closed a connection. Number of open connections: 2
[NX Daemon Server] - 2025-01-13T20:32:51.070Z - Done responding to the client project-graph
[NX Daemon Server] - 2025-01-13T20:32:51.070Z - Handled REQUEST_PROJECT_GRAPH. Handling time: 1. Response time: 2.
[NX Daemon Server] - 2025-01-13T20:32:51.073Z - [REQUEST]: Responding to the client. handleContextFileData
[NX Daemon Server] - 2025-01-13T20:32:51.073Z - Done responding to the client handleContextFileData
[NX Daemon Server] - 2025-01-13T20:32:51.073Z - Handled GET_CONTEXT_FILE_DATA. Handling time: 1. Response time: 0.
[NX Daemon Server] - 2025-01-13T20:32:51.073Z - Closed a connection. Number of open connections: 1
[NX Daemon Server] - 2025-01-13T20:32:51.077Z - Closed a connection. Number of open connections: 0
[NX Daemon Server] - 2025-01-13T20:32:51.078Z - Established a connection. Number of open connections: 1
[NX Daemon Server] - 2025-01-13T20:32:51.078Z - Established a connection. Number of open connections: 2
[NX Daemon Server] - 2025-01-13T20:32:51.078Z - Closed a connection. Number of open connections: 1
[NX Daemon Server] - 2025-01-13T20:32:51.078Z - [REQUEST]: Client Request for Project Graph Received
[NX Daemon Server] - 2025-01-13T20:32:51.079Z - [REQUEST]: Responding to the client. project-graph
[NX Daemon Server] - 2025-01-13T20:32:51.079Z - Time taken for 'total for creating and serializing project graph' 0.12691699992865324ms
[NX Daemon Server] - 2025-01-13T20:32:51.079Z - Done responding to the client project-graph
[NX Daemon Server] - 2025-01-13T20:32:51.079Z - Handled REQUEST_PROJECT_GRAPH. Handling time: 1. Response time: 0.
[NX Daemon Server] - 2025-01-13T20:32:51.081Z - [REQUEST]: Client Request for Project Graph Received
[NX Daemon Server] - 2025-01-13T20:32:51.081Z - [REQUEST]: Responding to the client. project-graph
[NX Daemon Server] - 2025-01-13T20:32:51.081Z - Time taken for 'total for creating and serializing project graph' 0.26941700000315905ms
[NX Daemon Server] - 2025-01-13T20:32:51.085Z - Done responding to the client project-graph
[NX Daemon Server] - 2025-01-13T20:32:51.085Z - Handled REQUEST_PROJECT_GRAPH. Handling time: 0. Response time: 4.
[NX Daemon Server] - 2025-01-13T20:32:51.087Z - Established a connection. Number of open connections: 2
[NX Daemon Server] - 2025-01-13T20:32:55.588Z - [WATCHER]: libs/ui-components/vite.config.js.timestamp-1736800375525-bce628ad735d2.mjs was deleted
[NX Daemon Server] - 2025-01-13T20:32:55.588Z - [REQUEST]: Responding to the client. File watch changed
[NX Daemon Server] - 2025-01-13T20:32:55.588Z - Done responding to the client File watch changed
[NX Daemon Server] - 2025-01-13T20:32:55.588Z - Handled FILE-WATCH-CHANGED. Handling time: 0. Response time: 0.
[NX Daemon Server] - 2025-01-13T20:32:55.588Z - [WATCHER]: Processing file changes in outputs
[NX Daemon Server] - 2025-01-13T20:32:55.589Z - Time taken for 'changed-projects' 0.0499589997343719ms
[NX Daemon Server] - 2025-01-13T20:32:55.689Z - [REQUEST]: Updated workspace context based on watched changes, recomputing project graph...
[NX Daemon Server] - 2025-01-13T20:32:55.689Z - [REQUEST]: 
[NX Daemon Server] - 2025-01-13T20:32:55.689Z - [REQUEST]: libs/ui-components/vite.config.js.timestamp-1736800375525-bce628ad735d2.mjs
[NX Daemon Server] - 2025-01-13T20:32:55.691Z - Time taken for 'hash changed files from watcher' 0.1572920000180602ms
[NX Daemon Server] - 2025-01-13T20:32:55.696Z - Time taken for 'build-project-configs' 5.175083999987692ms
[NX Daemon Server] - 2025-01-13T20:32:55.705Z - [SYNC]: collect registered sync generators
[NX Daemon Server] - 2025-01-13T20:32:55.705Z - [SYNC]: project graph hash is the same, not collecting task sync generators
[NX Daemon Server] - 2025-01-13T20:32:55.705Z - [SYNC]: nx.json hash is the same, not collecting global sync generators
[NX Daemon Server] - 2025-01-13T20:32:55.705Z - Time taken for 'total execution time for createProjectGraph()' 7.593917000107467ms
[NX Daemon Server] - 2025-01-13T20:32:56.591Z - Established a connection. Number of open connections: 3
[NX Daemon Server] - 2025-01-13T20:32:56.592Z - [REQUEST]: Client Request for Project Graph Received
[NX Daemon Server] - 2025-01-13T20:32:56.592Z - [REQUEST]: Responding to the client. project-graph
[NX Daemon Server] - 2025-01-13T20:32:56.592Z - Time taken for 'total for creating and serializing project graph' 0.2537079998292029ms
[NX Daemon Server] - 2025-01-13T20:32:56.593Z - Closed a connection. Number of open connections: 2
[NX Daemon Server] - 2025-01-13T20:32:56.593Z - Done responding to the client project-graph
[NX Daemon Server] - 2025-01-13T20:32:56.593Z - Handled REQUEST_PROJECT_GRAPH. Handling time: 0. Response time: 1.
[NX Daemon Server] - 2025-01-13T20:32:56.594Z - [REQUEST]: Responding to the client. handleContextFileData
[NX Daemon Server] - 2025-01-13T20:32:56.594Z - Done responding to the client handleContextFileData
[NX Daemon Server] - 2025-01-13T20:32:56.594Z - Handled GET_CONTEXT_FILE_DATA. Handling time: 0. Response time: 0.
[NX Daemon Server] - 2025-01-13T20:32:56.595Z - Closed a connection. Number of open connections: 1
[NX Daemon Server] - 2025-01-13T20:32:56.598Z - Closed a connection. Number of open connections: 0
[NX Daemon Server] - 2025-01-13T20:32:56.598Z - Established a connection. Number of open connections: 1
[NX Daemon Server] - 2025-01-13T20:32:56.598Z - Established a connection. Number of open connections: 2
[NX Daemon Server] - 2025-01-13T20:32:56.598Z - Closed a connection. Number of open connections: 1
[NX Daemon Server] - 2025-01-13T20:32:56.599Z - [REQUEST]: Client Request for Project Graph Received
[NX Daemon Server] - 2025-01-13T20:32:56.599Z - [REQUEST]: Responding to the client. project-graph
[NX Daemon Server] - 2025-01-13T20:32:56.599Z - Time taken for 'total for creating and serializing project graph' 0.18837499991059303ms
[NX Daemon Server] - 2025-01-13T20:32:56.600Z - Done responding to the client project-graph
[NX Daemon Server] - 2025-01-13T20:32:56.600Z - Handled REQUEST_PROJECT_GRAPH. Handling time: 0. Response time: 1.
[NX Daemon Server] - 2025-01-13T20:32:56.601Z - [REQUEST]: Client Request for Project Graph Received
[NX Daemon Server] - 2025-01-13T20:32:56.601Z - [REQUEST]: Responding to the client. project-graph
[NX Daemon Server] - 2025-01-13T20:32:56.601Z - Time taken for 'total for creating and serializing project graph' 0.06895800027996302ms
[NX Daemon Server] - 2025-01-13T20:32:56.602Z - Done responding to the client project-graph
[NX Daemon Server] - 2025-01-13T20:32:56.602Z - Handled REQUEST_PROJECT_GRAPH. Handling time: 0. Response time: 1.
[NX Daemon Server] - 2025-01-13T20:32:56.603Z - Established a connection. Number of open connections: 2
[NX Daemon Server] - 2025-01-13T20:33:15.001Z - [WATCHER]: libs/utils/vitest.config.ts was modified
[NX Daemon Server] - 2025-01-13T20:33:15.002Z - [REQUEST]: Responding to the client. File watch changed
[NX Daemon Server] - 2025-01-13T20:33:15.002Z - Done responding to the client File watch changed
[NX Daemon Server] - 2025-01-13T20:33:15.002Z - Handled FILE-WATCH-CHANGED. Handling time: 0. Response time: 0.
[NX Daemon Server] - 2025-01-13T20:33:15.002Z - [WATCHER]: Processing file changes in outputs
[NX Daemon Server] - 2025-01-13T20:33:15.002Z - Time taken for 'changed-projects' 0.04491599975153804ms
[NX Daemon Server] - 2025-01-13T20:33:15.103Z - [REQUEST]: Updated workspace context based on watched changes, recomputing project graph...
[NX Daemon Server] - 2025-01-13T20:33:15.103Z - [REQUEST]: libs/utils/vitest.config.ts
[NX Daemon Server] - 2025-01-13T20:33:15.103Z - [REQUEST]: 
[NX Daemon Server] - 2025-01-13T20:33:15.104Z - Time taken for 'hash changed files from watcher' 0.11183399986475706ms
[NX Daemon Server] - 2025-01-13T20:33:15.110Z - Time taken for 'build-project-configs' 5.071415999904275ms
[NX Daemon Server] - 2025-01-13T20:33:15.119Z - [SYNC]: collect registered sync generators
[NX Daemon Server] - 2025-01-13T20:33:15.119Z - [SYNC]: project graph hash is the same, not collecting task sync generators
[NX Daemon Server] - 2025-01-13T20:33:15.119Z - [SYNC]: nx.json hash is the same, not collecting global sync generators
[NX Daemon Server] - 2025-01-13T20:33:15.119Z - Time taken for 'total execution time for createProjectGraph()' 7.285582999698818ms
[NX Daemon Server] - 2025-01-13T20:33:16.007Z - Established a connection. Number of open connections: 3
[NX Daemon Server] - 2025-01-13T20:33:16.009Z - [REQUEST]: Client Request for Project Graph Received
[NX Daemon Server] - 2025-01-13T20:33:16.009Z - [REQUEST]: Responding to the client. project-graph
[NX Daemon Server] - 2025-01-13T20:33:16.010Z - Time taken for 'total for creating and serializing project graph' 0.34070799965411425ms
[NX Daemon Server] - 2025-01-13T20:33:16.010Z - Closed a connection. Number of open connections: 2
[NX Daemon Server] - 2025-01-13T20:33:16.013Z - Done responding to the client project-graph
[NX Daemon Server] - 2025-01-13T20:33:16.014Z - Handled REQUEST_PROJECT_GRAPH. Handling time: 0. Response time: 5.
[NX Daemon Server] - 2025-01-13T20:33:16.017Z - [REQUEST]: Responding to the client. handleContextFileData
[NX Daemon Server] - 2025-01-13T20:33:16.017Z - Done responding to the client handleContextFileData
[NX Daemon Server] - 2025-01-13T20:33:16.017Z - Handled GET_CONTEXT_FILE_DATA. Handling time: 1. Response time: 0.
[NX Daemon Server] - 2025-01-13T20:33:16.018Z - Closed a connection. Number of open connections: 1
[NX Daemon Server] - 2025-01-13T20:33:16.024Z - Closed a connection. Number of open connections: 0
[NX Daemon Server] - 2025-01-13T20:33:16.025Z - Established a connection. Number of open connections: 1
[NX Daemon Server] - 2025-01-13T20:33:16.026Z - Established a connection. Number of open connections: 2
[NX Daemon Server] - 2025-01-13T20:33:16.026Z - Closed a connection. Number of open connections: 1
[NX Daemon Server] - 2025-01-13T20:33:16.026Z - [REQUEST]: Client Request for Project Graph Received
[NX Daemon Server] - 2025-01-13T20:33:16.026Z - [REQUEST]: Responding to the client. project-graph
[NX Daemon Server] - 2025-01-13T20:33:16.027Z - Time taken for 'total for creating and serializing project graph' 0.18050000024959445ms
[NX Daemon Server] - 2025-01-13T20:33:16.027Z - Done responding to the client project-graph
[NX Daemon Server] - 2025-01-13T20:33:16.027Z - Handled REQUEST_PROJECT_GRAPH. Handling time: 0. Response time: 1.
[NX Daemon Server] - 2025-01-13T20:33:16.029Z - [REQUEST]: Client Request for Project Graph Received
[NX Daemon Server] - 2025-01-13T20:33:16.030Z - [REQUEST]: Responding to the client. project-graph
[NX Daemon Server] - 2025-01-13T20:33:16.030Z - Time taken for 'total for creating and serializing project graph' 0.1883330000564456ms
[NX Daemon Server] - 2025-01-13T20:33:16.031Z - Done responding to the client project-graph
[NX Daemon Server] - 2025-01-13T20:33:16.031Z - Handled REQUEST_PROJECT_GRAPH. Handling time: 1. Response time: 1.
[NX Daemon Server] - 2025-01-13T20:33:16.032Z - Established a connection. Number of open connections: 2
[NX Daemon Server] - 2025-01-13T20:33:21.948Z - [WATCHER]: Processing file changes in outputs
[NX Daemon Server] - 2025-01-13T20:33:21.949Z - [WATCHER]: libs/ui-components/vite.config.js.timestamp-1736800401886-1067afb79b329.mjs was deleted
[NX Daemon Server] - 2025-01-13T20:33:21.949Z - [REQUEST]: Responding to the client. File watch changed
[NX Daemon Server] - 2025-01-13T20:33:21.949Z - Done responding to the client File watch changed
[NX Daemon Server] - 2025-01-13T20:33:21.949Z - Handled FILE-WATCH-CHANGED. Handling time: 0. Response time: 0.
[NX Daemon Server] - 2025-01-13T20:33:21.949Z - Time taken for 'changed-projects' 0.03987500024959445ms
[NX Daemon Server] - 2025-01-13T20:33:22.050Z - [REQUEST]: Updated workspace context based on watched changes, recomputing project graph...
[NX Daemon Server] - 2025-01-13T20:33:22.050Z - [REQUEST]: 
[NX Daemon Server] - 2025-01-13T20:33:22.050Z - [REQUEST]: libs/ui-components/vite.config.js.timestamp-1736800401886-1067afb79b329.mjs
[NX Daemon Server] - 2025-01-13T20:33:22.051Z - Time taken for 'hash changed files from watcher' 0.09700000006705523ms
[NX Daemon Server] - 2025-01-13T20:33:22.057Z - Time taken for 'build-project-configs' 5.578542000148445ms
[NX Daemon Server] - 2025-01-13T20:33:22.064Z - [SYNC]: collect registered sync generators
[NX Daemon Server] - 2025-01-13T20:33:22.064Z - [SYNC]: project graph hash is the same, not collecting task sync generators
[NX Daemon Server] - 2025-01-13T20:33:22.064Z - [SYNC]: nx.json hash is the same, not collecting global sync generators
[NX Daemon Server] - 2025-01-13T20:33:22.064Z - Time taken for 'total execution time for createProjectGraph()' 5.9499170002527535ms
[NX Daemon Server] - 2025-01-13T20:33:22.951Z - Established a connection. Number of open connections: 3
[NX Daemon Server] - 2025-01-13T20:33:22.952Z - [REQUEST]: Client Request for Project Graph Received
[NX Daemon Server] - 2025-01-13T20:33:22.952Z - [REQUEST]: Responding to the client. project-graph
[NX Daemon Server] - 2025-01-13T20:33:22.953Z - Time taken for 'total for creating and serializing project graph' 0.15558299981057644ms
[NX Daemon Server] - 2025-01-13T20:33:22.953Z - Closed a connection. Number of open connections: 2
[NX Daemon Server] - 2025-01-13T20:33:22.954Z - Done responding to the client project-graph
[NX Daemon Server] - 2025-01-13T20:33:22.954Z - Handled REQUEST_PROJECT_GRAPH. Handling time: 0. Response time: 2.
[NX Daemon Server] - 2025-01-13T20:33:22.956Z - [REQUEST]: Responding to the client. handleContextFileData
[NX Daemon Server] - 2025-01-13T20:33:22.956Z - Done responding to the client handleContextFileData
[NX Daemon Server] - 2025-01-13T20:33:22.956Z - Handled GET_CONTEXT_FILE_DATA. Handling time: 1. Response time: 0.
[NX Daemon Server] - 2025-01-13T20:33:22.956Z - Closed a connection. Number of open connections: 1
[NX Daemon Server] - 2025-01-13T20:33:22.960Z - Closed a connection. Number of open connections: 0
[NX Daemon Server] - 2025-01-13T20:33:22.961Z - Established a connection. Number of open connections: 1
[NX Daemon Server] - 2025-01-13T20:33:22.961Z - Established a connection. Number of open connections: 2
[NX Daemon Server] - 2025-01-13T20:33:22.961Z - Closed a connection. Number of open connections: 1
[NX Daemon Server] - 2025-01-13T20:33:22.961Z - [REQUEST]: Client Request for Project Graph Received
[NX Daemon Server] - 2025-01-13T20:33:22.962Z - [REQUEST]: Responding to the client. project-graph
[NX Daemon Server] - 2025-01-13T20:33:22.962Z - Time taken for 'total for creating and serializing project graph' 0.11391600035130978ms
[NX Daemon Server] - 2025-01-13T20:33:22.962Z - Done responding to the client project-graph
[NX Daemon Server] - 2025-01-13T20:33:22.962Z - Handled REQUEST_PROJECT_GRAPH. Handling time: 1. Response time: 0.
[NX Daemon Server] - 2025-01-13T20:33:22.964Z - [REQUEST]: Client Request for Project Graph Received
[NX Daemon Server] - 2025-01-13T20:33:22.964Z - [REQUEST]: Responding to the client. project-graph
[NX Daemon Server] - 2025-01-13T20:33:22.964Z - Time taken for 'total for creating and serializing project graph' 0.08887499989941716ms
[NX Daemon Server] - 2025-01-13T20:33:22.965Z - Done responding to the client project-graph
[NX Daemon Server] - 2025-01-13T20:33:22.965Z - Handled REQUEST_PROJECT_GRAPH. Handling time: 0. Response time: 1.
[NX Daemon Server] - 2025-01-13T20:33:22.966Z - Established a connection. Number of open connections: 2
[NX Daemon Server] - 2025-01-13T20:33:45.751Z - [WATCHER]: apps/tournament-manager/vitest.config.ts was modified
[NX Daemon Server] - 2025-01-13T20:33:45.751Z - [REQUEST]: Responding to the client. File watch changed
[NX Daemon Server] - 2025-01-13T20:33:45.752Z - Done responding to the client File watch changed
[NX Daemon Server] - 2025-01-13T20:33:45.752Z - Handled FILE-WATCH-CHANGED. Handling time: 0. Response time: 1.
[NX Daemon Server] - 2025-01-13T20:33:45.752Z - [WATCHER]: Processing file changes in outputs
[NX Daemon Server] - 2025-01-13T20:33:45.752Z - Time taken for 'changed-projects' 0.0669999998062849ms
[NX Daemon Server] - 2025-01-13T20:33:45.853Z - [REQUEST]: Updated workspace context based on watched changes, recomputing project graph...
[NX Daemon Server] - 2025-01-13T20:33:45.853Z - [REQUEST]: apps/tournament-manager/vitest.config.ts
[NX Daemon Server] - 2025-01-13T20:33:45.853Z - [REQUEST]: 
[NX Daemon Server] - 2025-01-13T20:33:45.855Z - Time taken for 'hash changed files from watcher' 0.2328329998999834ms
[NX Daemon Server] - 2025-01-13T20:33:45.863Z - Time taken for 'build-project-configs' 6.963167000096291ms
[NX Daemon Server] - 2025-01-13T20:33:45.872Z - [SYNC]: collect registered sync generators
[NX Daemon Server] - 2025-01-13T20:33:45.873Z - [SYNC]: project graph hash is the same, not collecting task sync generators
[NX Daemon Server] - 2025-01-13T20:33:45.873Z - [SYNC]: nx.json hash is the same, not collecting global sync generators
[NX Daemon Server] - 2025-01-13T20:33:45.873Z - Time taken for 'total execution time for createProjectGraph()' 8.303666999563575ms
[NX Daemon Server] - 2025-01-13T20:33:46.758Z - Established a connection. Number of open connections: 3
[NX Daemon Server] - 2025-01-13T20:33:46.759Z - [REQUEST]: Client Request for Project Graph Received
[NX Daemon Server] - 2025-01-13T20:33:46.759Z - [REQUEST]: Responding to the client. project-graph
[NX Daemon Server] - 2025-01-13T20:33:46.760Z - Time taken for 'total for creating and serializing project graph' 0.247874999884516ms
[NX Daemon Server] - 2025-01-13T20:33:46.760Z - Closed a connection. Number of open connections: 2
[NX Daemon Server] - 2025-01-13T20:33:46.761Z - Done responding to the client project-graph
[NX Daemon Server] - 2025-01-13T20:33:46.761Z - Handled REQUEST_PROJECT_GRAPH. Handling time: 0. Response time: 2.
[NX Daemon Server] - 2025-01-13T20:33:46.764Z - [REQUEST]: Responding to the client. handleContextFileData
[NX Daemon Server] - 2025-01-13T20:33:46.764Z - Done responding to the client handleContextFileData
[NX Daemon Server] - 2025-01-13T20:33:46.764Z - Handled GET_CONTEXT_FILE_DATA. Handling time: 0. Response time: 0.
[NX Daemon Server] - 2025-01-13T20:33:46.765Z - Closed a connection. Number of open connections: 1
[NX Daemon Server] - 2025-01-13T20:33:46.772Z - Closed a connection. Number of open connections: 0
[NX Daemon Server] - 2025-01-13T20:33:46.774Z - Established a connection. Number of open connections: 1
[NX Daemon Server] - 2025-01-13T20:33:46.774Z - Established a connection. Number of open connections: 2
[NX Daemon Server] - 2025-01-13T20:33:46.774Z - Closed a connection. Number of open connections: 1
[NX Daemon Server] - 2025-01-13T20:33:46.774Z - [REQUEST]: Client Request for Project Graph Received
[NX Daemon Server] - 2025-01-13T20:33:46.775Z - [REQUEST]: Responding to the client. project-graph
[NX Daemon Server] - 2025-01-13T20:33:46.775Z - Time taken for 'total for creating and serializing project graph' 0.16191700007766485ms
[NX Daemon Server] - 2025-01-13T20:33:46.775Z - Done responding to the client project-graph
[NX Daemon Server] - 2025-01-13T20:33:46.775Z - Handled REQUEST_PROJECT_GRAPH. Handling time: 1. Response time: 0.
[NX Daemon Server] - 2025-01-13T20:33:46.777Z - [REQUEST]: Client Request for Project Graph Received
[NX Daemon Server] - 2025-01-13T20:33:46.777Z - [REQUEST]: Responding to the client. project-graph
[NX Daemon Server] - 2025-01-13T20:33:46.777Z - Time taken for 'total for creating and serializing project graph' 0.08808299992233515ms
[NX Daemon Server] - 2025-01-13T20:33:46.778Z - Done responding to the client project-graph
[NX Daemon Server] - 2025-01-13T20:33:46.778Z - Handled REQUEST_PROJECT_GRAPH. Handling time: 0. Response time: 1.
[NX Daemon Server] - 2025-01-13T20:33:46.779Z - Established a connection. Number of open connections: 2
[NX Daemon Server] - 2025-01-13T20:34:02.691Z - [WATCHER]: apps/tournament-manager/src/tests/setupFiles.ts was created or restored
[NX Daemon Server] - 2025-01-13T20:34:02.691Z - [WATCHER]: Processing file changes in outputs
[NX Daemon Server] - 2025-01-13T20:34:02.793Z - [REQUEST]: Updated workspace context based on watched changes, recomputing project graph...
[NX Daemon Server] - 2025-01-13T20:34:02.793Z - [REQUEST]: apps/tournament-manager/src/tests/setupFiles.ts
[NX Daemon Server] - 2025-01-13T20:34:02.793Z - [REQUEST]: 
[NX Daemon Server] - 2025-01-13T20:34:02.795Z - Time taken for 'hash changed files from watcher' 0.1845419998280704ms
[NX Daemon Server] - 2025-01-13T20:34:02.805Z - Time taken for 'build-project-configs' 8.248250000178814ms
[NX Daemon Server] - 2025-01-13T20:34:02.818Z - [SYNC]: collect registered sync generators
[NX Daemon Server] - 2025-01-13T20:34:02.818Z - [SYNC]: project graph hash is the same, not collecting task sync generators
[NX Daemon Server] - 2025-01-13T20:34:02.818Z - [SYNC]: nx.json hash is the same, not collecting global sync generators
[NX Daemon Server] - 2025-01-13T20:34:02.818Z - [REQUEST]: Responding to the client. File watch changed
[NX Daemon Server] - 2025-01-13T20:34:02.818Z - Done responding to the client File watch changed
[NX Daemon Server] - 2025-01-13T20:34:02.818Z - Handled FILE-WATCH-CHANGED. Handling time: 0. Response time: 0.
[NX Daemon Server] - 2025-01-13T20:34:02.818Z - Time taken for 'total execution time for createProjectGraph()' 11.72345900023356ms
[NX Daemon Server] - 2025-01-13T20:34:03.822Z - Established a connection. Number of open connections: 3
[NX Daemon Server] - 2025-01-13T20:34:03.823Z - [REQUEST]: Client Request for Project Graph Received
[NX Daemon Server] - 2025-01-13T20:34:03.824Z - [REQUEST]: Responding to the client. project-graph
[NX Daemon Server] - 2025-01-13T20:34:03.825Z - Time taken for 'total for creating and serializing project graph' 0.3766660001128912ms
[NX Daemon Server] - 2025-01-13T20:34:03.825Z - Closed a connection. Number of open connections: 2
[NX Daemon Server] - 2025-01-13T20:34:03.827Z - Done responding to the client project-graph
[NX Daemon Server] - 2025-01-13T20:34:03.827Z - Handled REQUEST_PROJECT_GRAPH. Handling time: 1. Response time: 3.
[NX Daemon Server] - 2025-01-13T20:34:03.830Z - [REQUEST]: Responding to the client. handleContextFileData
[NX Daemon Server] - 2025-01-13T20:34:03.831Z - Done responding to the client handleContextFileData
[NX Daemon Server] - 2025-01-13T20:34:03.831Z - Handled GET_CONTEXT_FILE_DATA. Handling time: 0. Response time: 1.
[NX Daemon Server] - 2025-01-13T20:34:03.831Z - Closed a connection. Number of open connections: 1
[NX Daemon Server] - 2025-01-13T20:34:03.837Z - Closed a connection. Number of open connections: 0
[NX Daemon Server] - 2025-01-13T20:34:03.838Z - Established a connection. Number of open connections: 1
[NX Daemon Server] - 2025-01-13T20:34:03.838Z - Established a connection. Number of open connections: 2
[NX Daemon Server] - 2025-01-13T20:34:03.838Z - Closed a connection. Number of open connections: 1
[NX Daemon Server] - 2025-01-13T20:34:03.839Z - [REQUEST]: Client Request for Project Graph Received
[NX Daemon Server] - 2025-01-13T20:34:03.839Z - [REQUEST]: Responding to the client. project-graph
[NX Daemon Server] - 2025-01-13T20:34:03.839Z - Time taken for 'total for creating and serializing project graph' 0.15212500002235174ms
[NX Daemon Server] - 2025-01-13T20:34:03.840Z - Done responding to the client project-graph
[NX Daemon Server] - 2025-01-13T20:34:03.840Z - Handled REQUEST_PROJECT_GRAPH. Handling time: 0. Response time: 1.
[NX Daemon Server] - 2025-01-13T20:34:03.841Z - [REQUEST]: Client Request for Project Graph Received
[NX Daemon Server] - 2025-01-13T20:34:03.842Z - [REQUEST]: Responding to the client. project-graph
[NX Daemon Server] - 2025-01-13T20:34:03.842Z - Time taken for 'total for creating and serializing project graph' 0.11741700023412704ms
[NX Daemon Server] - 2025-01-13T20:34:03.843Z - Done responding to the client project-graph
[NX Daemon Server] - 2025-01-13T20:34:03.843Z - Handled REQUEST_PROJECT_GRAPH. Handling time: 1. Response time: 1.
[NX Daemon Server] - 2025-01-13T20:34:03.844Z - Established a connection. Number of open connections: 2
[NX Daemon Server] - 2025-01-13T20:34:05.594Z - [WATCHER]: apps/tournament-manager/tests was deleted
[NX Daemon Server] - 2025-01-13T20:34:05.594Z - [REQUEST]: Responding to the client. File watch changed
[NX Daemon Server] - 2025-01-13T20:34:05.594Z - Done responding to the client File watch changed
[NX Daemon Server] - 2025-01-13T20:34:05.594Z - Handled FILE-WATCH-CHANGED. Handling time: 0. Response time: 0.
[NX Daemon Server] - 2025-01-13T20:34:05.594Z - [WATCHER]: Processing file changes in outputs
[NX Daemon Server] - 2025-01-13T20:34:05.594Z - Time taken for 'changed-projects' 0.034083000384271145ms
[NX Daemon Server] - 2025-01-13T20:34:05.693Z - [REQUEST]: Updated workspace context based on watched changes, recomputing project graph...
[NX Daemon Server] - 2025-01-13T20:34:05.693Z - [REQUEST]: 
[NX Daemon Server] - 2025-01-13T20:34:05.693Z - [REQUEST]: apps/tournament-manager/tests
[NX Daemon Server] - 2025-01-13T20:34:05.694Z - Time taken for 'hash changed files from watcher' 0.08445800002664328ms
[NX Daemon Server] - 2025-01-13T20:34:05.699Z - Time taken for 'build-project-configs' 3.786125000100583ms
[NX Daemon Server] - 2025-01-13T20:34:05.705Z - [SYNC]: collect registered sync generators
[NX Daemon Server] - 2025-01-13T20:34:05.705Z - [SYNC]: project graph hash is the same, not collecting task sync generators
[NX Daemon Server] - 2025-01-13T20:34:05.705Z - [SYNC]: nx.json hash is the same, not collecting global sync generators
[NX Daemon Server] - 2025-01-13T20:34:05.705Z - Time taken for 'total execution time for createProjectGraph()' 5.107582999859005ms
[NX Daemon Server] - 2025-01-13T20:34:06.596Z - Established a connection. Number of open connections: 3
[NX Daemon Server] - 2025-01-13T20:34:06.597Z - [REQUEST]: Client Request for Project Graph Received
[NX Daemon Server] - 2025-01-13T20:34:06.597Z - [REQUEST]: Responding to the client. project-graph
[NX Daemon Server] - 2025-01-13T20:34:06.597Z - Time taken for 'total for creating and serializing project graph' 0.18870800035074353ms
[NX Daemon Server] - 2025-01-13T20:34:06.597Z - Closed a connection. Number of open connections: 2
[NX Daemon Server] - 2025-01-13T20:34:06.598Z - Done responding to the client project-graph
[NX Daemon Server] - 2025-01-13T20:34:06.599Z - Handled REQUEST_PROJECT_GRAPH. Handling time: 0. Response time: 2.
[NX Daemon Server] - 2025-01-13T20:34:06.601Z - [REQUEST]: Responding to the client. handleContextFileData
[NX Daemon Server] - 2025-01-13T20:34:06.601Z - Done responding to the client handleContextFileData
[NX Daemon Server] - 2025-01-13T20:34:06.601Z - Handled GET_CONTEXT_FILE_DATA. Handling time: 0. Response time: 0.
[NX Daemon Server] - 2025-01-13T20:34:06.601Z - Closed a connection. Number of open connections: 1
[NX Daemon Server] - 2025-01-13T20:34:06.604Z - Closed a connection. Number of open connections: 0
[NX Daemon Server] - 2025-01-13T20:34:06.605Z - Established a connection. Number of open connections: 1
[NX Daemon Server] - 2025-01-13T20:34:06.605Z - Established a connection. Number of open connections: 2
[NX Daemon Server] - 2025-01-13T20:34:06.605Z - Closed a connection. Number of open connections: 1
[NX Daemon Server] - 2025-01-13T20:34:06.606Z - [REQUEST]: Client Request for Project Graph Received
[NX Daemon Server] - 2025-01-13T20:34:06.606Z - [REQUEST]: Responding to the client. project-graph
[NX Daemon Server] - 2025-01-13T20:34:06.606Z - Time taken for 'total for creating and serializing project graph' 0.10650000022724271ms
[NX Daemon Server] - 2025-01-13T20:34:06.606Z - Done responding to the client project-graph
[NX Daemon Server] - 2025-01-13T20:34:06.606Z - Handled REQUEST_PROJECT_GRAPH. Handling time: 0. Response time: 0.
[NX Daemon Server] - 2025-01-13T20:34:06.608Z - [REQUEST]: Client Request for Project Graph Received
[NX Daemon Server] - 2025-01-13T20:34:06.608Z - [REQUEST]: Responding to the client. project-graph
[NX Daemon Server] - 2025-01-13T20:34:06.608Z - Time taken for 'total for creating and serializing project graph' 0.1350830001756549ms
[NX Daemon Server] - 2025-01-13T20:34:06.609Z - Done responding to the client project-graph
[NX Daemon Server] - 2025-01-13T20:34:06.609Z - Handled REQUEST_PROJECT_GRAPH. Handling time: 0. Response time: 1.
[NX Daemon Server] - 2025-01-13T20:34:06.610Z - Established a connection. Number of open connections: 2
[NX Daemon Server] - 2025-01-13T20:34:06.996Z - [WATCHER]: apps/tournament-manager/vitest.config.ts was modified
[NX Daemon Server] - 2025-01-13T20:34:06.996Z - [REQUEST]: Responding to the client. File watch changed
[NX Daemon Server] - 2025-01-13T20:34:06.996Z - Done responding to the client File watch changed
[NX Daemon Server] - 2025-01-13T20:34:06.996Z - Handled FILE-WATCH-CHANGED. Handling time: 0. Response time: 0.
[NX Daemon Server] - 2025-01-13T20:34:06.996Z - [WATCHER]: Processing file changes in outputs
[NX Daemon Server] - 2025-01-13T20:34:06.996Z - Time taken for 'changed-projects' 0.06104100029915571ms
[NX Daemon Server] - 2025-01-13T20:34:07.097Z - [REQUEST]: Updated workspace context based on watched changes, recomputing project graph...
[NX Daemon Server] - 2025-01-13T20:34:07.097Z - [REQUEST]: apps/tournament-manager/vitest.config.ts
[NX Daemon Server] - 2025-01-13T20:34:07.097Z - [REQUEST]: 
[NX Daemon Server] - 2025-01-13T20:34:07.099Z - Time taken for 'hash changed files from watcher' 0.17708300007507205ms
[NX Daemon Server] - 2025-01-13T20:34:07.105Z - Time taken for 'build-project-configs' 6.043041999917477ms
[NX Daemon Server] - 2025-01-13T20:34:07.115Z - [SYNC]: collect registered sync generators
[NX Daemon Server] - 2025-01-13T20:34:07.116Z - [SYNC]: project graph hash is the same, not collecting task sync generators
[NX Daemon Server] - 2025-01-13T20:34:07.116Z - [SYNC]: nx.json hash is the same, not collecting global sync generators
[NX Daemon Server] - 2025-01-13T20:34:07.116Z - Time taken for 'total execution time for createProjectGraph()' 8.205415999982506ms
[NX Daemon Server] - 2025-01-13T20:34:07.999Z - Established a connection. Number of open connections: 3
[NX Daemon Server] - 2025-01-13T20:34:08.000Z - [REQUEST]: Client Request for Project Graph Received
[NX Daemon Server] - 2025-01-13T20:34:08.000Z - [REQUEST]: Responding to the client. project-graph
[NX Daemon Server] - 2025-01-13T20:34:08.001Z - Time taken for 'total for creating and serializing project graph' 0.2227909998036921ms
[NX Daemon Server] - 2025-01-13T20:34:08.001Z - Closed a connection. Number of open connections: 2
[NX Daemon Server] - 2025-01-13T20:34:08.001Z - Done responding to the client project-graph
[NX Daemon Server] - 2025-01-13T20:34:08.001Z - Handled REQUEST_PROJECT_GRAPH. Handling time: 0. Response time: 1.
[NX Daemon Server] - 2025-01-13T20:34:08.003Z - [REQUEST]: Responding to the client. handleContextFileData
[NX Daemon Server] - 2025-01-13T20:34:08.003Z - Done responding to the client handleContextFileData
[NX Daemon Server] - 2025-01-13T20:34:08.003Z - Handled GET_CONTEXT_FILE_DATA. Handling time: 0. Response time: 0.
[NX Daemon Server] - 2025-01-13T20:34:08.003Z - Closed a connection. Number of open connections: 1
[NX Daemon Server] - 2025-01-13T20:34:08.006Z - Closed a connection. Number of open connections: 0
[NX Daemon Server] - 2025-01-13T20:34:08.006Z - Established a connection. Number of open connections: 1
[NX Daemon Server] - 2025-01-13T20:34:08.007Z - Established a connection. Number of open connections: 2
[NX Daemon Server] - 2025-01-13T20:34:08.007Z - Closed a connection. Number of open connections: 1
[NX Daemon Server] - 2025-01-13T20:34:08.007Z - [REQUEST]: Client Request for Project Graph Received
[NX Daemon Server] - 2025-01-13T20:34:08.007Z - [REQUEST]: Responding to the client. project-graph
[NX Daemon Server] - 2025-01-13T20:34:08.007Z - Time taken for 'total for creating and serializing project graph' 0.08804100006818771ms
[NX Daemon Server] - 2025-01-13T20:34:08.007Z - Done responding to the client project-graph
[NX Daemon Server] - 2025-01-13T20:34:08.007Z - Handled REQUEST_PROJECT_GRAPH. Handling time: 0. Response time: 0.
[NX Daemon Server] - 2025-01-13T20:34:08.008Z - [REQUEST]: Client Request for Project Graph Received
[NX Daemon Server] - 2025-01-13T20:34:08.009Z - [REQUEST]: Responding to the client. project-graph
[NX Daemon Server] - 2025-01-13T20:34:08.009Z - Time taken for 'total for creating and serializing project graph' 0.07620800007134676ms
[NX Daemon Server] - 2025-01-13T20:34:08.009Z - Done responding to the client project-graph
[NX Daemon Server] - 2025-01-13T20:34:08.009Z - Handled REQUEST_PROJECT_GRAPH. Handling time: 1. Response time: 0.
[NX Daemon Server] - 2025-01-13T20:34:08.010Z - Established a connection. Number of open connections: 2
[NX Daemon Server] - 2025-01-13T20:35:57.472Z - [WATCHER]: libs/utils/vitest.config.ts was modified
[NX Daemon Server] - 2025-01-13T20:35:57.475Z - [REQUEST]: Responding to the client. File watch changed
[NX Daemon Server] - 2025-01-13T20:35:57.475Z - Done responding to the client File watch changed
[NX Daemon Server] - 2025-01-13T20:35:57.475Z - Handled FILE-WATCH-CHANGED. Handling time: 0. Response time: 0.
[NX Daemon Server] - 2025-01-13T20:35:57.476Z - [WATCHER]: Processing file changes in outputs
[NX Daemon Server] - 2025-01-13T20:35:57.476Z - Time taken for 'changed-projects' 0.4313749996945262ms
[NX Daemon Server] - 2025-01-13T20:35:57.575Z - [REQUEST]: Updated workspace context based on watched changes, recomputing project graph...
[NX Daemon Server] - 2025-01-13T20:35:57.576Z - [REQUEST]: libs/utils/vitest.config.ts
[NX Daemon Server] - 2025-01-13T20:35:57.576Z - [REQUEST]: 
[NX Daemon Server] - 2025-01-13T20:35:57.580Z - Time taken for 'hash changed files from watcher' 0.15766699984669685ms
[NX Daemon Server] - 2025-01-13T20:35:57.594Z - Time taken for 'build-project-configs' 14.176084000151604ms
[NX Daemon Server] - 2025-01-13T20:35:57.605Z - [SYNC]: collect registered sync generators
[NX Daemon Server] - 2025-01-13T20:35:57.605Z - [SYNC]: project graph hash is the same, not collecting task sync generators
[NX Daemon Server] - 2025-01-13T20:35:57.605Z - [SYNC]: nx.json hash is the same, not collecting global sync generators
[NX Daemon Server] - 2025-01-13T20:35:57.605Z - Time taken for 'total execution time for createProjectGraph()' 9.941042000427842ms
[NX Daemon Server] - 2025-01-13T20:35:58.482Z - Established a connection. Number of open connections: 3
[NX Daemon Server] - 2025-01-13T20:35:58.482Z - [REQUEST]: Client Request for Project Graph Received
[NX Daemon Server] - 2025-01-13T20:35:58.482Z - [REQUEST]: Responding to the client. project-graph
[NX Daemon Server] - 2025-01-13T20:35:58.483Z - Time taken for 'total for creating and serializing project graph' 0.11858299979940057ms
[NX Daemon Server] - 2025-01-13T20:35:58.483Z - Closed a connection. Number of open connections: 2
[NX Daemon Server] - 2025-01-13T20:35:58.483Z - Done responding to the client project-graph
[NX Daemon Server] - 2025-01-13T20:35:58.483Z - Handled REQUEST_PROJECT_GRAPH. Handling time: 0. Response time: 1.
[NX Daemon Server] - 2025-01-13T20:35:58.485Z - [REQUEST]: Responding to the client. handleContextFileData
[NX Daemon Server] - 2025-01-13T20:35:58.485Z - Done responding to the client handleContextFileData
[NX Daemon Server] - 2025-01-13T20:35:58.485Z - Handled GET_CONTEXT_FILE_DATA. Handling time: 0. Response time: 0.
[NX Daemon Server] - 2025-01-13T20:35:58.486Z - Closed a connection. Number of open connections: 1
[NX Daemon Server] - 2025-01-13T20:35:58.492Z - Closed a connection. Number of open connections: 0
[NX Daemon Server] - 2025-01-13T20:35:58.492Z - Established a connection. Number of open connections: 1
[NX Daemon Server] - 2025-01-13T20:35:58.493Z - Established a connection. Number of open connections: 2
[NX Daemon Server] - 2025-01-13T20:35:58.493Z - Closed a connection. Number of open connections: 1
[NX Daemon Server] - 2025-01-13T20:35:58.493Z - [REQUEST]: Client Request for Project Graph Received
[NX Daemon Server] - 2025-01-13T20:35:58.493Z - [REQUEST]: Responding to the client. project-graph
[NX Daemon Server] - 2025-01-13T20:35:58.493Z - Time taken for 'total for creating and serializing project graph' 0.07316699996590614ms
[NX Daemon Server] - 2025-01-13T20:35:58.493Z - Done responding to the client project-graph
[NX Daemon Server] - 2025-01-13T20:35:58.493Z - Handled REQUEST_PROJECT_GRAPH. Handling time: 0. Response time: 0.
[NX Daemon Server] - 2025-01-13T20:35:58.495Z - [REQUEST]: Client Request for Project Graph Received
[NX Daemon Server] - 2025-01-13T20:35:58.495Z - [REQUEST]: Responding to the client. project-graph
[NX Daemon Server] - 2025-01-13T20:35:58.495Z - Time taken for 'total for creating and serializing project graph' 0.14179199980571866ms
[NX Daemon Server] - 2025-01-13T20:35:58.496Z - Done responding to the client project-graph
[NX Daemon Server] - 2025-01-13T20:35:58.496Z - Handled REQUEST_PROJECT_GRAPH. Handling time: 0. Response time: 1.
[NX Daemon Server] - 2025-01-13T20:35:58.497Z - Established a connection. Number of open connections: 2
[NX Daemon Server] - 2025-01-13T20:35:59.191Z - [WATCHER]: apps/tournament-manager/vitest.config.ts was modified
[NX Daemon Server] - 2025-01-13T20:35:59.192Z - [REQUEST]: Responding to the client. File watch changed
[NX Daemon Server] - 2025-01-13T20:35:59.192Z - Done responding to the client File watch changed
[NX Daemon Server] - 2025-01-13T20:35:59.192Z - Handled FILE-WATCH-CHANGED. Handling time: 0. Response time: 0.
[NX Daemon Server] - 2025-01-13T20:35:59.192Z - [WATCHER]: Processing file changes in outputs
[NX Daemon Server] - 2025-01-13T20:35:59.192Z - Time taken for 'changed-projects' 0.10266599990427494ms
[NX Daemon Server] - 2025-01-13T20:35:59.292Z - [REQUEST]: Updated workspace context based on watched changes, recomputing project graph...
[NX Daemon Server] - 2025-01-13T20:35:59.292Z - [REQUEST]: apps/tournament-manager/vitest.config.ts
[NX Daemon Server] - 2025-01-13T20:35:59.292Z - [REQUEST]: 
[NX Daemon Server] - 2025-01-13T20:35:59.294Z - Time taken for 'hash changed files from watcher' 0.18612500000745058ms
[NX Daemon Server] - 2025-01-13T20:35:59.302Z - Time taken for 'build-project-configs' 7.818999999668449ms
[NX Daemon Server] - 2025-01-13T20:35:59.313Z - [SYNC]: collect registered sync generators
[NX Daemon Server] - 2025-01-13T20:35:59.314Z - [SYNC]: project graph hash is the same, not collecting task sync generators
[NX Daemon Server] - 2025-01-13T20:35:59.314Z - [SYNC]: nx.json hash is the same, not collecting global sync generators
[NX Daemon Server] - 2025-01-13T20:35:59.314Z - Time taken for 'total execution time for createProjectGraph()' 9.011666999664158ms
[NX Daemon Server] - 2025-01-13T20:36:00.195Z - Established a connection. Number of open connections: 3
[NX Daemon Server] - 2025-01-13T20:36:00.195Z - [REQUEST]: Client Request for Project Graph Received
[NX Daemon Server] - 2025-01-13T20:36:00.196Z - [REQUEST]: Responding to the client. project-graph
[NX Daemon Server] - 2025-01-13T20:36:00.196Z - Time taken for 'total for creating and serializing project graph' 0.21970799984410405ms
[NX Daemon Server] - 2025-01-13T20:36:00.196Z - Closed a connection. Number of open connections: 2
[NX Daemon Server] - 2025-01-13T20:36:00.197Z - Done responding to the client project-graph
[NX Daemon Server] - 2025-01-13T20:36:00.197Z - Handled REQUEST_PROJECT_GRAPH. Handling time: 1. Response time: 1.
[NX Daemon Server] - 2025-01-13T20:36:00.200Z - [REQUEST]: Responding to the client. handleContextFileData
[NX Daemon Server] - 2025-01-13T20:36:00.200Z - Done responding to the client handleContextFileData
[NX Daemon Server] - 2025-01-13T20:36:00.200Z - Handled GET_CONTEXT_FILE_DATA. Handling time: 1. Response time: 0.
[NX Daemon Server] - 2025-01-13T20:36:00.200Z - Closed a connection. Number of open connections: 1
[NX Daemon Server] - 2025-01-13T20:36:00.203Z - Closed a connection. Number of open connections: 0
[NX Daemon Server] - 2025-01-13T20:36:00.205Z - Established a connection. Number of open connections: 1
[NX Daemon Server] - 2025-01-13T20:36:00.205Z - Established a connection. Number of open connections: 2
[NX Daemon Server] - 2025-01-13T20:36:00.205Z - Closed a connection. Number of open connections: 1
[NX Daemon Server] - 2025-01-13T20:36:00.205Z - [REQUEST]: Client Request for Project Graph Received
[NX Daemon Server] - 2025-01-13T20:36:00.205Z - [REQUEST]: Responding to the client. project-graph
[NX Daemon Server] - 2025-01-13T20:36:00.206Z - Time taken for 'total for creating and serializing project graph' 0.13470799988135695ms
[NX Daemon Server] - 2025-01-13T20:36:00.206Z - Done responding to the client project-graph
[NX Daemon Server] - 2025-01-13T20:36:00.206Z - Handled REQUEST_PROJECT_GRAPH. Handling time: 0. Response time: 1.
[NX Daemon Server] - 2025-01-13T20:36:00.207Z - [REQUEST]: Client Request for Project Graph Received
[NX Daemon Server] - 2025-01-13T20:36:00.208Z - [REQUEST]: Responding to the client. project-graph
[NX Daemon Server] - 2025-01-13T20:36:00.208Z - Time taken for 'total for creating and serializing project graph' 0.08533299993723631ms
[NX Daemon Server] - 2025-01-13T20:36:00.208Z - Done responding to the client project-graph
[NX Daemon Server] - 2025-01-13T20:36:00.208Z - Handled REQUEST_PROJECT_GRAPH. Handling time: 1. Response time: 0.
[NX Daemon Server] - 2025-01-13T20:36:00.210Z - Established a connection. Number of open connections: 2
[NX Daemon Server] - 2025-01-13T20:36:01.330Z - [WATCHER]: apps/tournament-manager/vitest.config.ts was modified
[NX Daemon Server] - 2025-01-13T20:36:01.330Z - [REQUEST]: Responding to the client. File watch changed
[NX Daemon Server] - 2025-01-13T20:36:01.330Z - Done responding to the client File watch changed
[NX Daemon Server] - 2025-01-13T20:36:01.330Z - Handled FILE-WATCH-CHANGED. Handling time: 0. Response time: 0.
[NX Daemon Server] - 2025-01-13T20:36:01.330Z - [WATCHER]: Processing file changes in outputs
[NX Daemon Server] - 2025-01-13T20:36:01.330Z - Time taken for 'changed-projects' 0.04775000037625432ms
[NX Daemon Server] - 2025-01-13T20:36:01.430Z - [REQUEST]: Updated workspace context based on watched changes, recomputing project graph...
[NX Daemon Server] - 2025-01-13T20:36:01.430Z - [REQUEST]: apps/tournament-manager/vitest.config.ts
[NX Daemon Server] - 2025-01-13T20:36:01.430Z - [REQUEST]: 
[NX Daemon Server] - 2025-01-13T20:36:01.431Z - Time taken for 'hash changed files from watcher' 0.2046670001000166ms
[NX Daemon Server] - 2025-01-13T20:36:01.438Z - Time taken for 'build-project-configs' 6.115125000011176ms
[NX Daemon Server] - 2025-01-13T20:36:01.448Z - [SYNC]: collect registered sync generators
[NX Daemon Server] - 2025-01-13T20:36:01.449Z - [SYNC]: project graph hash is the same, not collecting task sync generators
[NX Daemon Server] - 2025-01-13T20:36:01.449Z - [SYNC]: nx.json hash is the same, not collecting global sync generators
[NX Daemon Server] - 2025-01-13T20:36:01.449Z - Time taken for 'total execution time for createProjectGraph()' 8.473292000126094ms
[NX Daemon Server] - 2025-01-13T20:36:02.335Z - Established a connection. Number of open connections: 3
[NX Daemon Server] - 2025-01-13T20:36:02.336Z - [REQUEST]: Client Request for Project Graph Received
[NX Daemon Server] - 2025-01-13T20:36:02.336Z - [REQUEST]: Responding to the client. project-graph
[NX Daemon Server] - 2025-01-13T20:36:02.337Z - Time taken for 'total for creating and serializing project graph' 0.21050000004470348ms
[NX Daemon Server] - 2025-01-13T20:36:02.337Z - Closed a connection. Number of open connections: 2
[NX Daemon Server] - 2025-01-13T20:36:02.339Z - Done responding to the client project-graph
[NX Daemon Server] - 2025-01-13T20:36:02.339Z - Handled REQUEST_PROJECT_GRAPH. Handling time: 0. Response time: 3.
[NX Daemon Server] - 2025-01-13T20:36:02.342Z - [REQUEST]: Responding to the client. handleContextFileData
[NX Daemon Server] - 2025-01-13T20:36:02.342Z - Done responding to the client handleContextFileData
[NX Daemon Server] - 2025-01-13T20:36:02.342Z - Handled GET_CONTEXT_FILE_DATA. Handling time: 0. Response time: 0.
[NX Daemon Server] - 2025-01-13T20:36:02.342Z - Closed a connection. Number of open connections: 1
[NX Daemon Server] - 2025-01-13T20:36:02.347Z - Closed a connection. Number of open connections: 0
[NX Daemon Server] - 2025-01-13T20:36:02.348Z - Established a connection. Number of open connections: 1
[NX Daemon Server] - 2025-01-13T20:36:02.348Z - Established a connection. Number of open connections: 2
[NX Daemon Server] - 2025-01-13T20:36:02.348Z - Closed a connection. Number of open connections: 1
[NX Daemon Server] - 2025-01-13T20:36:02.348Z - [REQUEST]: Client Request for Project Graph Received
[NX Daemon Server] - 2025-01-13T20:36:02.349Z - [REQUEST]: Responding to the client. project-graph
[NX Daemon Server] - 2025-01-13T20:36:02.349Z - Time taken for 'total for creating and serializing project graph' 0.1372079998254776ms
[NX Daemon Server] - 2025-01-13T20:36:02.350Z - Done responding to the client project-graph
[NX Daemon Server] - 2025-01-13T20:36:02.350Z - Handled REQUEST_PROJECT_GRAPH. Handling time: 1. Response time: 1.
[NX Daemon Server] - 2025-01-13T20:36:02.351Z - [REQUEST]: Client Request for Project Graph Received
[NX Daemon Server] - 2025-01-13T20:36:02.351Z - [REQUEST]: Responding to the client. project-graph
[NX Daemon Server] - 2025-01-13T20:36:02.351Z - Time taken for 'total for creating and serializing project graph' 0.10449999989941716ms
[NX Daemon Server] - 2025-01-13T20:36:02.352Z - Done responding to the client project-graph
[NX Daemon Server] - 2025-01-13T20:36:02.352Z - Handled REQUEST_PROJECT_GRAPH. Handling time: 0. Response time: 1.
[NX Daemon Server] - 2025-01-13T20:36:02.354Z - Established a connection. Number of open connections: 2
[NX Daemon Server] - 2025-01-13T20:36:04.368Z - [WATCHER]: libs/ui-components/vite.config.js.timestamp-1736800564305-1336d1207a8fc.mjs was deleted
[NX Daemon Server] - 2025-01-13T20:36:04.368Z - [REQUEST]: Responding to the client. File watch changed
[NX Daemon Server] - 2025-01-13T20:36:04.368Z - Done responding to the client File watch changed
[NX Daemon Server] - 2025-01-13T20:36:04.368Z - Handled FILE-WATCH-CHANGED. Handling time: 0. Response time: 0.
[NX Daemon Server] - 2025-01-13T20:36:04.368Z - [WATCHER]: Processing file changes in outputs
[NX Daemon Server] - 2025-01-13T20:36:04.368Z - Time taken for 'changed-projects' 0.036915999837219715ms
[NX Daemon Server] - 2025-01-13T20:36:04.468Z - [REQUEST]: Updated workspace context based on watched changes, recomputing project graph...
[NX Daemon Server] - 2025-01-13T20:36:04.468Z - [REQUEST]: 
[NX Daemon Server] - 2025-01-13T20:36:04.468Z - [REQUEST]: libs/ui-components/vite.config.js.timestamp-1736800564305-1336d1207a8fc.mjs
[NX Daemon Server] - 2025-01-13T20:36:04.469Z - Time taken for 'hash changed files from watcher' 0.08704099990427494ms
[NX Daemon Server] - 2025-01-13T20:36:04.474Z - Time taken for 'build-project-configs' 4.247874999884516ms
[NX Daemon Server] - 2025-01-13T20:36:04.483Z - [SYNC]: collect registered sync generators
[NX Daemon Server] - 2025-01-13T20:36:04.483Z - [SYNC]: project graph hash is the same, not collecting task sync generators
[NX Daemon Server] - 2025-01-13T20:36:04.483Z - [SYNC]: nx.json hash is the same, not collecting global sync generators
[NX Daemon Server] - 2025-01-13T20:36:04.484Z - Time taken for 'total execution time for createProjectGraph()' 7.345749999862164ms
[NX Daemon Server] - 2025-01-13T20:36:05.372Z - Established a connection. Number of open connections: 3
[NX Daemon Server] - 2025-01-13T20:36:05.372Z - [REQUEST]: Client Request for Project Graph Received
[NX Daemon Server] - 2025-01-13T20:36:05.372Z - [REQUEST]: Responding to the client. project-graph
[NX Daemon Server] - 2025-01-13T20:36:05.373Z - Time taken for 'total for creating and serializing project graph' 0.30308299977332354ms
[NX Daemon Server] - 2025-01-13T20:36:05.373Z - Closed a connection. Number of open connections: 2
[NX Daemon Server] - 2025-01-13T20:36:05.374Z - Done responding to the client project-graph
[NX Daemon Server] - 2025-01-13T20:36:05.374Z - Handled REQUEST_PROJECT_GRAPH. Handling time: 0. Response time: 2.
[NX Daemon Server] - 2025-01-13T20:36:05.379Z - [REQUEST]: Responding to the client. handleContextFileData
[NX Daemon Server] - 2025-01-13T20:36:05.379Z - Done responding to the client handleContextFileData
[NX Daemon Server] - 2025-01-13T20:36:05.379Z - Handled GET_CONTEXT_FILE_DATA. Handling time: 1. Response time: 0.
[NX Daemon Server] - 2025-01-13T20:36:05.379Z - Closed a connection. Number of open connections: 1
[NX Daemon Server] - 2025-01-13T20:36:05.382Z - Closed a connection. Number of open connections: 0
[NX Daemon Server] - 2025-01-13T20:36:05.383Z - Established a connection. Number of open connections: 1
[NX Daemon Server] - 2025-01-13T20:36:05.383Z - Established a connection. Number of open connections: 2
[NX Daemon Server] - 2025-01-13T20:36:05.383Z - Closed a connection. Number of open connections: 1
[NX Daemon Server] - 2025-01-13T20:36:05.383Z - [REQUEST]: Client Request for Project Graph Received
[NX Daemon Server] - 2025-01-13T20:36:05.383Z - [REQUEST]: Responding to the client. project-graph
[NX Daemon Server] - 2025-01-13T20:36:05.384Z - Time taken for 'total for creating and serializing project graph' 0.12945799995213747ms
[NX Daemon Server] - 2025-01-13T20:36:05.385Z - Done responding to the client project-graph
[NX Daemon Server] - 2025-01-13T20:36:05.385Z - Handled REQUEST_PROJECT_GRAPH. Handling time: 0. Response time: 2.
[NX Daemon Server] - 2025-01-13T20:36:05.386Z - [REQUEST]: Client Request for Project Graph Received
[NX Daemon Server] - 2025-01-13T20:36:05.386Z - [REQUEST]: Responding to the client. project-graph
[NX Daemon Server] - 2025-01-13T20:36:05.387Z - Time taken for 'total for creating and serializing project graph' 0.14524999959394336ms
[NX Daemon Server] - 2025-01-13T20:36:05.387Z - Done responding to the client project-graph
[NX Daemon Server] - 2025-01-13T20:36:05.387Z - Handled REQUEST_PROJECT_GRAPH. Handling time: 0. Response time: 1.
[NX Daemon Server] - 2025-01-13T20:36:05.389Z - Established a connection. Number of open connections: 2
[NX Daemon Server] - 2025-01-13T20:46:33.360Z - [WATCHER]: libs/utils/vitest.config.ts was modified
[NX Daemon Server] - 2025-01-13T20:46:33.361Z - [REQUEST]: Responding to the client. File watch changed
[NX Daemon Server] - 2025-01-13T20:46:33.362Z - Done responding to the client File watch changed
[NX Daemon Server] - 2025-01-13T20:46:33.362Z - Handled FILE-WATCH-CHANGED. Handling time: 0. Response time: 1.
[NX Daemon Server] - 2025-01-13T20:46:33.362Z - [WATCHER]: Processing file changes in outputs
[NX Daemon Server] - 2025-01-13T20:46:33.362Z - Time taken for 'changed-projects' 0.09708300046622753ms
[NX Daemon Server] - 2025-01-13T20:46:33.463Z - [REQUEST]: Updated workspace context based on watched changes, recomputing project graph...
[NX Daemon Server] - 2025-01-13T20:46:33.463Z - [REQUEST]: libs/utils/vitest.config.ts
[NX Daemon Server] - 2025-01-13T20:46:33.463Z - [REQUEST]: 
[NX Daemon Server] - 2025-01-13T20:46:33.465Z - Time taken for 'hash changed files from watcher' 0.12433300074189901ms
[NX Daemon Server] - 2025-01-13T20:46:33.478Z - Time taken for 'build-project-configs' 12.644666000269353ms
[NX Daemon Server] - 2025-01-13T20:46:33.487Z - [SYNC]: collect registered sync generators
[NX Daemon Server] - 2025-01-13T20:46:33.488Z - [SYNC]: project graph hash is the same, not collecting task sync generators
[NX Daemon Server] - 2025-01-13T20:46:33.488Z - [SYNC]: nx.json hash is the same, not collecting global sync generators
[NX Daemon Server] - 2025-01-13T20:46:33.488Z - Time taken for 'total execution time for createProjectGraph()' 8.325999999418855ms
[NX Daemon Server] - 2025-01-13T20:46:34.371Z - Established a connection. Number of open connections: 3
[NX Daemon Server] - 2025-01-13T20:46:34.372Z - [REQUEST]: Client Request for Project Graph Received
[NX Daemon Server] - 2025-01-13T20:46:34.372Z - [REQUEST]: Responding to the client. project-graph
[NX Daemon Server] - 2025-01-13T20:46:34.373Z - Time taken for 'total for creating and serializing project graph' 0.2505419999361038ms
[NX Daemon Server] - 2025-01-13T20:46:34.373Z - Closed a connection. Number of open connections: 2
[NX Daemon Server] - 2025-01-13T20:46:34.374Z - Done responding to the client project-graph
[NX Daemon Server] - 2025-01-13T20:46:34.374Z - Handled REQUEST_PROJECT_GRAPH. Handling time: 0. Response time: 2.
[NX Daemon Server] - 2025-01-13T20:46:34.377Z - [REQUEST]: Responding to the client. handleContextFileData
[NX Daemon Server] - 2025-01-13T20:46:34.377Z - Done responding to the client handleContextFileData
[NX Daemon Server] - 2025-01-13T20:46:34.377Z - Handled GET_CONTEXT_FILE_DATA. Handling time: 0. Response time: 0.
[NX Daemon Server] - 2025-01-13T20:46:34.378Z - Closed a connection. Number of open connections: 1
[NX Daemon Server] - 2025-01-13T20:46:34.386Z - Closed a connection. Number of open connections: 0
[NX Daemon Server] - 2025-01-13T20:46:34.387Z - Established a connection. Number of open connections: 1
[NX Daemon Server] - 2025-01-13T20:46:34.387Z - Established a connection. Number of open connections: 2
[NX Daemon Server] - 2025-01-13T20:46:34.387Z - Closed a connection. Number of open connections: 1
[NX Daemon Server] - 2025-01-13T20:46:34.388Z - [REQUEST]: Client Request for Project Graph Received
[NX Daemon Server] - 2025-01-13T20:46:34.388Z - [REQUEST]: Responding to the client. project-graph
[NX Daemon Server] - 2025-01-13T20:46:34.388Z - Time taken for 'total for creating and serializing project graph' 0.1172919999808073ms
[NX Daemon Server] - 2025-01-13T20:46:34.388Z - Done responding to the client project-graph
[NX Daemon Server] - 2025-01-13T20:46:34.389Z - Handled REQUEST_PROJECT_GRAPH. Handling time: 0. Response time: 1.
[NX Daemon Server] - 2025-01-13T20:46:34.390Z - [REQUEST]: Client Request for Project Graph Received
[NX Daemon Server] - 2025-01-13T20:46:34.390Z - [REQUEST]: Responding to the client. project-graph
[NX Daemon Server] - 2025-01-13T20:46:34.391Z - Time taken for 'total for creating and serializing project graph' 0.09200000017881393ms
[NX Daemon Server] - 2025-01-13T20:46:34.392Z - Done responding to the client project-graph
[NX Daemon Server] - 2025-01-13T20:46:34.392Z - Handled REQUEST_PROJECT_GRAPH. Handling time: 0. Response time: 2.
[NX Daemon Server] - 2025-01-13T20:46:34.393Z - Established a connection. Number of open connections: 2
[NX Daemon Server] - 2025-01-13T20:46:40.978Z - [WATCHER]: libs/ui-components/vite.config.js.timestamp-1736801200914-6d2eacc1c85d7.mjs was deleted
[NX Daemon Server] - 2025-01-13T20:46:40.979Z - [REQUEST]: Responding to the client. File watch changed
[NX Daemon Server] - 2025-01-13T20:46:40.979Z - Done responding to the client File watch changed
[NX Daemon Server] - 2025-01-13T20:46:40.979Z - Handled FILE-WATCH-CHANGED. Handling time: 0. Response time: 0.
[NX Daemon Server] - 2025-01-13T20:46:40.979Z - [WATCHER]: Processing file changes in outputs
[NX Daemon Server] - 2025-01-13T20:46:40.979Z - Time taken for 'changed-projects' 0.15754100028425455ms
[NX Daemon Server] - 2025-01-13T20:46:41.078Z - [REQUEST]: Updated workspace context based on watched changes, recomputing project graph...
[NX Daemon Server] - 2025-01-13T20:46:41.079Z - [REQUEST]: 
[NX Daemon Server] - 2025-01-13T20:46:41.079Z - [REQUEST]: libs/ui-components/vite.config.js.timestamp-1736801200914-6d2eacc1c85d7.mjs
[NX Daemon Server] - 2025-01-13T20:46:41.080Z - Time taken for 'hash changed files from watcher' 0.12220800016075373ms
[NX Daemon Server] - 2025-01-13T20:46:41.085Z - Time taken for 'build-project-configs' 4.336583000607789ms
[NX Daemon Server] - 2025-01-13T20:46:41.094Z - [SYNC]: collect registered sync generators
[NX Daemon Server] - 2025-01-13T20:46:41.094Z - [SYNC]: project graph hash is the same, not collecting task sync generators
[NX Daemon Server] - 2025-01-13T20:46:41.094Z - [SYNC]: nx.json hash is the same, not collecting global sync generators
[NX Daemon Server] - 2025-01-13T20:46:41.094Z - Time taken for 'total execution time for createProjectGraph()' 7.644834000617266ms
[NX Daemon Server] - 2025-01-13T20:46:41.982Z - Established a connection. Number of open connections: 3
[NX Daemon Server] - 2025-01-13T20:46:41.982Z - [REQUEST]: Client Request for Project Graph Received
[NX Daemon Server] - 2025-01-13T20:46:41.982Z - [REQUEST]: Responding to the client. project-graph
[NX Daemon Server] - 2025-01-13T20:46:41.983Z - Time taken for 'total for creating and serializing project graph' 0.15087500028312206ms
[NX Daemon Server] - 2025-01-13T20:46:41.983Z - Closed a connection. Number of open connections: 2
[NX Daemon Server] - 2025-01-13T20:46:41.984Z - Done responding to the client project-graph
[NX Daemon Server] - 2025-01-13T20:46:41.984Z - Handled REQUEST_PROJECT_GRAPH. Handling time: 0. Response time: 2.
[NX Daemon Server] - 2025-01-13T20:46:41.986Z - [REQUEST]: Responding to the client. handleContextFileData
[NX Daemon Server] - 2025-01-13T20:46:41.986Z - Done responding to the client handleContextFileData
[NX Daemon Server] - 2025-01-13T20:46:41.986Z - Handled GET_CONTEXT_FILE_DATA. Handling time: 0. Response time: 0.
[NX Daemon Server] - 2025-01-13T20:46:41.986Z - Closed a connection. Number of open connections: 1
[NX Daemon Server] - 2025-01-13T20:46:41.990Z - Closed a connection. Number of open connections: 0
[NX Daemon Server] - 2025-01-13T20:46:41.992Z - Established a connection. Number of open connections: 1
[NX Daemon Server] - 2025-01-13T20:46:41.992Z - Established a connection. Number of open connections: 2
[NX Daemon Server] - 2025-01-13T20:46:41.992Z - Closed a connection. Number of open connections: 1
[NX Daemon Server] - 2025-01-13T20:46:41.992Z - [REQUEST]: Client Request for Project Graph Received
[NX Daemon Server] - 2025-01-13T20:46:41.992Z - [REQUEST]: Responding to the client. project-graph
[NX Daemon Server] - 2025-01-13T20:46:41.992Z - Time taken for 'total for creating and serializing project graph' 0.09216700028628111ms
[NX Daemon Server] - 2025-01-13T20:46:41.993Z - Done responding to the client project-graph
[NX Daemon Server] - 2025-01-13T20:46:41.993Z - Handled REQUEST_PROJECT_GRAPH. Handling time: 0. Response time: 1.
[NX Daemon Server] - 2025-01-13T20:46:41.994Z - [REQUEST]: Client Request for Project Graph Received
[NX Daemon Server] - 2025-01-13T20:46:41.994Z - [REQUEST]: Responding to the client. project-graph
[NX Daemon Server] - 2025-01-13T20:46:41.994Z - Time taken for 'total for creating and serializing project graph' 0.08041600044816732ms
[NX Daemon Server] - 2025-01-13T20:46:41.995Z - Done responding to the client project-graph
[NX Daemon Server] - 2025-01-13T20:46:41.995Z - Handled REQUEST_PROJECT_GRAPH. Handling time: 0. Response time: 1.
[NX Daemon Server] - 2025-01-13T20:46:41.996Z - Established a connection. Number of open connections: 2
[NX Daemon Server] - 2025-01-13T20:46:42.347Z - [WATCHER]: libs/utils/vitest.config.ts was modified
[NX Daemon Server] - 2025-01-13T20:46:42.347Z - [REQUEST]: Responding to the client. File watch changed
[NX Daemon Server] - 2025-01-13T20:46:42.348Z - Done responding to the client File watch changed
[NX Daemon Server] - 2025-01-13T20:46:42.348Z - Handled FILE-WATCH-CHANGED. Handling time: 0. Response time: 1.
[NX Daemon Server] - 2025-01-13T20:46:42.348Z - [WATCHER]: Processing file changes in outputs
[NX Daemon Server] - 2025-01-13T20:46:42.348Z - Time taken for 'changed-projects' 0.04095900058746338ms
[NX Daemon Server] - 2025-01-13T20:46:42.448Z - [REQUEST]: Updated workspace context based on watched changes, recomputing project graph...
[NX Daemon Server] - 2025-01-13T20:46:42.448Z - [REQUEST]: libs/utils/vitest.config.ts
[NX Daemon Server] - 2025-01-13T20:46:42.448Z - [REQUEST]: 
[NX Daemon Server] - 2025-01-13T20:46:42.451Z - Time taken for 'hash changed files from watcher' 0.1909170001745224ms
[NX Daemon Server] - 2025-01-13T20:46:42.459Z - Time taken for 'build-project-configs' 6.337208000011742ms
[NX Daemon Server] - 2025-01-13T20:46:42.469Z - [SYNC]: collect registered sync generators
[NX Daemon Server] - 2025-01-13T20:46:42.470Z - [SYNC]: project graph hash is the same, not collecting task sync generators
[NX Daemon Server] - 2025-01-13T20:46:42.470Z - [SYNC]: nx.json hash is the same, not collecting global sync generators
[NX Daemon Server] - 2025-01-13T20:46:42.470Z - Time taken for 'total execution time for createProjectGraph()' 9.283041999675333ms
[NX Daemon Server] - 2025-01-13T20:46:43.361Z - Established a connection. Number of open connections: 3
[NX Daemon Server] - 2025-01-13T20:46:43.364Z - [REQUEST]: Client Request for Project Graph Received
[NX Daemon Server] - 2025-01-13T20:46:43.365Z - [REQUEST]: Responding to the client. project-graph
[NX Daemon Server] - 2025-01-13T20:46:43.365Z - Time taken for 'total for creating and serializing project graph' 0.5767909996211529ms
[NX Daemon Server] - 2025-01-13T20:46:43.366Z - Closed a connection. Number of open connections: 2
[NX Daemon Server] - 2025-01-13T20:46:43.369Z - Done responding to the client project-graph
[NX Daemon Server] - 2025-01-13T20:46:43.369Z - Handled REQUEST_PROJECT_GRAPH. Handling time: 1. Response time: 4.
[NX Daemon Server] - 2025-01-13T20:46:43.375Z - [REQUEST]: Responding to the client. handleContextFileData
[NX Daemon Server] - 2025-01-13T20:46:43.375Z - Done responding to the client handleContextFileData
[NX Daemon Server] - 2025-01-13T20:46:43.375Z - Handled GET_CONTEXT_FILE_DATA. Handling time: 1. Response time: 0.
[NX Daemon Server] - 2025-01-13T20:46:43.376Z - Closed a connection. Number of open connections: 1
[NX Daemon Server] - 2025-01-13T20:46:43.385Z - Closed a connection. Number of open connections: 0
[NX Daemon Server] - 2025-01-13T20:46:43.386Z - Established a connection. Number of open connections: 1
[NX Daemon Server] - 2025-01-13T20:46:43.386Z - Established a connection. Number of open connections: 2
[NX Daemon Server] - 2025-01-13T20:46:43.386Z - Closed a connection. Number of open connections: 1
[NX Daemon Server] - 2025-01-13T20:46:43.386Z - [REQUEST]: Client Request for Project Graph Received
[NX Daemon Server] - 2025-01-13T20:46:43.386Z - [REQUEST]: Responding to the client. project-graph
[NX Daemon Server] - 2025-01-13T20:46:43.387Z - Time taken for 'total for creating and serializing project graph' 0.08679099939763546ms
[NX Daemon Server] - 2025-01-13T20:46:43.387Z - Done responding to the client project-graph
[NX Daemon Server] - 2025-01-13T20:46:43.387Z - Handled REQUEST_PROJECT_GRAPH. Handling time: 0. Response time: 1.
[NX Daemon Server] - 2025-01-13T20:46:43.389Z - [REQUEST]: Client Request for Project Graph Received
[NX Daemon Server] - 2025-01-13T20:46:43.389Z - [REQUEST]: Responding to the client. project-graph
[NX Daemon Server] - 2025-01-13T20:46:43.389Z - Time taken for 'total for creating and serializing project graph' 0.07708299998193979ms
[NX Daemon Server] - 2025-01-13T20:46:43.390Z - Done responding to the client project-graph
[NX Daemon Server] - 2025-01-13T20:46:43.390Z - Handled REQUEST_PROJECT_GRAPH. Handling time: 0. Response time: 1.
[NX Daemon Server] - 2025-01-13T20:46:43.391Z - Established a connection. Number of open connections: 2
[NX Daemon Server] - 2025-01-13T20:46:49.804Z - [WATCHER]: libs/ui-components/vite.config.js.timestamp-1736801209741-88f8d0cc250c7.mjs was deleted
[NX Daemon Server] - 2025-01-13T20:46:49.805Z - [REQUEST]: Responding to the client. File watch changed
[NX Daemon Server] - 2025-01-13T20:46:49.805Z - Done responding to the client File watch changed
[NX Daemon Server] - 2025-01-13T20:46:49.805Z - Handled FILE-WATCH-CHANGED. Handling time: 0. Response time: 0.
[NX Daemon Server] - 2025-01-13T20:46:49.805Z - [WATCHER]: Processing file changes in outputs
[NX Daemon Server] - 2025-01-13T20:46:49.805Z - Time taken for 'changed-projects' 0.037749999202787876ms
[NX Daemon Server] - 2025-01-13T20:46:49.904Z - [REQUEST]: Updated workspace context based on watched changes, recomputing project graph...
[NX Daemon Server] - 2025-01-13T20:46:49.904Z - [REQUEST]: 
[NX Daemon Server] - 2025-01-13T20:46:49.904Z - [REQUEST]: libs/ui-components/vite.config.js.timestamp-1736801209741-88f8d0cc250c7.mjs
[NX Daemon Server] - 2025-01-13T20:46:49.905Z - Time taken for 'hash changed files from watcher' 0.08962500002235174ms
[NX Daemon Server] - 2025-01-13T20:46:49.911Z - Time taken for 'build-project-configs' 4.996874999254942ms
[NX Daemon Server] - 2025-01-13T20:46:49.917Z - [SYNC]: collect registered sync generators
[NX Daemon Server] - 2025-01-13T20:46:49.918Z - [SYNC]: project graph hash is the same, not collecting task sync generators
[NX Daemon Server] - 2025-01-13T20:46:49.918Z - [SYNC]: nx.json hash is the same, not collecting global sync generators
[NX Daemon Server] - 2025-01-13T20:46:49.918Z - Time taken for 'total execution time for createProjectGraph()' 5.377834000624716ms
[NX Daemon Server] - 2025-01-13T20:46:50.810Z - Established a connection. Number of open connections: 3
[NX Daemon Server] - 2025-01-13T20:46:50.812Z - [REQUEST]: Client Request for Project Graph Received
[NX Daemon Server] - 2025-01-13T20:46:50.812Z - [REQUEST]: Responding to the client. project-graph
[NX Daemon Server] - 2025-01-13T20:46:50.813Z - Time taken for 'total for creating and serializing project graph' 0.2587909996509552ms
[NX Daemon Server] - 2025-01-13T20:46:50.813Z - Closed a connection. Number of open connections: 2
[NX Daemon Server] - 2025-01-13T20:46:50.815Z - Done responding to the client project-graph
[NX Daemon Server] - 2025-01-13T20:46:50.815Z - Handled REQUEST_PROJECT_GRAPH. Handling time: 1. Response time: 3.
[NX Daemon Server] - 2025-01-13T20:46:50.819Z - [REQUEST]: Responding to the client. handleContextFileData
[NX Daemon Server] - 2025-01-13T20:46:50.819Z - Done responding to the client handleContextFileData
[NX Daemon Server] - 2025-01-13T20:46:50.819Z - Handled GET_CONTEXT_FILE_DATA. Handling time: 0. Response time: 0.
[NX Daemon Server] - 2025-01-13T20:46:50.819Z - Closed a connection. Number of open connections: 1
[NX Daemon Server] - 2025-01-13T20:46:50.824Z - Closed a connection. Number of open connections: 0
[NX Daemon Server] - 2025-01-13T20:46:50.825Z - Established a connection. Number of open connections: 1
[NX Daemon Server] - 2025-01-13T20:46:50.825Z - Established a connection. Number of open connections: 2
[NX Daemon Server] - 2025-01-13T20:46:50.825Z - Closed a connection. Number of open connections: 1
[NX Daemon Server] - 2025-01-13T20:46:50.826Z - [REQUEST]: Client Request for Project Graph Received
[NX Daemon Server] - 2025-01-13T20:46:50.826Z - [REQUEST]: Responding to the client. project-graph
[NX Daemon Server] - 2025-01-13T20:46:50.826Z - Time taken for 'total for creating and serializing project graph' 0.14512500073760748ms
[NX Daemon Server] - 2025-01-13T20:46:50.827Z - Done responding to the client project-graph
[NX Daemon Server] - 2025-01-13T20:46:50.827Z - Handled REQUEST_PROJECT_GRAPH. Handling time: 0. Response time: 1.
[NX Daemon Server] - 2025-01-13T20:46:50.829Z - [REQUEST]: Client Request for Project Graph Received
[NX Daemon Server] - 2025-01-13T20:46:50.829Z - [REQUEST]: Responding to the client. project-graph
[NX Daemon Server] - 2025-01-13T20:46:50.829Z - Time taken for 'total for creating and serializing project graph' 0.09387500025331974ms
[NX Daemon Server] - 2025-01-13T20:46:50.830Z - Done responding to the client project-graph
[NX Daemon Server] - 2025-01-13T20:46:50.830Z - Handled REQUEST_PROJECT_GRAPH. Handling time: 0. Response time: 1.
[NX Daemon Server] - 2025-01-13T20:46:50.832Z - Established a connection. Number of open connections: 2
[NX Daemon Server] - 2025-01-13T20:46:59.909Z - [WATCHER]: libs/utils/vitest.config.ts was modified
[NX Daemon Server] - 2025-01-13T20:46:59.910Z - [REQUEST]: Responding to the client. File watch changed
[NX Daemon Server] - 2025-01-13T20:46:59.910Z - Done responding to the client File watch changed
[NX Daemon Server] - 2025-01-13T20:46:59.910Z - Handled FILE-WATCH-CHANGED. Handling time: 0. Response time: 0.
[NX Daemon Server] - 2025-01-13T20:46:59.910Z - [WATCHER]: Processing file changes in outputs
[NX Daemon Server] - 2025-01-13T20:46:59.910Z - Time taken for 'changed-projects' 0.12024999968707561ms
[NX Daemon Server] - 2025-01-13T20:47:00.010Z - [REQUEST]: Updated workspace context based on watched changes, recomputing project graph...
[NX Daemon Server] - 2025-01-13T20:47:00.010Z - [REQUEST]: libs/utils/vitest.config.ts
[NX Daemon Server] - 2025-01-13T20:47:00.010Z - [REQUEST]: 
[NX Daemon Server] - 2025-01-13T20:47:00.012Z - Time taken for 'hash changed files from watcher' 0.24712499976158142ms
[NX Daemon Server] - 2025-01-13T20:47:00.022Z - Time taken for 'build-project-configs' 9.632625000551343ms
[NX Daemon Server] - 2025-01-13T20:47:00.032Z - [SYNC]: collect registered sync generators
[NX Daemon Server] - 2025-01-13T20:47:00.032Z - [SYNC]: project graph hash is the same, not collecting task sync generators
[NX Daemon Server] - 2025-01-13T20:47:00.032Z - [SYNC]: nx.json hash is the same, not collecting global sync generators
[NX Daemon Server] - 2025-01-13T20:47:00.032Z - Time taken for 'total execution time for createProjectGraph()' 8.075540999881923ms
[NX Daemon Server] - 2025-01-13T20:47:00.918Z - Established a connection. Number of open connections: 3
[NX Daemon Server] - 2025-01-13T20:47:00.918Z - [REQUEST]: Client Request for Project Graph Received
[NX Daemon Server] - 2025-01-13T20:47:00.919Z - [REQUEST]: Responding to the client. project-graph
[NX Daemon Server] - 2025-01-13T20:47:00.919Z - Time taken for 'total for creating and serializing project graph' 0.22695800010114908ms
[NX Daemon Server] - 2025-01-13T20:47:00.919Z - Closed a connection. Number of open connections: 2
[NX Daemon Server] - 2025-01-13T20:47:00.920Z - Done responding to the client project-graph
[NX Daemon Server] - 2025-01-13T20:47:00.920Z - Handled REQUEST_PROJECT_GRAPH. Handling time: 1. Response time: 1.
[NX Daemon Server] - 2025-01-13T20:47:00.925Z - [REQUEST]: Responding to the client. handleContextFileData
[NX Daemon Server] - 2025-01-13T20:47:00.925Z - Done responding to the client handleContextFileData
[NX Daemon Server] - 2025-01-13T20:47:00.925Z - Handled GET_CONTEXT_FILE_DATA. Handling time: 0. Response time: 0.
[NX Daemon Server] - 2025-01-13T20:47:00.925Z - Closed a connection. Number of open connections: 1
[NX Daemon Server] - 2025-01-13T20:47:00.933Z - Closed a connection. Number of open connections: 0
[NX Daemon Server] - 2025-01-13T20:47:00.935Z - Established a connection. Number of open connections: 1
[NX Daemon Server] - 2025-01-13T20:47:00.935Z - Established a connection. Number of open connections: 2
[NX Daemon Server] - 2025-01-13T20:47:00.935Z - Closed a connection. Number of open connections: 1
[NX Daemon Server] - 2025-01-13T20:47:00.935Z - [REQUEST]: Client Request for Project Graph Received
[NX Daemon Server] - 2025-01-13T20:47:00.935Z - [REQUEST]: Responding to the client. project-graph
[NX Daemon Server] - 2025-01-13T20:47:00.936Z - Time taken for 'total for creating and serializing project graph' 0.19383300002664328ms
[NX Daemon Server] - 2025-01-13T20:47:00.936Z - Done responding to the client project-graph
[NX Daemon Server] - 2025-01-13T20:47:00.936Z - Handled REQUEST_PROJECT_GRAPH. Handling time: 0. Response time: 1.
[NX Daemon Server] - 2025-01-13T20:47:00.938Z - [REQUEST]: Client Request for Project Graph Received
[NX Daemon Server] - 2025-01-13T20:47:00.938Z - [REQUEST]: Responding to the client. project-graph
[NX Daemon Server] - 2025-01-13T20:47:00.938Z - Time taken for 'total for creating and serializing project graph' 0.1814580000936985ms
[NX Daemon Server] - 2025-01-13T20:47:00.943Z - Done responding to the client project-graph
[NX Daemon Server] - 2025-01-13T20:47:00.943Z - Handled REQUEST_PROJECT_GRAPH. Handling time: 0. Response time: 5.
[NX Daemon Server] - 2025-01-13T20:47:00.944Z - Established a connection. Number of open connections: 2
[NX Daemon Server] - 2025-01-13T20:47:01.785Z - [WATCHER]: libs/utils/vitest.config.ts was modified
[NX Daemon Server] - 2025-01-13T20:47:01.785Z - [REQUEST]: Responding to the client. File watch changed
[NX Daemon Server] - 2025-01-13T20:47:01.785Z - Done responding to the client File watch changed
[NX Daemon Server] - 2025-01-13T20:47:01.785Z - Handled FILE-WATCH-CHANGED. Handling time: 0. Response time: 0.
[NX Daemon Server] - 2025-01-13T20:47:01.785Z - [WATCHER]: Processing file changes in outputs
[NX Daemon Server] - 2025-01-13T20:47:01.785Z - Time taken for 'changed-projects' 0.061292000114917755ms
[NX Daemon Server] - 2025-01-13T20:47:01.886Z - [REQUEST]: Updated workspace context based on watched changes, recomputing project graph...
[NX Daemon Server] - 2025-01-13T20:47:01.886Z - [REQUEST]: libs/utils/vitest.config.ts
[NX Daemon Server] - 2025-01-13T20:47:01.886Z - [REQUEST]: 
[NX Daemon Server] - 2025-01-13T20:47:01.888Z - Time taken for 'hash changed files from watcher' 0.17762500047683716ms
[NX Daemon Server] - 2025-01-13T20:47:01.895Z - Time taken for 'build-project-configs' 6.5450830003246665ms
[NX Daemon Server] - 2025-01-13T20:47:01.906Z - [SYNC]: collect registered sync generators
[NX Daemon Server] - 2025-01-13T20:47:01.906Z - [SYNC]: project graph hash is the same, not collecting task sync generators
[NX Daemon Server] - 2025-01-13T20:47:01.906Z - [SYNC]: nx.json hash is the same, not collecting global sync generators
[NX Daemon Server] - 2025-01-13T20:47:01.906Z - Time taken for 'total execution time for createProjectGraph()' 9.001083999872208ms
[NX Daemon Server] - 2025-01-13T20:47:02.788Z - Established a connection. Number of open connections: 3
[NX Daemon Server] - 2025-01-13T20:47:02.789Z - [REQUEST]: Client Request for Project Graph Received
[NX Daemon Server] - 2025-01-13T20:47:02.789Z - [REQUEST]: Responding to the client. project-graph
[NX Daemon Server] - 2025-01-13T20:47:02.790Z - Time taken for 'total for creating and serializing project graph' 0.2475419994443655ms
[NX Daemon Server] - 2025-01-13T20:47:02.790Z - Closed a connection. Number of open connections: 2
[NX Daemon Server] - 2025-01-13T20:47:02.790Z - Done responding to the client project-graph
[NX Daemon Server] - 2025-01-13T20:47:02.790Z - Handled REQUEST_PROJECT_GRAPH. Handling time: 0. Response time: 1.
[NX Daemon Server] - 2025-01-13T20:47:02.794Z - [REQUEST]: Responding to the client. handleContextFileData
[NX Daemon Server] - 2025-01-13T20:47:02.794Z - Done responding to the client handleContextFileData
[NX Daemon Server] - 2025-01-13T20:47:02.794Z - Handled GET_CONTEXT_FILE_DATA. Handling time: 0. Response time: 0.
[NX Daemon Server] - 2025-01-13T20:47:02.795Z - Closed a connection. Number of open connections: 1
[NX Daemon Server] - 2025-01-13T20:47:02.798Z - Closed a connection. Number of open connections: 0
[NX Daemon Server] - 2025-01-13T20:47:02.799Z - Established a connection. Number of open connections: 1
[NX Daemon Server] - 2025-01-13T20:47:02.799Z - Established a connection. Number of open connections: 2
[NX Daemon Server] - 2025-01-13T20:47:02.799Z - Closed a connection. Number of open connections: 1
[NX Daemon Server] - 2025-01-13T20:47:02.800Z - [REQUEST]: Client Request for Project Graph Received
[NX Daemon Server] - 2025-01-13T20:47:02.800Z - [REQUEST]: Responding to the client. project-graph
[NX Daemon Server] - 2025-01-13T20:47:02.800Z - Time taken for 'total for creating and serializing project graph' 0.12858300004154444ms
[NX Daemon Server] - 2025-01-13T20:47:02.801Z - Done responding to the client project-graph
[NX Daemon Server] - 2025-01-13T20:47:02.801Z - Handled REQUEST_PROJECT_GRAPH. Handling time: 0. Response time: 1.
[NX Daemon Server] - 2025-01-13T20:47:02.802Z - [REQUEST]: Client Request for Project Graph Received
[NX Daemon Server] - 2025-01-13T20:47:02.803Z - [REQUEST]: Responding to the client. project-graph
[NX Daemon Server] - 2025-01-13T20:47:02.803Z - Time taken for 'total for creating and serializing project graph' 0.1034999992698431ms
[NX Daemon Server] - 2025-01-13T20:47:02.803Z - Done responding to the client project-graph
[NX Daemon Server] - 2025-01-13T20:47:02.803Z - Handled REQUEST_PROJECT_GRAPH. Handling time: 1. Response time: 0.
[NX Daemon Server] - 2025-01-13T20:47:02.805Z - Established a connection. Number of open connections: 2
[NX Daemon Server] - 2025-01-13T20:47:07.497Z - [WATCHER]: libs/ui-components/vite.config.js.timestamp-1736801227433-cd58a42f72a55.mjs was deleted
[NX Daemon Server] - 2025-01-13T20:47:07.498Z - [REQUEST]: Responding to the client. File watch changed
[NX Daemon Server] - 2025-01-13T20:47:07.498Z - Done responding to the client File watch changed
[NX Daemon Server] - 2025-01-13T20:47:07.498Z - Handled FILE-WATCH-CHANGED. Handling time: 0. Response time: 0.
[NX Daemon Server] - 2025-01-13T20:47:07.498Z - [WATCHER]: Processing file changes in outputs
[NX Daemon Server] - 2025-01-13T20:47:07.498Z - Time taken for 'changed-projects' 0.056374999694526196ms
[NX Daemon Server] - 2025-01-13T20:47:07.599Z - [REQUEST]: Updated workspace context based on watched changes, recomputing project graph...
[NX Daemon Server] - 2025-01-13T20:47:07.599Z - [REQUEST]: 
[NX Daemon Server] - 2025-01-13T20:47:07.599Z - [REQUEST]: libs/ui-components/vite.config.js.timestamp-1736801227433-cd58a42f72a55.mjs
[NX Daemon Server] - 2025-01-13T20:47:07.600Z - Time taken for 'hash changed files from watcher' 0.14366699941456318ms
[NX Daemon Server] - 2025-01-13T20:47:07.607Z - Time taken for 'build-project-configs' 5.755250000394881ms
[NX Daemon Server] - 2025-01-13T20:47:07.618Z - [SYNC]: collect registered sync generators
[NX Daemon Server] - 2025-01-13T20:47:07.619Z - [SYNC]: project graph hash is the same, not collecting task sync generators
[NX Daemon Server] - 2025-01-13T20:47:07.619Z - [SYNC]: nx.json hash is the same, not collecting global sync generators
[NX Daemon Server] - 2025-01-13T20:47:07.619Z - Time taken for 'total execution time for createProjectGraph()' 10.016250000335276ms
[NX Daemon Server] - 2025-01-13T20:47:08.505Z - Established a connection. Number of open connections: 3
[NX Daemon Server] - 2025-01-13T20:47:08.507Z - [REQUEST]: Client Request for Project Graph Received
[NX Daemon Server] - 2025-01-13T20:47:08.507Z - [REQUEST]: Responding to the client. project-graph
[NX Daemon Server] - 2025-01-13T20:47:08.508Z - Time taken for 'total for creating and serializing project graph' 0.4385420000180602ms
[NX Daemon Server] - 2025-01-13T20:47:08.508Z - Closed a connection. Number of open connections: 2
[NX Daemon Server] - 2025-01-13T20:47:08.509Z - Done responding to the client project-graph
[NX Daemon Server] - 2025-01-13T20:47:08.509Z - Handled REQUEST_PROJECT_GRAPH. Handling time: 0. Response time: 2.
[NX Daemon Server] - 2025-01-13T20:47:08.513Z - [REQUEST]: Responding to the client. handleContextFileData
[NX Daemon Server] - 2025-01-13T20:47:08.514Z - Done responding to the client handleContextFileData
[NX Daemon Server] - 2025-01-13T20:47:08.514Z - Handled GET_CONTEXT_FILE_DATA. Handling time: 0. Response time: 1.
[NX Daemon Server] - 2025-01-13T20:47:08.514Z - Closed a connection. Number of open connections: 1
[NX Daemon Server] - 2025-01-13T20:47:08.522Z - Closed a connection. Number of open connections: 0
[NX Daemon Server] - 2025-01-13T20:47:08.522Z - Established a connection. Number of open connections: 1
[NX Daemon Server] - 2025-01-13T20:47:08.522Z - Established a connection. Number of open connections: 2
[NX Daemon Server] - 2025-01-13T20:47:08.523Z - Closed a connection. Number of open connections: 1
[NX Daemon Server] - 2025-01-13T20:47:08.523Z - [REQUEST]: Client Request for Project Graph Received
[NX Daemon Server] - 2025-01-13T20:47:08.523Z - [REQUEST]: Responding to the client. project-graph
[NX Daemon Server] - 2025-01-13T20:47:08.523Z - Time taken for 'total for creating and serializing project graph' 0.1538340002298355ms
[NX Daemon Server] - 2025-01-13T20:47:08.524Z - Done responding to the client project-graph
[NX Daemon Server] - 2025-01-13T20:47:08.524Z - Handled REQUEST_PROJECT_GRAPH. Handling time: 0. Response time: 1.
[NX Daemon Server] - 2025-01-13T20:47:08.526Z - [REQUEST]: Client Request for Project Graph Received
[NX Daemon Server] - 2025-01-13T20:47:08.526Z - [REQUEST]: Responding to the client. project-graph
[NX Daemon Server] - 2025-01-13T20:47:08.526Z - Time taken for 'total for creating and serializing project graph' 0.22245800029486418ms
[NX Daemon Server] - 2025-01-13T20:47:08.527Z - Done responding to the client project-graph
[NX Daemon Server] - 2025-01-13T20:47:08.527Z - Handled REQUEST_PROJECT_GRAPH. Handling time: 0. Response time: 1.
[NX Daemon Server] - 2025-01-13T20:47:08.529Z - Established a connection. Number of open connections: 2
[NX Daemon Server] - 2025-01-13T20:47:30.767Z - [WATCHER]: libs/utils/vitest.config.ts was modified
[NX Daemon Server] - 2025-01-13T20:47:30.768Z - [REQUEST]: Responding to the client. File watch changed
[NX Daemon Server] - 2025-01-13T20:47:30.768Z - Done responding to the client File watch changed
[NX Daemon Server] - 2025-01-13T20:47:30.768Z - Handled FILE-WATCH-CHANGED. Handling time: 0. Response time: 0.
[NX Daemon Server] - 2025-01-13T20:47:30.768Z - [WATCHER]: Processing file changes in outputs
[NX Daemon Server] - 2025-01-13T20:47:30.768Z - Time taken for 'changed-projects' 0.07720800023525953ms
[NX Daemon Server] - 2025-01-13T20:47:30.869Z - [REQUEST]: Updated workspace context based on watched changes, recomputing project graph...
[NX Daemon Server] - 2025-01-13T20:47:30.869Z - [REQUEST]: libs/utils/vitest.config.ts
[NX Daemon Server] - 2025-01-13T20:47:30.869Z - [REQUEST]: 
[NX Daemon Server] - 2025-01-13T20:47:30.870Z - Time taken for 'hash changed files from watcher' 0.12212499976158142ms
[NX Daemon Server] - 2025-01-13T20:47:30.877Z - Time taken for 'build-project-configs' 6.975583999417722ms
[NX Daemon Server] - 2025-01-13T20:47:30.885Z - [SYNC]: collect registered sync generators
[NX Daemon Server] - 2025-01-13T20:47:30.885Z - [SYNC]: project graph hash is the same, not collecting task sync generators
[NX Daemon Server] - 2025-01-13T20:47:30.886Z - [SYNC]: nx.json hash is the same, not collecting global sync generators
[NX Daemon Server] - 2025-01-13T20:47:30.886Z - Time taken for 'total execution time for createProjectGraph()' 6.90979199949652ms
[NX Daemon Server] - 2025-01-13T20:47:31.773Z - Established a connection. Number of open connections: 3
[NX Daemon Server] - 2025-01-13T20:47:31.774Z - [REQUEST]: Client Request for Project Graph Received
[NX Daemon Server] - 2025-01-13T20:47:31.774Z - [REQUEST]: Responding to the client. project-graph
[NX Daemon Server] - 2025-01-13T20:47:31.774Z - Time taken for 'total for creating and serializing project graph' 0.1624580007046461ms
[NX Daemon Server] - 2025-01-13T20:47:31.774Z - Closed a connection. Number of open connections: 2
[NX Daemon Server] - 2025-01-13T20:47:31.777Z - Done responding to the client project-graph
[NX Daemon Server] - 2025-01-13T20:47:31.777Z - Handled REQUEST_PROJECT_GRAPH. Handling time: 0. Response time: 3.
[NX Daemon Server] - 2025-01-13T20:47:31.779Z - [REQUEST]: Responding to the client. handleContextFileData
[NX Daemon Server] - 2025-01-13T20:47:31.779Z - Done responding to the client handleContextFileData
[NX Daemon Server] - 2025-01-13T20:47:31.780Z - Handled GET_CONTEXT_FILE_DATA. Handling time: 0. Response time: 1.
[NX Daemon Server] - 2025-01-13T20:47:31.780Z - Closed a connection. Number of open connections: 1
[NX Daemon Server] - 2025-01-13T20:47:31.784Z - Closed a connection. Number of open connections: 0
[NX Daemon Server] - 2025-01-13T20:47:31.785Z - Established a connection. Number of open connections: 1
[NX Daemon Server] - 2025-01-13T20:47:31.785Z - Established a connection. Number of open connections: 2
[NX Daemon Server] - 2025-01-13T20:47:31.785Z - Closed a connection. Number of open connections: 1
[NX Daemon Server] - 2025-01-13T20:47:31.786Z - [REQUEST]: Client Request for Project Graph Received
[NX Daemon Server] - 2025-01-13T20:47:31.786Z - [REQUEST]: Responding to the client. project-graph
[NX Daemon Server] - 2025-01-13T20:47:31.786Z - Time taken for 'total for creating and serializing project graph' 0.1254590004682541ms
[NX Daemon Server] - 2025-01-13T20:47:31.787Z - Done responding to the client project-graph
[NX Daemon Server] - 2025-01-13T20:47:31.787Z - Handled REQUEST_PROJECT_GRAPH. Handling time: 0. Response time: 1.
[NX Daemon Server] - 2025-01-13T20:47:31.788Z - [REQUEST]: Client Request for Project Graph Received
[NX Daemon Server] - 2025-01-13T20:47:31.788Z - [REQUEST]: Responding to the client. project-graph
[NX Daemon Server] - 2025-01-13T20:47:31.789Z - Time taken for 'total for creating and serializing project graph' 0.13358400017023087ms
[NX Daemon Server] - 2025-01-13T20:47:31.789Z - Done responding to the client project-graph
[NX Daemon Server] - 2025-01-13T20:47:31.789Z - Handled REQUEST_PROJECT_GRAPH. Handling time: 0. Response time: 1.
[NX Daemon Server] - 2025-01-13T20:47:31.791Z - Established a connection. Number of open connections: 2
[NX Daemon Server] - 2025-01-13T20:47:32.400Z - [WATCHER]: libs/utils/vitest.config.ts was modified
[NX Daemon Server] - 2025-01-13T20:47:32.400Z - [REQUEST]: Responding to the client. File watch changed
[NX Daemon Server] - 2025-01-13T20:47:32.400Z - Done responding to the client File watch changed
[NX Daemon Server] - 2025-01-13T20:47:32.400Z - Handled FILE-WATCH-CHANGED. Handling time: 0. Response time: 0.
[NX Daemon Server] - 2025-01-13T20:47:32.400Z - [WATCHER]: Processing file changes in outputs
[NX Daemon Server] - 2025-01-13T20:47:32.400Z - Time taken for 'changed-projects' 0.05758400075137615ms
[NX Daemon Server] - 2025-01-13T20:47:32.500Z - [REQUEST]: Updated workspace context based on watched changes, recomputing project graph...
[NX Daemon Server] - 2025-01-13T20:47:32.500Z - [REQUEST]: libs/utils/vitest.config.ts
[NX Daemon Server] - 2025-01-13T20:47:32.500Z - [REQUEST]: 
[NX Daemon Server] - 2025-01-13T20:47:32.501Z - Time taken for 'hash changed files from watcher' 0.1719580003991723ms
[NX Daemon Server] - 2025-01-13T20:47:32.509Z - Time taken for 'build-project-configs' 7.094250000081956ms
[NX Daemon Server] - 2025-01-13T20:47:32.519Z - [SYNC]: collect registered sync generators
[NX Daemon Server] - 2025-01-13T20:47:32.520Z - [SYNC]: project graph hash is the same, not collecting task sync generators
[NX Daemon Server] - 2025-01-13T20:47:32.520Z - [SYNC]: nx.json hash is the same, not collecting global sync generators
[NX Daemon Server] - 2025-01-13T20:47:32.520Z - Time taken for 'total execution time for createProjectGraph()' 8.735000000335276ms
[NX Daemon Server] - 2025-01-13T20:47:33.405Z - Established a connection. Number of open connections: 3
[NX Daemon Server] - 2025-01-13T20:47:33.406Z - [REQUEST]: Client Request for Project Graph Received
[NX Daemon Server] - 2025-01-13T20:47:33.406Z - [REQUEST]: Responding to the client. project-graph
[NX Daemon Server] - 2025-01-13T20:47:33.407Z - Time taken for 'total for creating and serializing project graph' 0.23183299973607063ms
[NX Daemon Server] - 2025-01-13T20:47:33.407Z - Closed a connection. Number of open connections: 2
[NX Daemon Server] - 2025-01-13T20:47:33.408Z - Done responding to the client project-graph
[NX Daemon Server] - 2025-01-13T20:47:33.408Z - Handled REQUEST_PROJECT_GRAPH. Handling time: 0. Response time: 2.
[NX Daemon Server] - 2025-01-13T20:47:33.410Z - [REQUEST]: Responding to the client. handleContextFileData
[NX Daemon Server] - 2025-01-13T20:47:33.411Z - Done responding to the client handleContextFileData
[NX Daemon Server] - 2025-01-13T20:47:33.411Z - Handled GET_CONTEXT_FILE_DATA. Handling time: 0. Response time: 1.
[NX Daemon Server] - 2025-01-13T20:47:33.411Z - Closed a connection. Number of open connections: 1
[NX Daemon Server] - 2025-01-13T20:47:33.413Z - Closed a connection. Number of open connections: 0
[NX Daemon Server] - 2025-01-13T20:47:33.414Z - Established a connection. Number of open connections: 1
[NX Daemon Server] - 2025-01-13T20:47:33.414Z - Established a connection. Number of open connections: 2
[NX Daemon Server] - 2025-01-13T20:47:33.414Z - Closed a connection. Number of open connections: 1
[NX Daemon Server] - 2025-01-13T20:47:33.414Z - [REQUEST]: Client Request for Project Graph Received
[NX Daemon Server] - 2025-01-13T20:47:33.414Z - [REQUEST]: Responding to the client. project-graph
[NX Daemon Server] - 2025-01-13T20:47:33.414Z - Time taken for 'total for creating and serializing project graph' 0.07533300016075373ms
[NX Daemon Server] - 2025-01-13T20:47:33.414Z - Done responding to the client project-graph
[NX Daemon Server] - 2025-01-13T20:47:33.415Z - Handled REQUEST_PROJECT_GRAPH. Handling time: 0. Response time: 1.
[NX Daemon Server] - 2025-01-13T20:47:33.416Z - [REQUEST]: Client Request for Project Graph Received
[NX Daemon Server] - 2025-01-13T20:47:33.416Z - [REQUEST]: Responding to the client. project-graph
[NX Daemon Server] - 2025-01-13T20:47:33.416Z - Time taken for 'total for creating and serializing project graph' 0.05687499977648258ms
[NX Daemon Server] - 2025-01-13T20:47:33.417Z - Done responding to the client project-graph
[NX Daemon Server] - 2025-01-13T20:47:33.417Z - Handled REQUEST_PROJECT_GRAPH. Handling time: 0. Response time: 1.
[NX Daemon Server] - 2025-01-13T20:47:33.418Z - Established a connection. Number of open connections: 2
[NX Daemon Server] - 2025-01-13T20:47:38.288Z - [WATCHER]: libs/ui-components/vite.config.js.timestamp-1736801258223-e802133327367.mjs was deleted
[NX Daemon Server] - 2025-01-13T20:47:38.288Z - [REQUEST]: Responding to the client. File watch changed
[NX Daemon Server] - 2025-01-13T20:47:38.288Z - Done responding to the client File watch changed
[NX Daemon Server] - 2025-01-13T20:47:38.288Z - Handled FILE-WATCH-CHANGED. Handling time: 0. Response time: 0.
[NX Daemon Server] - 2025-01-13T20:47:38.288Z - [WATCHER]: Processing file changes in outputs
[NX Daemon Server] - 2025-01-13T20:47:38.288Z - Time taken for 'changed-projects' 0.047415999695658684ms
[NX Daemon Server] - 2025-01-13T20:47:38.388Z - [REQUEST]: Updated workspace context based on watched changes, recomputing project graph...
[NX Daemon Server] - 2025-01-13T20:47:38.388Z - [REQUEST]: 
[NX Daemon Server] - 2025-01-13T20:47:38.388Z - [REQUEST]: libs/ui-components/vite.config.js.timestamp-1736801258223-e802133327367.mjs
[NX Daemon Server] - 2025-01-13T20:47:38.390Z - Time taken for 'hash changed files from watcher' 0.15758400037884712ms
[NX Daemon Server] - 2025-01-13T20:47:38.397Z - Time taken for 'build-project-configs' 6.442458000034094ms
[NX Daemon Server] - 2025-01-13T20:47:38.407Z - [SYNC]: collect registered sync generators
[NX Daemon Server] - 2025-01-13T20:47:38.407Z - [SYNC]: project graph hash is the same, not collecting task sync generators
[NX Daemon Server] - 2025-01-13T20:47:38.407Z - [SYNC]: nx.json hash is the same, not collecting global sync generators
[NX Daemon Server] - 2025-01-13T20:47:38.407Z - Time taken for 'total execution time for createProjectGraph()' 8.51712500024587ms
[NX Daemon Server] - 2025-01-13T20:47:39.295Z - Established a connection. Number of open connections: 3
[NX Daemon Server] - 2025-01-13T20:47:39.296Z - [REQUEST]: Client Request for Project Graph Received
[NX Daemon Server] - 2025-01-13T20:47:39.297Z - [REQUEST]: Responding to the client. project-graph
[NX Daemon Server] - 2025-01-13T20:47:39.298Z - Time taken for 'total for creating and serializing project graph' 0.34895799960941076ms
[NX Daemon Server] - 2025-01-13T20:47:39.298Z - Closed a connection. Number of open connections: 2
[NX Daemon Server] - 2025-01-13T20:47:39.299Z - Done responding to the client project-graph
[NX Daemon Server] - 2025-01-13T20:47:39.299Z - Handled REQUEST_PROJECT_GRAPH. Handling time: 1. Response time: 2.
[NX Daemon Server] - 2025-01-13T20:47:39.303Z - [REQUEST]: Responding to the client. handleContextFileData
[NX Daemon Server] - 2025-01-13T20:47:39.303Z - Done responding to the client handleContextFileData
[NX Daemon Server] - 2025-01-13T20:47:39.303Z - Handled GET_CONTEXT_FILE_DATA. Handling time: 1. Response time: 0.
[NX Daemon Server] - 2025-01-13T20:47:39.304Z - Closed a connection. Number of open connections: 1
[NX Daemon Server] - 2025-01-13T20:47:39.316Z - Closed a connection. Number of open connections: 0
[NX Daemon Server] - 2025-01-13T20:47:39.317Z - Established a connection. Number of open connections: 1
[NX Daemon Server] - 2025-01-13T20:47:39.317Z - Established a connection. Number of open connections: 2
[NX Daemon Server] - 2025-01-13T20:47:39.317Z - Closed a connection. Number of open connections: 1
[NX Daemon Server] - 2025-01-13T20:47:39.317Z - [REQUEST]: Client Request for Project Graph Received
[NX Daemon Server] - 2025-01-13T20:47:39.317Z - [REQUEST]: Responding to the client. project-graph
[NX Daemon Server] - 2025-01-13T20:47:39.318Z - Time taken for 'total for creating and serializing project graph' 0.19037500023841858ms
[NX Daemon Server] - 2025-01-13T20:47:39.318Z - Done responding to the client project-graph
[NX Daemon Server] - 2025-01-13T20:47:39.319Z - Handled REQUEST_PROJECT_GRAPH. Handling time: 0. Response time: 2.
[NX Daemon Server] - 2025-01-13T20:47:39.320Z - [REQUEST]: Client Request for Project Graph Received
[NX Daemon Server] - 2025-01-13T20:47:39.320Z - [REQUEST]: Responding to the client. project-graph
[NX Daemon Server] - 2025-01-13T20:47:39.320Z - Time taken for 'total for creating and serializing project graph' 0.11049999948590994ms
[NX Daemon Server] - 2025-01-13T20:47:39.321Z - Done responding to the client project-graph
[NX Daemon Server] - 2025-01-13T20:47:39.321Z - Handled REQUEST_PROJECT_GRAPH. Handling time: 0. Response time: 1.
[NX Daemon Server] - 2025-01-13T20:47:39.322Z - Established a connection. Number of open connections: 2
[NX Daemon Server] - 2025-01-13T20:49:55.600Z - [WATCHER]: apps/tournament-manager/vitest.config.ts was modified
[NX Daemon Server] - 2025-01-13T20:49:55.601Z - [REQUEST]: Responding to the client. File watch changed
[NX Daemon Server] - 2025-01-13T20:49:55.601Z - Done responding to the client File watch changed
[NX Daemon Server] - 2025-01-13T20:49:55.601Z - Handled FILE-WATCH-CHANGED. Handling time: 0. Response time: 0.
[NX Daemon Server] - 2025-01-13T20:49:55.601Z - [WATCHER]: Processing file changes in outputs
[NX Daemon Server] - 2025-01-13T20:49:55.601Z - Time taken for 'changed-projects' 0.053291999734938145ms
[NX Daemon Server] - 2025-01-13T20:49:55.703Z - [REQUEST]: Updated workspace context based on watched changes, recomputing project graph...
[NX Daemon Server] - 2025-01-13T20:49:55.703Z - [REQUEST]: apps/tournament-manager/vitest.config.ts
[NX Daemon Server] - 2025-01-13T20:49:55.703Z - [REQUEST]: 
[NX Daemon Server] - 2025-01-13T20:49:55.707Z - Time taken for 'hash changed files from watcher' 0.6196250002831221ms
[NX Daemon Server] - 2025-01-13T20:49:55.715Z - Time taken for 'build-project-configs' 7.256874999962747ms
[NX Daemon Server] - 2025-01-13T20:49:55.725Z - [SYNC]: collect registered sync generators
[NX Daemon Server] - 2025-01-13T20:49:55.725Z - [SYNC]: project graph hash is the same, not collecting task sync generators
[NX Daemon Server] - 2025-01-13T20:49:55.725Z - [SYNC]: nx.json hash is the same, not collecting global sync generators
[NX Daemon Server] - 2025-01-13T20:49:55.725Z - Time taken for 'total execution time for createProjectGraph()' 8.728457999415696ms
[NX Daemon Server] - 2025-01-13T20:49:56.608Z - Established a connection. Number of open connections: 3
[NX Daemon Server] - 2025-01-13T20:49:56.609Z - [REQUEST]: Client Request for Project Graph Received
[NX Daemon Server] - 2025-01-13T20:49:56.609Z - [REQUEST]: Responding to the client. project-graph
[NX Daemon Server] - 2025-01-13T20:49:56.610Z - Time taken for 'total for creating and serializing project graph' 0.16320799943059683ms
[NX Daemon Server] - 2025-01-13T20:49:56.610Z - Closed a connection. Number of open connections: 2
[NX Daemon Server] - 2025-01-13T20:49:56.612Z - Done responding to the client project-graph
[NX Daemon Server] - 2025-01-13T20:49:56.612Z - Handled REQUEST_PROJECT_GRAPH. Handling time: 0. Response time: 3.
[NX Daemon Server] - 2025-01-13T20:49:56.615Z - [REQUEST]: Responding to the client. handleContextFileData
[NX Daemon Server] - 2025-01-13T20:49:56.615Z - Done responding to the client handleContextFileData
[NX Daemon Server] - 2025-01-13T20:49:56.615Z - Handled GET_CONTEXT_FILE_DATA. Handling time: 0. Response time: 0.
[NX Daemon Server] - 2025-01-13T20:49:56.615Z - Closed a connection. Number of open connections: 1
[NX Daemon Server] - 2025-01-13T20:49:56.622Z - Closed a connection. Number of open connections: 0
[NX Daemon Server] - 2025-01-13T20:49:56.624Z - Established a connection. Number of open connections: 1
[NX Daemon Server] - 2025-01-13T20:49:56.624Z - Established a connection. Number of open connections: 2
[NX Daemon Server] - 2025-01-13T20:49:56.624Z - Closed a connection. Number of open connections: 1
[NX Daemon Server] - 2025-01-13T20:49:56.624Z - [REQUEST]: Client Request for Project Graph Received
[NX Daemon Server] - 2025-01-13T20:49:56.624Z - [REQUEST]: Responding to the client. project-graph
[NX Daemon Server] - 2025-01-13T20:49:56.625Z - Time taken for 'total for creating and serializing project graph' 0.1016669999808073ms
[NX Daemon Server] - 2025-01-13T20:49:56.625Z - Done responding to the client project-graph
[NX Daemon Server] - 2025-01-13T20:49:56.625Z - Handled REQUEST_PROJECT_GRAPH. Handling time: 0. Response time: 1.
[NX Daemon Server] - 2025-01-13T20:49:56.626Z - [REQUEST]: Client Request for Project Graph Received
[NX Daemon Server] - 2025-01-13T20:49:56.626Z - [REQUEST]: Responding to the client. project-graph
[NX Daemon Server] - 2025-01-13T20:49:56.627Z - Time taken for 'total for creating and serializing project graph' 0.08895899914205074ms
[NX Daemon Server] - 2025-01-13T20:49:56.627Z - Done responding to the client project-graph
[NX Daemon Server] - 2025-01-13T20:49:56.627Z - Handled REQUEST_PROJECT_GRAPH. Handling time: 0. Response time: 1.
[NX Daemon Server] - 2025-01-13T20:49:56.628Z - Established a connection. Number of open connections: 2
[NX Daemon Server] - 2025-01-13T20:50:08.281Z - [WATCHER]: apps/tournament-manager/vite.config.ts was modified
[NX Daemon Server] - 2025-01-13T20:50:08.282Z - [REQUEST]: Responding to the client. File watch changed
[NX Daemon Server] - 2025-01-13T20:50:08.282Z - Done responding to the client File watch changed
[NX Daemon Server] - 2025-01-13T20:50:08.282Z - Handled FILE-WATCH-CHANGED. Handling time: 0. Response time: 0.
[NX Daemon Server] - 2025-01-13T20:50:08.282Z - [WATCHER]: Processing file changes in outputs
[NX Daemon Server] - 2025-01-13T20:50:08.282Z - Time taken for 'changed-projects' 0.048875000327825546ms
[NX Daemon Server] - 2025-01-13T20:50:08.382Z - [REQUEST]: Updated workspace context based on watched changes, recomputing project graph...
[NX Daemon Server] - 2025-01-13T20:50:08.382Z - [REQUEST]: apps/tournament-manager/vite.config.ts
[NX Daemon Server] - 2025-01-13T20:50:08.383Z - [REQUEST]: 
[NX Daemon Server] - 2025-01-13T20:50:08.384Z - Time taken for 'hash changed files from watcher' 0.20366699993610382ms
[NX Daemon Server] - 2025-01-13T20:50:08.392Z - Time taken for 'build-project-configs' 7.163750000298023ms
[NX Daemon Server] - 2025-01-13T20:50:08.404Z - [SYNC]: collect registered sync generators
[NX Daemon Server] - 2025-01-13T20:50:08.405Z - [SYNC]: project graph hash is the same, not collecting task sync generators
[NX Daemon Server] - 2025-01-13T20:50:08.405Z - [SYNC]: nx.json hash is the same, not collecting global sync generators
[NX Daemon Server] - 2025-01-13T20:50:08.405Z - Time taken for 'total execution time for createProjectGraph()' 9.768333000130951ms
[NX Daemon Server] - 2025-01-13T20:50:09.284Z - Established a connection. Number of open connections: 3
[NX Daemon Server] - 2025-01-13T20:50:09.284Z - [REQUEST]: Client Request for Project Graph Received
[NX Daemon Server] - 2025-01-13T20:50:09.284Z - [REQUEST]: Responding to the client. project-graph
[NX Daemon Server] - 2025-01-13T20:50:09.284Z - Time taken for 'total for creating and serializing project graph' 0.10212500020861626ms
[NX Daemon Server] - 2025-01-13T20:50:09.284Z - Closed a connection. Number of open connections: 2
[NX Daemon Server] - 2025-01-13T20:50:09.285Z - Done responding to the client project-graph
[NX Daemon Server] - 2025-01-13T20:50:09.285Z - Handled REQUEST_PROJECT_GRAPH. Handling time: 0. Response time: 1.
[NX Daemon Server] - 2025-01-13T20:50:09.286Z - [REQUEST]: Responding to the client. handleContextFileData
[NX Daemon Server] - 2025-01-13T20:50:09.286Z - Done responding to the client handleContextFileData
[NX Daemon Server] - 2025-01-13T20:50:09.286Z - Handled GET_CONTEXT_FILE_DATA. Handling time: 0. Response time: 0.
[NX Daemon Server] - 2025-01-13T20:50:09.286Z - Closed a connection. Number of open connections: 1
[NX Daemon Server] - 2025-01-13T20:50:09.290Z - Closed a connection. Number of open connections: 0
[NX Daemon Server] - 2025-01-13T20:50:09.290Z - Established a connection. Number of open connections: 1
[NX Daemon Server] - 2025-01-13T20:50:09.290Z - Established a connection. Number of open connections: 2
[NX Daemon Server] - 2025-01-13T20:50:09.290Z - Closed a connection. Number of open connections: 1
[NX Daemon Server] - 2025-01-13T20:50:09.290Z - [REQUEST]: Client Request for Project Graph Received
[NX Daemon Server] - 2025-01-13T20:50:09.291Z - [REQUEST]: Responding to the client. project-graph
[NX Daemon Server] - 2025-01-13T20:50:09.291Z - Time taken for 'total for creating and serializing project graph' 0.056791000068187714ms
[NX Daemon Server] - 2025-01-13T20:50:09.291Z - Done responding to the client project-graph
[NX Daemon Server] - 2025-01-13T20:50:09.291Z - Handled REQUEST_PROJECT_GRAPH. Handling time: 1. Response time: 0.
[NX Daemon Server] - 2025-01-13T20:50:09.292Z - [REQUEST]: Client Request for Project Graph Received
[NX Daemon Server] - 2025-01-13T20:50:09.292Z - [REQUEST]: Responding to the client. project-graph
[NX Daemon Server] - 2025-01-13T20:50:09.292Z - Time taken for 'total for creating and serializing project graph' 0.06695800088346004ms
[NX Daemon Server] - 2025-01-13T20:50:09.292Z - Done responding to the client project-graph
[NX Daemon Server] - 2025-01-13T20:50:09.292Z - Handled REQUEST_PROJECT_GRAPH. Handling time: 0. Response time: 0.
[NX Daemon Server] - 2025-01-13T20:50:09.293Z - Established a connection. Number of open connections: 2
[NX Daemon Server] - 2025-01-13T20:50:15.402Z - [WATCHER]: libs/utils/src/components/slugify.test.ts was modified
[NX Daemon Server] - 2025-01-13T20:50:15.402Z - [REQUEST]: Responding to the client. File watch changed
[NX Daemon Server] - 2025-01-13T20:50:15.402Z - Done responding to the client File watch changed
[NX Daemon Server] - 2025-01-13T20:50:15.402Z - Handled FILE-WATCH-CHANGED. Handling time: 0. Response time: 0.
[NX Daemon Server] - 2025-01-13T20:50:15.402Z - [WATCHER]: Processing file changes in outputs
[NX Daemon Server] - 2025-01-13T20:50:15.402Z - Time taken for 'changed-projects' 0.036915999837219715ms
[NX Daemon Server] - 2025-01-13T20:50:15.503Z - [REQUEST]: Updated workspace context based on watched changes, recomputing project graph...
[NX Daemon Server] - 2025-01-13T20:50:15.503Z - [REQUEST]: libs/utils/src/components/slugify.test.ts
[NX Daemon Server] - 2025-01-13T20:50:15.503Z - [REQUEST]: 
[NX Daemon Server] - 2025-01-13T20:50:15.504Z - Time taken for 'hash changed files from watcher' 0.09433299954980612ms
[NX Daemon Server] - 2025-01-13T20:50:15.509Z - Time taken for 'build-project-configs' 4.8734169993549585ms
[NX Daemon Server] - 2025-01-13T20:50:15.517Z - [SYNC]: collect registered sync generators
[NX Daemon Server] - 2025-01-13T20:50:15.517Z - [SYNC]: project graph hash is the same, not collecting task sync generators
[NX Daemon Server] - 2025-01-13T20:50:15.517Z - [SYNC]: nx.json hash is the same, not collecting global sync generators
[NX Daemon Server] - 2025-01-13T20:50:15.517Z - Time taken for 'total execution time for createProjectGraph()' 5.943749999627471ms
[NX Daemon Server] - 2025-01-13T20:50:15.849Z - [WATCHER]: Processing file changes in outputs
[NX Daemon Server] - 2025-01-13T20:50:15.849Z - [WATCHER]: libs/ui-components/vite.config.js.timestamp-1736801415785-ebf71e5b5becb.mjs was deleted
[NX Daemon Server] - 2025-01-13T20:50:15.849Z - [REQUEST]: Responding to the client. File watch changed
[NX Daemon Server] - 2025-01-13T20:50:15.849Z - Done responding to the client File watch changed
[NX Daemon Server] - 2025-01-13T20:50:15.849Z - Handled FILE-WATCH-CHANGED. Handling time: 0. Response time: 0.
[NX Daemon Server] - 2025-01-13T20:50:15.849Z - Time taken for 'changed-projects' 0.03904200065881014ms
[NX Daemon Server] - 2025-01-13T20:50:16.049Z - [REQUEST]: Updated workspace context based on watched changes, recomputing project graph...
[NX Daemon Server] - 2025-01-13T20:50:16.049Z - [REQUEST]: 
[NX Daemon Server] - 2025-01-13T20:50:16.049Z - [REQUEST]: libs/ui-components/vite.config.js.timestamp-1736801415785-ebf71e5b5becb.mjs
[NX Daemon Server] - 2025-01-13T20:50:16.051Z - Time taken for 'hash changed files from watcher' 0.12649999931454659ms
[NX Daemon Server] - 2025-01-13T20:50:16.056Z - Time taken for 'build-project-configs' 4.978542000055313ms
[NX Daemon Server] - 2025-01-13T20:50:16.063Z - [SYNC]: collect registered sync generators
[NX Daemon Server] - 2025-01-13T20:50:16.064Z - [SYNC]: project graph hash is the same, not collecting task sync generators
[NX Daemon Server] - 2025-01-13T20:50:16.064Z - [SYNC]: nx.json hash is the same, not collecting global sync generators
[NX Daemon Server] - 2025-01-13T20:50:16.064Z - Time taken for 'total execution time for createProjectGraph()' 6.2346250005066395ms
[NX Daemon Server] - 2025-01-13T20:50:16.850Z - Established a connection. Number of open connections: 3
[NX Daemon Server] - 2025-01-13T20:50:16.851Z - [REQUEST]: Client Request for Project Graph Received
[NX Daemon Server] - 2025-01-13T20:50:16.851Z - [REQUEST]: Responding to the client. project-graph
[NX Daemon Server] - 2025-01-13T20:50:16.851Z - Time taken for 'total for creating and serializing project graph' 0.09775000065565109ms
[NX Daemon Server] - 2025-01-13T20:50:16.851Z - Closed a connection. Number of open connections: 2
[NX Daemon Server] - 2025-01-13T20:50:16.851Z - Done responding to the client project-graph
[NX Daemon Server] - 2025-01-13T20:50:16.851Z - Handled REQUEST_PROJECT_GRAPH. Handling time: 0. Response time: 0.
[NX Daemon Server] - 2025-01-13T20:50:16.853Z - [REQUEST]: Responding to the client. handleContextFileData
[NX Daemon Server] - 2025-01-13T20:50:16.853Z - Done responding to the client handleContextFileData
[NX Daemon Server] - 2025-01-13T20:50:16.853Z - Handled GET_CONTEXT_FILE_DATA. Handling time: 1. Response time: 0.
[NX Daemon Server] - 2025-01-13T20:50:16.853Z - Closed a connection. Number of open connections: 1
[NX Daemon Server] - 2025-01-13T20:50:16.855Z - Closed a connection. Number of open connections: 0
[NX Daemon Server] - 2025-01-13T20:50:16.856Z - Established a connection. Number of open connections: 1
[NX Daemon Server] - 2025-01-13T20:50:16.856Z - Established a connection. Number of open connections: 2
[NX Daemon Server] - 2025-01-13T20:50:16.856Z - Closed a connection. Number of open connections: 1
[NX Daemon Server] - 2025-01-13T20:50:16.856Z - [REQUEST]: Client Request for Project Graph Received
[NX Daemon Server] - 2025-01-13T20:50:16.856Z - [REQUEST]: Responding to the client. project-graph
[NX Daemon Server] - 2025-01-13T20:50:16.856Z - Time taken for 'total for creating and serializing project graph' 0.06495899986475706ms
[NX Daemon Server] - 2025-01-13T20:50:16.856Z - Done responding to the client project-graph
[NX Daemon Server] - 2025-01-13T20:50:16.856Z - Handled REQUEST_PROJECT_GRAPH. Handling time: 0. Response time: 0.
[NX Daemon Server] - 2025-01-13T20:50:16.857Z - [REQUEST]: Client Request for Project Graph Received
[NX Daemon Server] - 2025-01-13T20:50:16.858Z - [REQUEST]: Responding to the client. project-graph
[NX Daemon Server] - 2025-01-13T20:50:16.858Z - Time taken for 'total for creating and serializing project graph' 0.08537499979138374ms
[NX Daemon Server] - 2025-01-13T20:50:16.858Z - Done responding to the client project-graph
[NX Daemon Server] - 2025-01-13T20:50:16.858Z - Handled REQUEST_PROJECT_GRAPH. Handling time: 1. Response time: 0.
[NX Daemon Server] - 2025-01-13T20:50:16.859Z - Established a connection. Number of open connections: 2
[NX Daemon Server] - 2025-01-13T20:50:56.165Z - [WATCHER]: libs/utils/vitest.config.ts was modified
[NX Daemon Server] - 2025-01-13T20:50:56.166Z - [REQUEST]: Responding to the client. File watch changed
[NX Daemon Server] - 2025-01-13T20:50:56.166Z - Done responding to the client File watch changed
[NX Daemon Server] - 2025-01-13T20:50:56.166Z - Handled FILE-WATCH-CHANGED. Handling time: 0. Response time: 0.
[NX Daemon Server] - 2025-01-13T20:50:56.166Z - [WATCHER]: Processing file changes in outputs
[NX Daemon Server] - 2025-01-13T20:50:56.167Z - Time taken for 'changed-projects' 0.08808300085365772ms
[NX Daemon Server] - 2025-01-13T20:50:56.266Z - [REQUEST]: Updated workspace context based on watched changes, recomputing project graph...
[NX Daemon Server] - 2025-01-13T20:50:56.266Z - [REQUEST]: libs/utils/vitest.config.ts
[NX Daemon Server] - 2025-01-13T20:50:56.267Z - [REQUEST]: 
[NX Daemon Server] - 2025-01-13T20:50:56.269Z - Time taken for 'hash changed files from watcher' 0.19620800018310547ms
[NX Daemon Server] - 2025-01-13T20:50:56.280Z - Time taken for 'build-project-configs' 10.530957999639213ms
[NX Daemon Server] - 2025-01-13T20:50:56.292Z - [SYNC]: collect registered sync generators
[NX Daemon Server] - 2025-01-13T20:50:56.292Z - [SYNC]: project graph hash is the same, not collecting task sync generators
[NX Daemon Server] - 2025-01-13T20:50:56.292Z - [SYNC]: nx.json hash is the same, not collecting global sync generators
[NX Daemon Server] - 2025-01-13T20:50:56.293Z - Time taken for 'total execution time for createProjectGraph()' 10.848209000192583ms
[NX Daemon Server] - 2025-01-13T20:50:57.170Z - Established a connection. Number of open connections: 3
[NX Daemon Server] - 2025-01-13T20:50:57.171Z - [REQUEST]: Client Request for Project Graph Received
[NX Daemon Server] - 2025-01-13T20:50:57.171Z - [REQUEST]: Responding to the client. project-graph
[NX Daemon Server] - 2025-01-13T20:50:57.171Z - Time taken for 'total for creating and serializing project graph' 0.2157920002937317ms
[NX Daemon Server] - 2025-01-13T20:50:57.171Z - Closed a connection. Number of open connections: 2
[NX Daemon Server] - 2025-01-13T20:50:57.172Z - Done responding to the client project-graph
[NX Daemon Server] - 2025-01-13T20:50:57.172Z - Handled REQUEST_PROJECT_GRAPH. Handling time: 0. Response time: 1.
[NX Daemon Server] - 2025-01-13T20:50:57.175Z - [REQUEST]: Responding to the client. handleContextFileData
[NX Daemon Server] - 2025-01-13T20:50:57.175Z - Done responding to the client handleContextFileData
[NX Daemon Server] - 2025-01-13T20:50:57.175Z - Handled GET_CONTEXT_FILE_DATA. Handling time: 1. Response time: 0.
[NX Daemon Server] - 2025-01-13T20:50:57.175Z - Closed a connection. Number of open connections: 1
[NX Daemon Server] - 2025-01-13T20:50:57.179Z - Closed a connection. Number of open connections: 0
[NX Daemon Server] - 2025-01-13T20:50:57.180Z - Established a connection. Number of open connections: 1
[NX Daemon Server] - 2025-01-13T20:50:57.180Z - Established a connection. Number of open connections: 2
[NX Daemon Server] - 2025-01-13T20:50:57.180Z - Closed a connection. Number of open connections: 1
[NX Daemon Server] - 2025-01-13T20:50:57.181Z - [REQUEST]: Client Request for Project Graph Received
[NX Daemon Server] - 2025-01-13T20:50:57.181Z - [REQUEST]: Responding to the client. project-graph
[NX Daemon Server] - 2025-01-13T20:50:57.181Z - Time taken for 'total for creating and serializing project graph' 0.11266699992120266ms
[NX Daemon Server] - 2025-01-13T20:50:57.182Z - Done responding to the client project-graph
[NX Daemon Server] - 2025-01-13T20:50:57.182Z - Handled REQUEST_PROJECT_GRAPH. Handling time: 0. Response time: 1.
[NX Daemon Server] - 2025-01-13T20:50:57.183Z - [REQUEST]: Client Request for Project Graph Received
[NX Daemon Server] - 2025-01-13T20:50:57.183Z - [REQUEST]: Responding to the client. project-graph
[NX Daemon Server] - 2025-01-13T20:50:57.183Z - Time taken for 'total for creating and serializing project graph' 0.10470799915492535ms
[NX Daemon Server] - 2025-01-13T20:50:57.184Z - Done responding to the client project-graph
[NX Daemon Server] - 2025-01-13T20:50:57.184Z - Handled REQUEST_PROJECT_GRAPH. Handling time: 0. Response time: 1.
[NX Daemon Server] - 2025-01-13T20:50:57.185Z - Established a connection. Number of open connections: 2
[NX Daemon Server] - 2025-01-13T20:51:01.768Z - [WATCHER]: apps/tournament-manager/vitest.config.ts was modified
[NX Daemon Server] - 2025-01-13T20:51:01.769Z - [REQUEST]: Responding to the client. File watch changed
[NX Daemon Server] - 2025-01-13T20:51:01.769Z - Done responding to the client File watch changed
[NX Daemon Server] - 2025-01-13T20:51:01.769Z - Handled FILE-WATCH-CHANGED. Handling time: 0. Response time: 0.
[NX Daemon Server] - 2025-01-13T20:51:01.769Z - [WATCHER]: Processing file changes in outputs
[NX Daemon Server] - 2025-01-13T20:51:01.769Z - Time taken for 'changed-projects' 0.05850000027567148ms
[NX Daemon Server] - 2025-01-13T20:51:01.870Z - [REQUEST]: Updated workspace context based on watched changes, recomputing project graph...
[NX Daemon Server] - 2025-01-13T20:51:01.871Z - [REQUEST]: apps/tournament-manager/vitest.config.ts
[NX Daemon Server] - 2025-01-13T20:51:01.871Z - [REQUEST]: 
[NX Daemon Server] - 2025-01-13T20:51:01.872Z - Time taken for 'hash changed files from watcher' 0.09599999990314245ms
[NX Daemon Server] - 2025-01-13T20:51:01.879Z - Time taken for 'build-project-configs' 5.538583000190556ms
[NX Daemon Server] - 2025-01-13T20:51:01.887Z - [SYNC]: collect registered sync generators
[NX Daemon Server] - 2025-01-13T20:51:01.887Z - [SYNC]: project graph hash is the same, not collecting task sync generators
[NX Daemon Server] - 2025-01-13T20:51:01.887Z - [SYNC]: nx.json hash is the same, not collecting global sync generators
[NX Daemon Server] - 2025-01-13T20:51:01.887Z - Time taken for 'total execution time for createProjectGraph()' 6.3571250000968575ms
[NX Daemon Server] - 2025-01-13T20:51:02.772Z - Established a connection. Number of open connections: 3
[NX Daemon Server] - 2025-01-13T20:51:02.772Z - [REQUEST]: Client Request for Project Graph Received
[NX Daemon Server] - 2025-01-13T20:51:02.772Z - [REQUEST]: Responding to the client. project-graph
[NX Daemon Server] - 2025-01-13T20:51:02.772Z - Time taken for 'total for creating and serializing project graph' 0.0936669996008277ms
[NX Daemon Server] - 2025-01-13T20:51:02.772Z - Closed a connection. Number of open connections: 2
[NX Daemon Server] - 2025-01-13T20:51:02.773Z - Done responding to the client project-graph
[NX Daemon Server] - 2025-01-13T20:51:02.773Z - Handled REQUEST_PROJECT_GRAPH. Handling time: 0. Response time: 1.
[NX Daemon Server] - 2025-01-13T20:51:02.775Z - [REQUEST]: Responding to the client. handleContextFileData
[NX Daemon Server] - 2025-01-13T20:51:02.775Z - Done responding to the client handleContextFileData
[NX Daemon Server] - 2025-01-13T20:51:02.775Z - Handled GET_CONTEXT_FILE_DATA. Handling time: 0. Response time: 0.
[NX Daemon Server] - 2025-01-13T20:51:02.775Z - Closed a connection. Number of open connections: 1
[NX Daemon Server] - 2025-01-13T20:51:02.777Z - Closed a connection. Number of open connections: 0
[NX Daemon Server] - 2025-01-13T20:51:02.778Z - Established a connection. Number of open connections: 1
[NX Daemon Server] - 2025-01-13T20:51:02.778Z - Established a connection. Number of open connections: 2
[NX Daemon Server] - 2025-01-13T20:51:02.778Z - Closed a connection. Number of open connections: 1
[NX Daemon Server] - 2025-01-13T20:51:02.778Z - [REQUEST]: Client Request for Project Graph Received
[NX Daemon Server] - 2025-01-13T20:51:02.778Z - [REQUEST]: Responding to the client. project-graph
[NX Daemon Server] - 2025-01-13T20:51:02.778Z - Time taken for 'total for creating and serializing project graph' 0.06366700027137995ms
[NX Daemon Server] - 2025-01-13T20:51:02.778Z - Done responding to the client project-graph
[NX Daemon Server] - 2025-01-13T20:51:02.778Z - Handled REQUEST_PROJECT_GRAPH. Handling time: 0. Response time: 0.
[NX Daemon Server] - 2025-01-13T20:51:02.779Z - [REQUEST]: Client Request for Project Graph Received
[NX Daemon Server] - 2025-01-13T20:51:02.779Z - [REQUEST]: Responding to the client. project-graph
[NX Daemon Server] - 2025-01-13T20:51:02.779Z - Time taken for 'total for creating and serializing project graph' 0.0652080001309514ms
[NX Daemon Server] - 2025-01-13T20:51:02.780Z - Done responding to the client project-graph
[NX Daemon Server] - 2025-01-13T20:51:02.780Z - Handled REQUEST_PROJECT_GRAPH. Handling time: 0. Response time: 1.
[NX Daemon Server] - 2025-01-13T20:51:02.781Z - Established a connection. Number of open connections: 2
[NX Daemon Server] - 2025-01-13T20:51:03.039Z - [WATCHER]: apps/tournament-manager/vitest.config.ts was modified
[NX Daemon Server] - 2025-01-13T20:51:03.039Z - [REQUEST]: Responding to the client. File watch changed
[NX Daemon Server] - 2025-01-13T20:51:03.039Z - Done responding to the client File watch changed
[NX Daemon Server] - 2025-01-13T20:51:03.039Z - Handled FILE-WATCH-CHANGED. Handling time: 0. Response time: 0.
[NX Daemon Server] - 2025-01-13T20:51:03.039Z - [WATCHER]: Processing file changes in outputs
[NX Daemon Server] - 2025-01-13T20:51:03.039Z - Time taken for 'changed-projects' 0.025375000201165676ms
[NX Daemon Server] - 2025-01-13T20:51:03.139Z - [REQUEST]: Updated workspace context based on watched changes, recomputing project graph...
[NX Daemon Server] - 2025-01-13T20:51:03.139Z - [REQUEST]: apps/tournament-manager/vitest.config.ts
[NX Daemon Server] - 2025-01-13T20:51:03.139Z - [REQUEST]: 
[NX Daemon Server] - 2025-01-13T20:51:03.140Z - Time taken for 'hash changed files from watcher' 0.11604100000113249ms
[NX Daemon Server] - 2025-01-13T20:51:03.145Z - Time taken for 'build-project-configs' 3.8086670003831387ms
[NX Daemon Server] - 2025-01-13T20:51:03.154Z - [SYNC]: collect registered sync generators
[NX Daemon Server] - 2025-01-13T20:51:03.154Z - [SYNC]: project graph hash is the same, not collecting task sync generators
[NX Daemon Server] - 2025-01-13T20:51:03.154Z - [SYNC]: nx.json hash is the same, not collecting global sync generators
[NX Daemon Server] - 2025-01-13T20:51:03.154Z - Time taken for 'total execution time for createProjectGraph()' 7.348709000274539ms
[NX Daemon Server] - 2025-01-13T20:51:03.738Z - [WATCHER]: Processing file changes in outputs
[NX Daemon Server] - 2025-01-13T20:51:03.738Z - [WATCHER]: libs/ui-components/vite.config.js.timestamp-1736801463675-830df22c5edce.mjs was deleted
[NX Daemon Server] - 2025-01-13T20:51:03.738Z - [REQUEST]: Responding to the client. File watch changed
[NX Daemon Server] - 2025-01-13T20:51:03.738Z - Done responding to the client File watch changed
[NX Daemon Server] - 2025-01-13T20:51:03.738Z - Handled FILE-WATCH-CHANGED. Handling time: 0. Response time: 0.
[NX Daemon Server] - 2025-01-13T20:51:03.739Z - Time taken for 'changed-projects' 0.028250000439584255ms
[NX Daemon Server] - 2025-01-13T20:51:03.938Z - [REQUEST]: Updated workspace context based on watched changes, recomputing project graph...
[NX Daemon Server] - 2025-01-13T20:51:03.939Z - [REQUEST]: 
[NX Daemon Server] - 2025-01-13T20:51:03.939Z - [REQUEST]: libs/ui-components/vite.config.js.timestamp-1736801463675-830df22c5edce.mjs
[NX Daemon Server] - 2025-01-13T20:51:03.940Z - Time taken for 'hash changed files from watcher' 0.13783299922943115ms
[NX Daemon Server] - 2025-01-13T20:51:03.945Z - Time taken for 'build-project-configs' 4.058583999983966ms
[NX Daemon Server] - 2025-01-13T20:51:03.952Z - [SYNC]: collect registered sync generators
[NX Daemon Server] - 2025-01-13T20:51:03.952Z - [SYNC]: project graph hash is the same, not collecting task sync generators
[NX Daemon Server] - 2025-01-13T20:51:03.952Z - [SYNC]: nx.json hash is the same, not collecting global sync generators
[NX Daemon Server] - 2025-01-13T20:51:03.952Z - Time taken for 'total execution time for createProjectGraph()' 5.9390409998595715ms
[NX Daemon Server] - 2025-01-13T20:51:04.356Z - [WATCHER]: libs/utils/vitest.config.ts was modified
[NX Daemon Server] - 2025-01-13T20:51:04.356Z - [REQUEST]: Responding to the client. File watch changed
[NX Daemon Server] - 2025-01-13T20:51:04.356Z - Done responding to the client File watch changed
[NX Daemon Server] - 2025-01-13T20:51:04.356Z - Handled FILE-WATCH-CHANGED. Handling time: 0. Response time: 0.
[NX Daemon Server] - 2025-01-13T20:51:04.356Z - [WATCHER]: Processing file changes in outputs
[NX Daemon Server] - 2025-01-13T20:51:04.356Z - Time taken for 'changed-projects' 0.030375000089406967ms
[NX Daemon Server] - 2025-01-13T20:51:04.757Z - [REQUEST]: Updated workspace context based on watched changes, recomputing project graph...
[NX Daemon Server] - 2025-01-13T20:51:04.757Z - [REQUEST]: libs/utils/vitest.config.ts
[NX Daemon Server] - 2025-01-13T20:51:04.757Z - [REQUEST]: 
[NX Daemon Server] - 2025-01-13T20:51:04.758Z - Time taken for 'hash changed files from watcher' 0.11583399958908558ms
[NX Daemon Server] - 2025-01-13T20:51:04.762Z - Time taken for 'build-project-configs' 3.8638340001925826ms
[NX Daemon Server] - 2025-01-13T20:51:04.770Z - [SYNC]: collect registered sync generators
[NX Daemon Server] - 2025-01-13T20:51:04.771Z - [SYNC]: project graph hash is the same, not collecting task sync generators
[NX Daemon Server] - 2025-01-13T20:51:04.771Z - [SYNC]: nx.json hash is the same, not collecting global sync generators
[NX Daemon Server] - 2025-01-13T20:51:04.771Z - Time taken for 'total execution time for createProjectGraph()' 6.662166000343859ms
[NX Daemon Server] - 2025-01-13T20:51:05.359Z - Established a connection. Number of open connections: 3
[NX Daemon Server] - 2025-01-13T20:51:05.359Z - [REQUEST]: Client Request for Project Graph Received
[NX Daemon Server] - 2025-01-13T20:51:05.359Z - [REQUEST]: Responding to the client. project-graph
[NX Daemon Server] - 2025-01-13T20:51:05.360Z - Time taken for 'total for creating and serializing project graph' 0.11566600017249584ms
[NX Daemon Server] - 2025-01-13T20:51:05.360Z - Closed a connection. Number of open connections: 2
[NX Daemon Server] - 2025-01-13T20:51:05.360Z - Done responding to the client project-graph
[NX Daemon Server] - 2025-01-13T20:51:05.360Z - Handled REQUEST_PROJECT_GRAPH. Handling time: 0. Response time: 1.
[NX Daemon Server] - 2025-01-13T20:51:05.361Z - [REQUEST]: Responding to the client. handleContextFileData
[NX Daemon Server] - 2025-01-13T20:51:05.361Z - Done responding to the client handleContextFileData
[NX Daemon Server] - 2025-01-13T20:51:05.361Z - Handled GET_CONTEXT_FILE_DATA. Handling time: 0. Response time: 0.
[NX Daemon Server] - 2025-01-13T20:51:05.362Z - Closed a connection. Number of open connections: 1
[NX Daemon Server] - 2025-01-13T20:51:05.364Z - Closed a connection. Number of open connections: 0
[NX Daemon Server] - 2025-01-13T20:51:05.365Z - Established a connection. Number of open connections: 1
[NX Daemon Server] - 2025-01-13T20:51:05.365Z - Established a connection. Number of open connections: 2
[NX Daemon Server] - 2025-01-13T20:51:05.365Z - Closed a connection. Number of open connections: 1
[NX Daemon Server] - 2025-01-13T20:51:05.365Z - [REQUEST]: Client Request for Project Graph Received
[NX Daemon Server] - 2025-01-13T20:51:05.365Z - [REQUEST]: Responding to the client. project-graph
[NX Daemon Server] - 2025-01-13T20:51:05.365Z - Time taken for 'total for creating and serializing project graph' 0.07274999935179949ms
[NX Daemon Server] - 2025-01-13T20:51:05.365Z - Done responding to the client project-graph
[NX Daemon Server] - 2025-01-13T20:51:05.365Z - Handled REQUEST_PROJECT_GRAPH. Handling time: 0. Response time: 0.
[NX Daemon Server] - 2025-01-13T20:51:05.366Z - [REQUEST]: Client Request for Project Graph Received
[NX Daemon Server] - 2025-01-13T20:51:05.366Z - [REQUEST]: Responding to the client. project-graph
[NX Daemon Server] - 2025-01-13T20:51:05.366Z - Time taken for 'total for creating and serializing project graph' 0.057667000219225883ms
[NX Daemon Server] - 2025-01-13T20:51:05.367Z - Done responding to the client project-graph
[NX Daemon Server] - 2025-01-13T20:51:05.367Z - Handled REQUEST_PROJECT_GRAPH. Handling time: 0. Response time: 1.
[NX Daemon Server] - 2025-01-13T20:51:05.368Z - Established a connection. Number of open connections: 2
[NX Daemon Server] - 2025-01-13T20:51:11.939Z - [WATCHER]: libs/ui-components/vite.config.js.timestamp-1736801471875-f7421539f216d.mjs was deleted
[NX Daemon Server] - 2025-01-13T20:51:11.939Z - [REQUEST]: Responding to the client. File watch changed
[NX Daemon Server] - 2025-01-13T20:51:11.939Z - Done responding to the client File watch changed
[NX Daemon Server] - 2025-01-13T20:51:11.939Z - Handled FILE-WATCH-CHANGED. Handling time: 0. Response time: 0.
[NX Daemon Server] - 2025-01-13T20:51:11.939Z - [WATCHER]: Processing file changes in outputs
[NX Daemon Server] - 2025-01-13T20:51:11.939Z - Time taken for 'changed-projects' 0.03883400000631809ms
[NX Daemon Server] - 2025-01-13T20:51:12.040Z - [REQUEST]: Updated workspace context based on watched changes, recomputing project graph...
[NX Daemon Server] - 2025-01-13T20:51:12.040Z - [REQUEST]: 
[NX Daemon Server] - 2025-01-13T20:51:12.040Z - [REQUEST]: libs/ui-components/vite.config.js.timestamp-1736801471875-f7421539f216d.mjs
[NX Daemon Server] - 2025-01-13T20:51:12.041Z - Time taken for 'hash changed files from watcher' 0.11654200032353401ms
[NX Daemon Server] - 2025-01-13T20:51:12.046Z - Time taken for 'build-project-configs' 4.001000000163913ms
[NX Daemon Server] - 2025-01-13T20:51:12.057Z - [SYNC]: collect registered sync generators
[NX Daemon Server] - 2025-01-13T20:51:12.057Z - [SYNC]: project graph hash is the same, not collecting task sync generators
[NX Daemon Server] - 2025-01-13T20:51:12.057Z - [SYNC]: nx.json hash is the same, not collecting global sync generators
[NX Daemon Server] - 2025-01-13T20:51:12.057Z - Time taken for 'total execution time for createProjectGraph()' 9.839165999554098ms
[NX Daemon Server] - 2025-01-13T20:51:12.941Z - Established a connection. Number of open connections: 3
[NX Daemon Server] - 2025-01-13T20:51:12.941Z - [REQUEST]: Client Request for Project Graph Received
[NX Daemon Server] - 2025-01-13T20:51:12.941Z - [REQUEST]: Responding to the client. project-graph
[NX Daemon Server] - 2025-01-13T20:51:12.941Z - Time taken for 'total for creating and serializing project graph' 0.11879200022667646ms
[NX Daemon Server] - 2025-01-13T20:51:12.941Z - Closed a connection. Number of open connections: 2
[NX Daemon Server] - 2025-01-13T20:51:12.942Z - Done responding to the client project-graph
[NX Daemon Server] - 2025-01-13T20:51:12.942Z - Handled REQUEST_PROJECT_GRAPH. Handling time: 0. Response time: 1.
[NX Daemon Server] - 2025-01-13T20:51:12.943Z - [REQUEST]: Responding to the client. handleContextFileData
[NX Daemon Server] - 2025-01-13T20:51:12.943Z - Done responding to the client handleContextFileData
[NX Daemon Server] - 2025-01-13T20:51:12.943Z - Handled GET_CONTEXT_FILE_DATA. Handling time: 0. Response time: 0.
[NX Daemon Server] - 2025-01-13T20:51:12.944Z - Closed a connection. Number of open connections: 1
[NX Daemon Server] - 2025-01-13T20:51:12.945Z - Closed a connection. Number of open connections: 0
[NX Daemon Server] - 2025-01-13T20:51:12.946Z - Established a connection. Number of open connections: 1
[NX Daemon Server] - 2025-01-13T20:51:12.946Z - Established a connection. Number of open connections: 2
[NX Daemon Server] - 2025-01-13T20:51:12.946Z - Closed a connection. Number of open connections: 1
[NX Daemon Server] - 2025-01-13T20:51:12.946Z - [REQUEST]: Client Request for Project Graph Received
[NX Daemon Server] - 2025-01-13T20:51:12.946Z - [REQUEST]: Responding to the client. project-graph
[NX Daemon Server] - 2025-01-13T20:51:12.946Z - Time taken for 'total for creating and serializing project graph' 0.06650000065565109ms
[NX Daemon Server] - 2025-01-13T20:51:12.946Z - Done responding to the client project-graph
[NX Daemon Server] - 2025-01-13T20:51:12.946Z - Handled REQUEST_PROJECT_GRAPH. Handling time: 0. Response time: 0.
[NX Daemon Server] - 2025-01-13T20:51:12.947Z - [REQUEST]: Client Request for Project Graph Received
[NX Daemon Server] - 2025-01-13T20:51:12.947Z - [REQUEST]: Responding to the client. project-graph
[NX Daemon Server] - 2025-01-13T20:51:12.948Z - Time taken for 'total for creating and serializing project graph' 0.08137500006705523ms
[NX Daemon Server] - 2025-01-13T20:51:12.948Z - Done responding to the client project-graph
[NX Daemon Server] - 2025-01-13T20:51:12.948Z - Handled REQUEST_PROJECT_GRAPH. Handling time: 0. Response time: 1.
[NX Daemon Server] - 2025-01-13T20:51:12.949Z - Established a connection. Number of open connections: 2
[NX Daemon Server] - 2025-01-13T20:51:47.819Z - [WATCHER]: libs/utils/src/components/slugify.ts was modified
[NX Daemon Server] - 2025-01-13T20:51:47.820Z - [REQUEST]: Responding to the client. File watch changed
[NX Daemon Server] - 2025-01-13T20:51:47.820Z - Done responding to the client File watch changed
[NX Daemon Server] - 2025-01-13T20:51:47.820Z - Handled FILE-WATCH-CHANGED. Handling time: 0. Response time: 0.
[NX Daemon Server] - 2025-01-13T20:51:47.820Z - [WATCHER]: Processing file changes in outputs
[NX Daemon Server] - 2025-01-13T20:51:47.820Z - Time taken for 'changed-projects' 0.07370799966156483ms
[NX Daemon Server] - 2025-01-13T20:51:47.922Z - [REQUEST]: Updated workspace context based on watched changes, recomputing project graph...
[NX Daemon Server] - 2025-01-13T20:51:47.922Z - [REQUEST]: libs/utils/src/components/slugify.ts
[NX Daemon Server] - 2025-01-13T20:51:47.922Z - [REQUEST]: 
[NX Daemon Server] - 2025-01-13T20:51:47.926Z - Time taken for 'hash changed files from watcher' 0.8856250001117587ms
[NX Daemon Server] - 2025-01-13T20:51:47.935Z - Time taken for 'build-project-configs' 10.066040999256074ms
[NX Daemon Server] - 2025-01-13T20:51:47.944Z - [SYNC]: collect registered sync generators
[NX Daemon Server] - 2025-01-13T20:51:47.944Z - [SYNC]: project graph hash is the same, not collecting task sync generators
[NX Daemon Server] - 2025-01-13T20:51:47.944Z - [SYNC]: nx.json hash is the same, not collecting global sync generators
[NX Daemon Server] - 2025-01-13T20:51:47.944Z - Time taken for 'total execution time for createProjectGraph()' 7.314000000245869ms
[NX Daemon Server] - 2025-01-13T20:51:48.826Z - Established a connection. Number of open connections: 3
[NX Daemon Server] - 2025-01-13T20:51:48.827Z - [REQUEST]: Client Request for Project Graph Received
[NX Daemon Server] - 2025-01-13T20:51:48.828Z - [REQUEST]: Responding to the client. project-graph
[NX Daemon Server] - 2025-01-13T20:51:48.828Z - Time taken for 'total for creating and serializing project graph' 0.23866600077599287ms
[NX Daemon Server] - 2025-01-13T20:51:48.828Z - Closed a connection. Number of open connections: 2
[NX Daemon Server] - 2025-01-13T20:51:48.830Z - Done responding to the client project-graph
[NX Daemon Server] - 2025-01-13T20:51:48.830Z - Handled REQUEST_PROJECT_GRAPH. Handling time: 1. Response time: 2.
[NX Daemon Server] - 2025-01-13T20:51:48.834Z - [REQUEST]: Responding to the client. handleContextFileData
[NX Daemon Server] - 2025-01-13T20:51:48.834Z - Done responding to the client handleContextFileData
[NX Daemon Server] - 2025-01-13T20:51:48.834Z - Handled GET_CONTEXT_FILE_DATA. Handling time: 0. Response time: 0.
[NX Daemon Server] - 2025-01-13T20:51:48.834Z - Closed a connection. Number of open connections: 1
[NX Daemon Server] - 2025-01-13T20:51:48.843Z - Closed a connection. Number of open connections: 0
[NX Daemon Server] - 2025-01-13T20:51:48.844Z - Established a connection. Number of open connections: 1
[NX Daemon Server] - 2025-01-13T20:51:48.844Z - Established a connection. Number of open connections: 2
[NX Daemon Server] - 2025-01-13T20:51:48.845Z - Closed a connection. Number of open connections: 1
[NX Daemon Server] - 2025-01-13T20:51:48.845Z - [REQUEST]: Client Request for Project Graph Received
[NX Daemon Server] - 2025-01-13T20:51:48.845Z - [REQUEST]: Responding to the client. project-graph
[NX Daemon Server] - 2025-01-13T20:51:48.845Z - Time taken for 'total for creating and serializing project graph' 0.1425409996882081ms
[NX Daemon Server] - 2025-01-13T20:51:48.846Z - Done responding to the client project-graph
[NX Daemon Server] - 2025-01-13T20:51:48.846Z - Handled REQUEST_PROJECT_GRAPH. Handling time: 0. Response time: 1.
[NX Daemon Server] - 2025-01-13T20:51:48.848Z - [REQUEST]: Client Request for Project Graph Received
[NX Daemon Server] - 2025-01-13T20:51:48.848Z - [REQUEST]: Responding to the client. project-graph
[NX Daemon Server] - 2025-01-13T20:51:48.848Z - Time taken for 'total for creating and serializing project graph' 0.1049580005928874ms
[NX Daemon Server] - 2025-01-13T20:51:48.848Z - Done responding to the client project-graph
[NX Daemon Server] - 2025-01-13T20:51:48.848Z - Handled REQUEST_PROJECT_GRAPH. Handling time: 0. Response time: 0.
[NX Daemon Server] - 2025-01-13T20:51:48.850Z - Established a connection. Number of open connections: 2
[NX Daemon Server] - 2025-01-13T20:54:01.094Z - [WATCHER]: Processing file changes in outputs
[NX Daemon Server] - 2025-01-13T20:54:01.104Z - [WATCHER]: libs/utils/src/components/slugify.test.ts was modified
[NX Daemon Server] - 2025-01-13T20:54:01.105Z - [REQUEST]: Responding to the client. File watch changed
[NX Daemon Server] - 2025-01-13T20:54:01.105Z - Done responding to the client File watch changed
[NX Daemon Server] - 2025-01-13T20:54:01.105Z - Handled FILE-WATCH-CHANGED. Handling time: 0. Response time: 0.
[NX Daemon Server] - 2025-01-13T20:54:01.105Z - Time taken for 'changed-projects' 0.14237499982118607ms
[NX Daemon Server] - 2025-01-13T20:54:01.214Z - [REQUEST]: Updated workspace context based on watched changes, recomputing project graph...
[NX Daemon Server] - 2025-01-13T20:54:01.214Z - [REQUEST]: libs/utils/src/components/slugify.test.ts
[NX Daemon Server] - 2025-01-13T20:54:01.214Z - [REQUEST]: 
[NX Daemon Server] - 2025-01-13T20:54:01.220Z - Time taken for 'hash changed files from watcher' 0.523416000418365ms
[NX Daemon Server] - 2025-01-13T20:54:01.232Z - Time taken for 'build-project-configs' 15.335415999405086ms
[NX Daemon Server] - 2025-01-13T20:54:01.245Z - [SYNC]: collect registered sync generators
[NX Daemon Server] - 2025-01-13T20:54:01.245Z - [SYNC]: project graph hash is the same, not collecting task sync generators
[NX Daemon Server] - 2025-01-13T20:54:01.245Z - [SYNC]: nx.json hash is the same, not collecting global sync generators
[NX Daemon Server] - 2025-01-13T20:54:01.245Z - Time taken for 'total execution time for createProjectGraph()' 11.091541999951005ms
[NX Daemon Server] - 2025-01-13T20:54:02.113Z - Established a connection. Number of open connections: 3
[NX Daemon Server] - 2025-01-13T20:54:02.114Z - [REQUEST]: Client Request for Project Graph Received
[NX Daemon Server] - 2025-01-13T20:54:02.114Z - [REQUEST]: Responding to the client. project-graph
[NX Daemon Server] - 2025-01-13T20:54:02.115Z - Time taken for 'total for creating and serializing project graph' 0.3100829999893904ms
[NX Daemon Server] - 2025-01-13T20:54:02.115Z - Closed a connection. Number of open connections: 2
[NX Daemon Server] - 2025-01-13T20:54:02.117Z - Done responding to the client project-graph
[NX Daemon Server] - 2025-01-13T20:54:02.117Z - Handled REQUEST_PROJECT_GRAPH. Handling time: 0. Response time: 3.
[NX Daemon Server] - 2025-01-13T20:54:02.119Z - [REQUEST]: Responding to the client. handleContextFileData
[NX Daemon Server] - 2025-01-13T20:54:02.119Z - Done responding to the client handleContextFileData
[NX Daemon Server] - 2025-01-13T20:54:02.119Z - Handled GET_CONTEXT_FILE_DATA. Handling time: 0. Response time: 0.
[NX Daemon Server] - 2025-01-13T20:54:02.119Z - Closed a connection. Number of open connections: 1
[NX Daemon Server] - 2025-01-13T20:54:02.124Z - Closed a connection. Number of open connections: 0
[NX Daemon Server] - 2025-01-13T20:54:02.125Z - Established a connection. Number of open connections: 1
[NX Daemon Server] - 2025-01-13T20:54:02.125Z - Established a connection. Number of open connections: 2
[NX Daemon Server] - 2025-01-13T20:54:02.125Z - Closed a connection. Number of open connections: 1
[NX Daemon Server] - 2025-01-13T20:54:02.126Z - [REQUEST]: Client Request for Project Graph Received
[NX Daemon Server] - 2025-01-13T20:54:02.126Z - [REQUEST]: Responding to the client. project-graph
[NX Daemon Server] - 2025-01-13T20:54:02.126Z - Time taken for 'total for creating and serializing project graph' 0.07808300014585257ms
[NX Daemon Server] - 2025-01-13T20:54:02.126Z - Done responding to the client project-graph
[NX Daemon Server] - 2025-01-13T20:54:02.126Z - Handled REQUEST_PROJECT_GRAPH. Handling time: 0. Response time: 0.
[NX Daemon Server] - 2025-01-13T20:54:02.127Z - [REQUEST]: Client Request for Project Graph Received
[NX Daemon Server] - 2025-01-13T20:54:02.127Z - [REQUEST]: Responding to the client. project-graph
[NX Daemon Server] - 2025-01-13T20:54:02.127Z - Time taken for 'total for creating and serializing project graph' 0.056166999973356724ms
[NX Daemon Server] - 2025-01-13T20:54:02.128Z - Done responding to the client project-graph
[NX Daemon Server] - 2025-01-13T20:54:02.128Z - Handled REQUEST_PROJECT_GRAPH. Handling time: 0. Response time: 1.
[NX Daemon Server] - 2025-01-13T20:54:02.128Z - Established a connection. Number of open connections: 2
[NX Daemon Server] - 2025-01-13T20:54:03.951Z - [WATCHER]: libs/utils/src/components/slugify.test.ts was modified
[NX Daemon Server] - 2025-01-13T20:54:03.951Z - [REQUEST]: Responding to the client. File watch changed
[NX Daemon Server] - 2025-01-13T20:54:03.951Z - Done responding to the client File watch changed
[NX Daemon Server] - 2025-01-13T20:54:03.951Z - Handled FILE-WATCH-CHANGED. Handling time: 0. Response time: 0.
[NX Daemon Server] - 2025-01-13T20:54:03.951Z - [WATCHER]: Processing file changes in outputs
[NX Daemon Server] - 2025-01-13T20:54:03.951Z - Time taken for 'changed-projects' 0.03991700056940317ms
[NX Daemon Server] - 2025-01-13T20:54:04.051Z - [REQUEST]: Updated workspace context based on watched changes, recomputing project graph...
[NX Daemon Server] - 2025-01-13T20:54:04.051Z - [REQUEST]: libs/utils/src/components/slugify.test.ts
[NX Daemon Server] - 2025-01-13T20:54:04.051Z - [REQUEST]: 
[NX Daemon Server] - 2025-01-13T20:54:04.053Z - Time taken for 'hash changed files from watcher' 0.17120900005102158ms
[NX Daemon Server] - 2025-01-13T20:54:04.060Z - Time taken for 'build-project-configs' 7.066250000149012ms
[NX Daemon Server] - 2025-01-13T20:54:04.071Z - [SYNC]: collect registered sync generators
[NX Daemon Server] - 2025-01-13T20:54:04.071Z - [SYNC]: project graph hash is the same, not collecting task sync generators
[NX Daemon Server] - 2025-01-13T20:54:04.071Z - [SYNC]: nx.json hash is the same, not collecting global sync generators
[NX Daemon Server] - 2025-01-13T20:54:04.071Z - Time taken for 'total execution time for createProjectGraph()' 8.500792000442743ms
[NX Daemon Server] - 2025-01-13T20:54:04.956Z - Established a connection. Number of open connections: 3
[NX Daemon Server] - 2025-01-13T20:54:04.957Z - [REQUEST]: Client Request for Project Graph Received
[NX Daemon Server] - 2025-01-13T20:54:04.957Z - [REQUEST]: Responding to the client. project-graph
[NX Daemon Server] - 2025-01-13T20:54:04.959Z - Time taken for 'total for creating and serializing project graph' 0.2846249993890524ms
[NX Daemon Server] - 2025-01-13T20:54:04.959Z - Closed a connection. Number of open connections: 2
[NX Daemon Server] - 2025-01-13T20:54:04.961Z - Done responding to the client project-graph
[NX Daemon Server] - 2025-01-13T20:54:04.961Z - Handled REQUEST_PROJECT_GRAPH. Handling time: 0. Response time: 4.
[NX Daemon Server] - 2025-01-13T20:54:04.963Z - [REQUEST]: Responding to the client. handleContextFileData
[NX Daemon Server] - 2025-01-13T20:54:04.963Z - Done responding to the client handleContextFileData
[NX Daemon Server] - 2025-01-13T20:54:04.963Z - Handled GET_CONTEXT_FILE_DATA. Handling time: 1. Response time: 0.
[NX Daemon Server] - 2025-01-13T20:54:04.963Z - Closed a connection. Number of open connections: 1
[NX Daemon Server] - 2025-01-13T20:54:04.965Z - Closed a connection. Number of open connections: 0
[NX Daemon Server] - 2025-01-13T20:54:04.966Z - Established a connection. Number of open connections: 1
[NX Daemon Server] - 2025-01-13T20:54:04.966Z - Established a connection. Number of open connections: 2
[NX Daemon Server] - 2025-01-13T20:54:04.966Z - Closed a connection. Number of open connections: 1
[NX Daemon Server] - 2025-01-13T20:54:04.966Z - [REQUEST]: Client Request for Project Graph Received
[NX Daemon Server] - 2025-01-13T20:54:04.966Z - [REQUEST]: Responding to the client. project-graph
[NX Daemon Server] - 2025-01-13T20:54:04.966Z - Time taken for 'total for creating and serializing project graph' 0.06337500084191561ms
[NX Daemon Server] - 2025-01-13T20:54:04.967Z - Done responding to the client project-graph
[NX Daemon Server] - 2025-01-13T20:54:04.967Z - Handled REQUEST_PROJECT_GRAPH. Handling time: 0. Response time: 1.
[NX Daemon Server] - 2025-01-13T20:54:04.968Z - [REQUEST]: Client Request for Project Graph Received
[NX Daemon Server] - 2025-01-13T20:54:04.968Z - [REQUEST]: Responding to the client. project-graph
[NX Daemon Server] - 2025-01-13T20:54:04.968Z - Time taken for 'total for creating and serializing project graph' 0.044583000242710114ms
[NX Daemon Server] - 2025-01-13T20:54:04.968Z - Done responding to the client project-graph
[NX Daemon Server] - 2025-01-13T20:54:04.968Z - Handled REQUEST_PROJECT_GRAPH. Handling time: 0. Response time: 0.
[NX Daemon Server] - 2025-01-13T20:54:04.969Z - Established a connection. Number of open connections: 2
[NX Daemon Server] - 2025-01-13T20:55:16.127Z - [WATCHER]: Processing file changes in outputs
[NX Daemon Server] - 2025-01-13T20:55:16.131Z - [WATCHER]: libs/utils/coverage/.tmp/coverage-0.json was deleted
[NX Daemon Server] - 2025-01-13T20:55:16.131Z - [REQUEST]: Responding to the client. File watch changed
[NX Daemon Server] - 2025-01-13T20:55:16.131Z - Done responding to the client File watch changed
[NX Daemon Server] - 2025-01-13T20:55:16.131Z - Handled FILE-WATCH-CHANGED. Handling time: 0. Response time: 0.
[NX Daemon Server] - 2025-01-13T20:55:16.131Z - Time taken for 'changed-projects' 0.1874169996008277ms
[NX Daemon Server] - 2025-01-13T20:55:16.183Z - [WATCHER]: Processing file changes in outputs
[NX Daemon Server] - 2025-01-13T20:55:16.184Z - [WATCHER]: libs/utils/coverage/.tmp/coverage-0.json was deleted
[NX Daemon Server] - 2025-01-13T20:55:16.185Z - [REQUEST]: Responding to the client. File watch changed
[NX Daemon Server] - 2025-01-13T20:55:16.185Z - Done responding to the client File watch changed
[NX Daemon Server] - 2025-01-13T20:55:16.185Z - Handled FILE-WATCH-CHANGED. Handling time: 1. Response time: 0.
[NX Daemon Server] - 2025-01-13T20:55:16.185Z - Time taken for 'changed-projects' 0.10533400066196918ms
[NX Daemon Server] - 2025-01-13T20:55:16.233Z - [REQUEST]: Updated workspace context based on watched changes, recomputing project graph...
[NX Daemon Server] - 2025-01-13T20:55:16.233Z - [REQUEST]: 
[NX Daemon Server] - 2025-01-13T20:55:16.233Z - [REQUEST]: libs/utils/coverage/.tmp/coverage-0.json
[NX Daemon Server] - 2025-01-13T20:55:16.237Z - Time taken for 'hash changed files from watcher' 0.43745800014585257ms
[NX Daemon Server] - 2025-01-13T20:55:16.248Z - Time taken for 'build-project-configs' 11.098333000205457ms
[NX Daemon Server] - 2025-01-13T20:55:16.258Z - [SYNC]: collect registered sync generators
[NX Daemon Server] - 2025-01-13T20:55:16.259Z - [SYNC]: project graph hash is the same, not collecting task sync generators
[NX Daemon Server] - 2025-01-13T20:55:16.259Z - [SYNC]: nx.json hash is the same, not collecting global sync generators
[NX Daemon Server] - 2025-01-13T20:55:16.259Z - Time taken for 'total execution time for createProjectGraph()' 8.547458000481129ms
[NX Daemon Server] - 2025-01-13T20:55:17.191Z - Established a connection. Number of open connections: 3
[NX Daemon Server] - 2025-01-13T20:55:17.191Z - [REQUEST]: Client Request for Project Graph Received
[NX Daemon Server] - 2025-01-13T20:55:17.192Z - [REQUEST]: Responding to the client. project-graph
[NX Daemon Server] - 2025-01-13T20:55:17.192Z - Time taken for 'total for creating and serializing project graph' 0.12129100039601326ms
[NX Daemon Server] - 2025-01-13T20:55:17.192Z - Closed a connection. Number of open connections: 2
[NX Daemon Server] - 2025-01-13T20:55:17.193Z - Done responding to the client project-graph
[NX Daemon Server] - 2025-01-13T20:55:17.193Z - Handled REQUEST_PROJECT_GRAPH. Handling time: 1. Response time: 1.
[NX Daemon Server] - 2025-01-13T20:55:17.196Z - [REQUEST]: Responding to the client. handleContextFileData
[NX Daemon Server] - 2025-01-13T20:55:17.196Z - Done responding to the client handleContextFileData
[NX Daemon Server] - 2025-01-13T20:55:17.196Z - Handled GET_CONTEXT_FILE_DATA. Handling time: 0. Response time: 0.
[NX Daemon Server] - 2025-01-13T20:55:17.196Z - Closed a connection. Number of open connections: 1
[NX Daemon Server] - 2025-01-13T20:55:17.201Z - Closed a connection. Number of open connections: 0
[NX Daemon Server] - 2025-01-13T20:55:17.202Z - Established a connection. Number of open connections: 1
[NX Daemon Server] - 2025-01-13T20:55:17.202Z - Established a connection. Number of open connections: 2
[NX Daemon Server] - 2025-01-13T20:55:17.202Z - Closed a connection. Number of open connections: 1
[NX Daemon Server] - 2025-01-13T20:55:17.202Z - [REQUEST]: Client Request for Project Graph Received
[NX Daemon Server] - 2025-01-13T20:55:17.202Z - [REQUEST]: Responding to the client. project-graph
[NX Daemon Server] - 2025-01-13T20:55:17.202Z - Time taken for 'total for creating and serializing project graph' 0.06291699968278408ms
[NX Daemon Server] - 2025-01-13T20:55:17.203Z - Done responding to the client project-graph
[NX Daemon Server] - 2025-01-13T20:55:17.203Z - Handled REQUEST_PROJECT_GRAPH. Handling time: 0. Response time: 1.
[NX Daemon Server] - 2025-01-13T20:55:17.203Z - [REQUEST]: Client Request for Project Graph Received
[NX Daemon Server] - 2025-01-13T20:55:17.204Z - [REQUEST]: Responding to the client. project-graph
[NX Daemon Server] - 2025-01-13T20:55:17.204Z - Time taken for 'total for creating and serializing project graph' 0.046707999892532825ms
[NX Daemon Server] - 2025-01-13T20:55:17.204Z - Done responding to the client project-graph
[NX Daemon Server] - 2025-01-13T20:55:17.204Z - Handled REQUEST_PROJECT_GRAPH. Handling time: 1. Response time: 0.
[NX Daemon Server] - 2025-01-13T20:55:17.205Z - Established a connection. Number of open connections: 2
[NX Daemon Server] - 2025-01-13T20:55:22.788Z - [WATCHER]: libs/utils/src/components/slugify.test.ts was modified
[NX Daemon Server] - 2025-01-13T20:55:22.788Z - [REQUEST]: Responding to the client. File watch changed
[NX Daemon Server] - 2025-01-13T20:55:22.788Z - Done responding to the client File watch changed
[NX Daemon Server] - 2025-01-13T20:55:22.788Z - Handled FILE-WATCH-CHANGED. Handling time: 0. Response time: 0.
[NX Daemon Server] - 2025-01-13T20:55:22.788Z - [WATCHER]: Processing file changes in outputs
[NX Daemon Server] - 2025-01-13T20:55:22.788Z - Time taken for 'changed-projects' 0.043832999654114246ms
[NX Daemon Server] - 2025-01-13T20:55:22.889Z - [REQUEST]: Updated workspace context based on watched changes, recomputing project graph...
[NX Daemon Server] - 2025-01-13T20:55:22.889Z - [REQUEST]: libs/utils/src/components/slugify.test.ts
[NX Daemon Server] - 2025-01-13T20:55:22.889Z - [REQUEST]: 
[NX Daemon Server] - 2025-01-13T20:55:22.890Z - Time taken for 'hash changed files from watcher' 0.14870799984782934ms
[NX Daemon Server] - 2025-01-13T20:55:22.898Z - Time taken for 'build-project-configs' 6.202750000171363ms
[NX Daemon Server] - 2025-01-13T20:55:22.910Z - [SYNC]: collect registered sync generators
[NX Daemon Server] - 2025-01-13T20:55:22.911Z - [SYNC]: project graph hash is the same, not collecting task sync generators
[NX Daemon Server] - 2025-01-13T20:55:22.911Z - [SYNC]: nx.json hash is the same, not collecting global sync generators
[NX Daemon Server] - 2025-01-13T20:55:22.911Z - Time taken for 'total execution time for createProjectGraph()' 11.346332999877632ms
[NX Daemon Server] - 2025-01-13T20:55:23.286Z - [WATCHER]: Processing file changes in outputs
[NX Daemon Server] - 2025-01-13T20:55:23.287Z - [WATCHER]: libs/utils/coverage/.tmp/coverage-1.json was deleted
[NX Daemon Server] - 2025-01-13T20:55:23.287Z - [REQUEST]: Responding to the client. File watch changed
[NX Daemon Server] - 2025-01-13T20:55:23.287Z - Done responding to the client File watch changed
[NX Daemon Server] - 2025-01-13T20:55:23.287Z - Handled FILE-WATCH-CHANGED. Handling time: 0. Response time: 0.
[NX Daemon Server] - 2025-01-13T20:55:23.287Z - Time taken for 'changed-projects' 0.04358300007879734ms
[NX Daemon Server] - 2025-01-13T20:55:23.487Z - [REQUEST]: Updated workspace context based on watched changes, recomputing project graph...
[NX Daemon Server] - 2025-01-13T20:55:23.487Z - [REQUEST]: 
[NX Daemon Server] - 2025-01-13T20:55:23.487Z - [REQUEST]: libs/utils/coverage/.tmp/coverage-1.json
[NX Daemon Server] - 2025-01-13T20:55:23.489Z - Time taken for 'hash changed files from watcher' 0.09075000043958426ms
[NX Daemon Server] - 2025-01-13T20:55:23.493Z - Time taken for 'build-project-configs' 4.530083000659943ms
[NX Daemon Server] - 2025-01-13T20:55:23.503Z - [SYNC]: collect registered sync generators
[NX Daemon Server] - 2025-01-13T20:55:23.503Z - [SYNC]: project graph hash is the same, not collecting task sync generators
[NX Daemon Server] - 2025-01-13T20:55:23.503Z - [SYNC]: nx.json hash is the same, not collecting global sync generators
[NX Daemon Server] - 2025-01-13T20:55:23.503Z - Time taken for 'total execution time for createProjectGraph()' 6.5576250003650784ms
[NX Daemon Server] - 2025-01-13T20:55:24.291Z - Established a connection. Number of open connections: 3
[NX Daemon Server] - 2025-01-13T20:55:24.292Z - [REQUEST]: Client Request for Project Graph Received
[NX Daemon Server] - 2025-01-13T20:55:24.292Z - [REQUEST]: Responding to the client. project-graph
[NX Daemon Server] - 2025-01-13T20:55:24.293Z - Time taken for 'total for creating and serializing project graph' 0.2869589999318123ms
[NX Daemon Server] - 2025-01-13T20:55:24.293Z - Closed a connection. Number of open connections: 2
[NX Daemon Server] - 2025-01-13T20:55:24.294Z - Done responding to the client project-graph
[NX Daemon Server] - 2025-01-13T20:55:24.294Z - Handled REQUEST_PROJECT_GRAPH. Handling time: 0. Response time: 2.
[NX Daemon Server] - 2025-01-13T20:55:24.297Z - [REQUEST]: Responding to the client. handleContextFileData
[NX Daemon Server] - 2025-01-13T20:55:24.297Z - Done responding to the client handleContextFileData
[NX Daemon Server] - 2025-01-13T20:55:24.297Z - Handled GET_CONTEXT_FILE_DATA. Handling time: 0. Response time: 0.
[NX Daemon Server] - 2025-01-13T20:55:24.297Z - Closed a connection. Number of open connections: 1
[NX Daemon Server] - 2025-01-13T20:55:24.301Z - Closed a connection. Number of open connections: 0
[NX Daemon Server] - 2025-01-13T20:55:24.302Z - Established a connection. Number of open connections: 1
[NX Daemon Server] - 2025-01-13T20:55:24.302Z - Established a connection. Number of open connections: 2
[NX Daemon Server] - 2025-01-13T20:55:24.302Z - Closed a connection. Number of open connections: 1
[NX Daemon Server] - 2025-01-13T20:55:24.302Z - [REQUEST]: Client Request for Project Graph Received
[NX Daemon Server] - 2025-01-13T20:55:24.303Z - [REQUEST]: Responding to the client. project-graph
[NX Daemon Server] - 2025-01-13T20:55:24.303Z - Time taken for 'total for creating and serializing project graph' 0.07437499985098839ms
[NX Daemon Server] - 2025-01-13T20:55:24.303Z - Done responding to the client project-graph
[NX Daemon Server] - 2025-01-13T20:55:24.303Z - Handled REQUEST_PROJECT_GRAPH. Handling time: 1. Response time: 0.
[NX Daemon Server] - 2025-01-13T20:55:24.304Z - [REQUEST]: Client Request for Project Graph Received
[NX Daemon Server] - 2025-01-13T20:55:24.304Z - [REQUEST]: Responding to the client. project-graph
[NX Daemon Server] - 2025-01-13T20:55:24.304Z - Time taken for 'total for creating and serializing project graph' 0.05079199932515621ms
[NX Daemon Server] - 2025-01-13T20:55:24.305Z - Done responding to the client project-graph
[NX Daemon Server] - 2025-01-13T20:55:24.305Z - Handled REQUEST_PROJECT_GRAPH. Handling time: 0. Response time: 1.
[NX Daemon Server] - 2025-01-13T20:55:24.305Z - Established a connection. Number of open connections: 2
[NX Daemon Server] - 2025-01-13T20:55:25.470Z - [WATCHER]: libs/utils/src/components/slugify.test.ts was modified
[NX Daemon Server] - 2025-01-13T20:55:25.470Z - [REQUEST]: Responding to the client. File watch changed
[NX Daemon Server] - 2025-01-13T20:55:25.470Z - Done responding to the client File watch changed
[NX Daemon Server] - 2025-01-13T20:55:25.470Z - Handled FILE-WATCH-CHANGED. Handling time: 0. Response time: 0.
[NX Daemon Server] - 2025-01-13T20:55:25.470Z - [WATCHER]: Processing file changes in outputs
[NX Daemon Server] - 2025-01-13T20:55:25.471Z - Time taken for 'changed-projects' 0.05208300054073334ms
[NX Daemon Server] - 2025-01-13T20:55:25.571Z - [REQUEST]: Updated workspace context based on watched changes, recomputing project graph...
[NX Daemon Server] - 2025-01-13T20:55:25.571Z - [REQUEST]: libs/utils/src/components/slugify.test.ts
[NX Daemon Server] - 2025-01-13T20:55:25.571Z - [REQUEST]: 
[NX Daemon Server] - 2025-01-13T20:55:25.572Z - Time taken for 'hash changed files from watcher' 0.18141699954867363ms
[NX Daemon Server] - 2025-01-13T20:55:25.579Z - Time taken for 'build-project-configs' 5.241624999791384ms
[NX Daemon Server] - 2025-01-13T20:55:25.590Z - [SYNC]: collect registered sync generators
[NX Daemon Server] - 2025-01-13T20:55:25.590Z - [SYNC]: project graph hash is the same, not collecting task sync generators
[NX Daemon Server] - 2025-01-13T20:55:25.590Z - [SYNC]: nx.json hash is the same, not collecting global sync generators
[NX Daemon Server] - 2025-01-13T20:55:25.590Z - Time taken for 'total execution time for createProjectGraph()' 9.420959000475705ms
[NX Daemon Server] - 2025-01-13T20:55:25.955Z - [WATCHER]: libs/utils/coverage/.tmp/coverage-2.json was deleted
[NX Daemon Server] - 2025-01-13T20:55:25.955Z - [REQUEST]: Responding to the client. File watch changed
[NX Daemon Server] - 2025-01-13T20:55:25.955Z - Done responding to the client File watch changed
[NX Daemon Server] - 2025-01-13T20:55:25.955Z - Handled FILE-WATCH-CHANGED. Handling time: 0. Response time: 0.
[NX Daemon Server] - 2025-01-13T20:55:25.955Z - [WATCHER]: Processing file changes in outputs
[NX Daemon Server] - 2025-01-13T20:55:25.955Z - Time taken for 'changed-projects' 0.02779199928045273ms
[NX Daemon Server] - 2025-01-13T20:55:26.155Z - [REQUEST]: Updated workspace context based on watched changes, recomputing project graph...
[NX Daemon Server] - 2025-01-13T20:55:26.155Z - [REQUEST]: 
[NX Daemon Server] - 2025-01-13T20:55:26.155Z - [REQUEST]: libs/utils/coverage/.tmp/coverage-2.json
[NX Daemon Server] - 2025-01-13T20:55:26.156Z - Time taken for 'hash changed files from watcher' 0.08908400032669306ms
[NX Daemon Server] - 2025-01-13T20:55:26.161Z - Time taken for 'build-project-configs' 4.767875000834465ms
[NX Daemon Server] - 2025-01-13T20:55:26.168Z - [SYNC]: collect registered sync generators
[NX Daemon Server] - 2025-01-13T20:55:26.168Z - [SYNC]: project graph hash is the same, not collecting task sync generators
[NX Daemon Server] - 2025-01-13T20:55:26.168Z - [SYNC]: nx.json hash is the same, not collecting global sync generators
[NX Daemon Server] - 2025-01-13T20:55:26.168Z - Time taken for 'total execution time for createProjectGraph()' 4.718708000145853ms
[NX Daemon Server] - 2025-01-13T20:55:26.961Z - Established a connection. Number of open connections: 3
[NX Daemon Server] - 2025-01-13T20:55:26.962Z - [REQUEST]: Client Request for Project Graph Received
[NX Daemon Server] - 2025-01-13T20:55:26.962Z - [REQUEST]: Responding to the client. project-graph
[NX Daemon Server] - 2025-01-13T20:55:26.962Z - Time taken for 'total for creating and serializing project graph' 0.25537499971687794ms
[NX Daemon Server] - 2025-01-13T20:55:26.962Z - Closed a connection. Number of open connections: 2
[NX Daemon Server] - 2025-01-13T20:55:26.963Z - Done responding to the client project-graph
[NX Daemon Server] - 2025-01-13T20:55:26.964Z - Handled REQUEST_PROJECT_GRAPH. Handling time: 0. Response time: 2.
[NX Daemon Server] - 2025-01-13T20:55:26.965Z - [REQUEST]: Responding to the client. handleContextFileData
[NX Daemon Server] - 2025-01-13T20:55:26.965Z - Done responding to the client handleContextFileData
[NX Daemon Server] - 2025-01-13T20:55:26.965Z - Handled GET_CONTEXT_FILE_DATA. Handling time: 0. Response time: 0.
[NX Daemon Server] - 2025-01-13T20:55:26.966Z - Closed a connection. Number of open connections: 1
[NX Daemon Server] - 2025-01-13T20:55:26.968Z - Closed a connection. Number of open connections: 0
[NX Daemon Server] - 2025-01-13T20:55:26.969Z - Established a connection. Number of open connections: 1
[NX Daemon Server] - 2025-01-13T20:55:26.969Z - Established a connection. Number of open connections: 2
[NX Daemon Server] - 2025-01-13T20:55:26.969Z - Closed a connection. Number of open connections: 1
[NX Daemon Server] - 2025-01-13T20:55:26.969Z - [REQUEST]: Client Request for Project Graph Received
[NX Daemon Server] - 2025-01-13T20:55:26.969Z - [REQUEST]: Responding to the client. project-graph
[NX Daemon Server] - 2025-01-13T20:55:26.969Z - Time taken for 'total for creating and serializing project graph' 0.07220800034701824ms
[NX Daemon Server] - 2025-01-13T20:55:26.969Z - Done responding to the client project-graph
[NX Daemon Server] - 2025-01-13T20:55:26.969Z - Handled REQUEST_PROJECT_GRAPH. Handling time: 0. Response time: 0.
[NX Daemon Server] - 2025-01-13T20:55:26.970Z - [REQUEST]: Client Request for Project Graph Received
[NX Daemon Server] - 2025-01-13T20:55:26.970Z - [REQUEST]: Responding to the client. project-graph
[NX Daemon Server] - 2025-01-13T20:55:26.971Z - Time taken for 'total for creating and serializing project graph' 0.046791999600827694ms
[NX Daemon Server] - 2025-01-13T20:55:26.971Z - Done responding to the client project-graph
[NX Daemon Server] - 2025-01-13T20:55:26.971Z - Handled REQUEST_PROJECT_GRAPH. Handling time: 0. Response time: 1.
[NX Daemon Server] - 2025-01-13T20:55:26.972Z - Established a connection. Number of open connections: 2
[NX Daemon Server] - 2025-01-13T20:55:27.864Z - [WATCHER]: libs/utils/src/components/slugify.test.ts was modified
[NX Daemon Server] - 2025-01-13T20:55:27.864Z - [REQUEST]: Responding to the client. File watch changed
[NX Daemon Server] - 2025-01-13T20:55:27.864Z - Done responding to the client File watch changed
[NX Daemon Server] - 2025-01-13T20:55:27.864Z - Handled FILE-WATCH-CHANGED. Handling time: 0. Response time: 0.
[NX Daemon Server] - 2025-01-13T20:55:27.864Z - [WATCHER]: Processing file changes in outputs
[NX Daemon Server] - 2025-01-13T20:55:27.864Z - Time taken for 'changed-projects' 0.03216599952429533ms
[NX Daemon Server] - 2025-01-13T20:55:27.964Z - [REQUEST]: Updated workspace context based on watched changes, recomputing project graph...
[NX Daemon Server] - 2025-01-13T20:55:27.964Z - [REQUEST]: libs/utils/src/components/slugify.test.ts
[NX Daemon Server] - 2025-01-13T20:55:27.964Z - [REQUEST]: 
[NX Daemon Server] - 2025-01-13T20:55:27.965Z - Time taken for 'hash changed files from watcher' 0.12454099953174591ms
[NX Daemon Server] - 2025-01-13T20:55:27.971Z - Time taken for 'build-project-configs' 5.2758749993517995ms
[NX Daemon Server] - 2025-01-13T20:55:27.980Z - [SYNC]: collect registered sync generators
[NX Daemon Server] - 2025-01-13T20:55:27.980Z - [SYNC]: project graph hash is the same, not collecting task sync generators
[NX Daemon Server] - 2025-01-13T20:55:27.980Z - [SYNC]: nx.json hash is the same, not collecting global sync generators
[NX Daemon Server] - 2025-01-13T20:55:27.980Z - Time taken for 'total execution time for createProjectGraph()' 6.946500000543892ms
[NX Daemon Server] - 2025-01-13T20:55:28.294Z - [WATCHER]: Processing file changes in outputs
[NX Daemon Server] - 2025-01-13T20:55:28.294Z - [WATCHER]: 10 file(s) created or restored, 0 file(s) modified, 1 file(s) deleted
[NX Daemon Server] - 2025-01-13T20:55:28.294Z - [REQUEST]: Responding to the client. File watch changed
[NX Daemon Server] - 2025-01-13T20:55:28.294Z - Done responding to the client File watch changed
[NX Daemon Server] - 2025-01-13T20:55:28.294Z - Handled FILE-WATCH-CHANGED. Handling time: 0. Response time: 0.
[NX Daemon Server] - 2025-01-13T20:55:28.294Z - Time taken for 'changed-projects' 0.020666999742388725ms
[NX Daemon Server] - 2025-01-13T20:55:28.396Z - [REQUEST]: Updated workspace context based on watched changes, recomputing project graph...
[NX Daemon Server] - 2025-01-13T20:55:28.396Z - [REQUEST]: libs/utils/coverage/index.html,libs/utils/coverage/block-navigation.js,libs/utils/coverage/slugify.ts.html,libs/utils/coverage/base.css,libs/utils/coverage/favicon.png,libs/utils/coverage/prettify.js,libs/utils/coverage/coverage-final.json,libs/utils/coverage/sorter.js,libs/utils/coverage/prettify.css,libs/utils/coverage/sort-arrow-sprite.png
[NX Daemon Server] - 2025-01-13T20:55:28.396Z - [REQUEST]: libs/utils/coverage/.tmp/coverage-3.json
[NX Daemon Server] - 2025-01-13T20:55:28.397Z - Time taken for 'hash changed files from watcher' 1.7815410001203418ms
[NX Daemon Server] - 2025-01-13T20:55:28.403Z - Time taken for 'build-project-configs' 4.9145420007407665ms
[NX Daemon Server] - 2025-01-13T20:55:28.411Z - [SYNC]: collect registered sync generators
[NX Daemon Server] - 2025-01-13T20:55:28.411Z - [SYNC]: project graph hash is the same, not collecting task sync generators
[NX Daemon Server] - 2025-01-13T20:55:28.411Z - [SYNC]: nx.json hash is the same, not collecting global sync generators
[NX Daemon Server] - 2025-01-13T20:55:28.411Z - [REQUEST]: Responding to the client. File watch changed
[NX Daemon Server] - 2025-01-13T20:55:28.411Z - Done responding to the client File watch changed
[NX Daemon Server] - 2025-01-13T20:55:28.411Z - Handled FILE-WATCH-CHANGED. Handling time: 0. Response time: 0.
[NX Daemon Server] - 2025-01-13T20:55:28.411Z - Time taken for 'total execution time for createProjectGraph()' 6.12258299998939ms
[NX Daemon Server] - 2025-01-13T20:55:29.416Z - Established a connection. Number of open connections: 3
[NX Daemon Server] - 2025-01-13T20:55:29.417Z - [REQUEST]: Client Request for Project Graph Received
[NX Daemon Server] - 2025-01-13T20:55:29.417Z - [REQUEST]: Responding to the client. project-graph
[NX Daemon Server] - 2025-01-13T20:55:29.418Z - Time taken for 'total for creating and serializing project graph' 0.2566670002415776ms
[NX Daemon Server] - 2025-01-13T20:55:29.418Z - Closed a connection. Number of open connections: 2
[NX Daemon Server] - 2025-01-13T20:55:29.419Z - Done responding to the client project-graph
[NX Daemon Server] - 2025-01-13T20:55:29.420Z - Handled REQUEST_PROJECT_GRAPH. Handling time: 0. Response time: 3.
[NX Daemon Server] - 2025-01-13T20:55:29.421Z - [REQUEST]: Responding to the client. handleContextFileData
[NX Daemon Server] - 2025-01-13T20:55:29.421Z - Done responding to the client handleContextFileData
[NX Daemon Server] - 2025-01-13T20:55:29.421Z - Handled GET_CONTEXT_FILE_DATA. Handling time: 0. Response time: 0.
[NX Daemon Server] - 2025-01-13T20:55:29.421Z - Closed a connection. Number of open connections: 1
[NX Daemon Server] - 2025-01-13T20:55:29.424Z - Closed a connection. Number of open connections: 0
[NX Daemon Server] - 2025-01-13T20:55:29.424Z - Established a connection. Number of open connections: 1
[NX Daemon Server] - 2025-01-13T20:55:29.424Z - Established a connection. Number of open connections: 2
[NX Daemon Server] - 2025-01-13T20:55:29.424Z - Closed a connection. Number of open connections: 1
[NX Daemon Server] - 2025-01-13T20:55:29.425Z - [REQUEST]: Client Request for Project Graph Received
[NX Daemon Server] - 2025-01-13T20:55:29.425Z - [REQUEST]: Responding to the client. project-graph
[NX Daemon Server] - 2025-01-13T20:55:29.425Z - Time taken for 'total for creating and serializing project graph' 0.06537500023841858ms
[NX Daemon Server] - 2025-01-13T20:55:29.425Z - Done responding to the client project-graph
[NX Daemon Server] - 2025-01-13T20:55:29.425Z - Handled REQUEST_PROJECT_GRAPH. Handling time: 0. Response time: 0.
[NX Daemon Server] - 2025-01-13T20:55:29.426Z - [REQUEST]: Client Request for Project Graph Received
[NX Daemon Server] - 2025-01-13T20:55:29.426Z - [REQUEST]: Responding to the client. project-graph
[NX Daemon Server] - 2025-01-13T20:55:29.426Z - Time taken for 'total for creating and serializing project graph' 0.048374999314546585ms
[NX Daemon Server] - 2025-01-13T20:55:29.427Z - Done responding to the client project-graph
[NX Daemon Server] - 2025-01-13T20:55:29.427Z - Handled REQUEST_PROJECT_GRAPH. Handling time: 0. Response time: 1.
[NX Daemon Server] - 2025-01-13T20:55:29.429Z - Established a connection. Number of open connections: 2
[NX Daemon Server] - 2025-01-13T20:55:56.386Z - [WATCHER]: libs/utils/src/components/slugify.test.ts was modified
[NX Daemon Server] - 2025-01-13T20:55:56.386Z - [REQUEST]: Responding to the client. File watch changed
[NX Daemon Server] - 2025-01-13T20:55:56.386Z - Done responding to the client File watch changed
[NX Daemon Server] - 2025-01-13T20:55:56.386Z - Handled FILE-WATCH-CHANGED. Handling time: 0. Response time: 0.
[NX Daemon Server] - 2025-01-13T20:55:56.386Z - [WATCHER]: Processing file changes in outputs
[NX Daemon Server] - 2025-01-13T20:55:56.386Z - Time taken for 'changed-projects' 0.061665999703109264ms
[NX Daemon Server] - 2025-01-13T20:55:56.487Z - [REQUEST]: Updated workspace context based on watched changes, recomputing project graph...
[NX Daemon Server] - 2025-01-13T20:55:56.488Z - [REQUEST]: libs/utils/src/components/slugify.test.ts
[NX Daemon Server] - 2025-01-13T20:55:56.488Z - [REQUEST]: 
[NX Daemon Server] - 2025-01-13T20:55:56.490Z - Time taken for 'hash changed files from watcher' 0.2458330001682043ms
[NX Daemon Server] - 2025-01-13T20:55:56.503Z - Time taken for 'build-project-configs' 11.852084000594914ms
[NX Daemon Server] - 2025-01-13T20:55:56.514Z - [SYNC]: collect registered sync generators
[NX Daemon Server] - 2025-01-13T20:55:56.514Z - [SYNC]: project graph hash is the same, not collecting task sync generators
[NX Daemon Server] - 2025-01-13T20:55:56.514Z - [SYNC]: nx.json hash is the same, not collecting global sync generators
[NX Daemon Server] - 2025-01-13T20:55:56.514Z - Time taken for 'total execution time for createProjectGraph()' 9.833249999210238ms
[NX Daemon Server] - 2025-01-13T20:55:56.704Z - [WATCHER]: 0 file(s) created or restored, 0 file(s) modified, 10 file(s) deleted
[NX Daemon Server] - 2025-01-13T20:55:56.704Z - [REQUEST]: Responding to the client. File watch changed
[NX Daemon Server] - 2025-01-13T20:55:56.704Z - Done responding to the client File watch changed
[NX Daemon Server] - 2025-01-13T20:55:56.704Z - Handled FILE-WATCH-CHANGED. Handling time: 0. Response time: 0.
[NX Daemon Server] - 2025-01-13T20:55:56.704Z - [WATCHER]: Processing file changes in outputs
[NX Daemon Server] - 2025-01-13T20:55:56.704Z - Time taken for 'changed-projects' 0.027874999679625034ms
[NX Daemon Server] - 2025-01-13T20:55:56.904Z - [REQUEST]: Updated workspace context based on watched changes, recomputing project graph...
[NX Daemon Server] - 2025-01-13T20:55:56.904Z - [REQUEST]: 
[NX Daemon Server] - 2025-01-13T20:55:56.904Z - [REQUEST]: libs/utils/coverage/sort-arrow-sprite.png,libs/utils/coverage/base.css,libs/utils/coverage/block-navigation.js,libs/utils/coverage/coverage-final.json,libs/utils/coverage/sorter.js,libs/utils/coverage/prettify.css,libs/utils/coverage/index.html,libs/utils/coverage/slugify.ts.html,libs/utils/coverage/prettify.js,libs/utils/coverage/favicon.png
[NX Daemon Server] - 2025-01-13T20:55:56.904Z - Time taken for 'hash changed files from watcher' 0.07604099996387959ms
[NX Daemon Server] - 2025-01-13T20:55:56.909Z - Time taken for 'build-project-configs' 3.9963330002501607ms
[NX Daemon Server] - 2025-01-13T20:55:56.916Z - [SYNC]: collect registered sync generators
[NX Daemon Server] - 2025-01-13T20:55:56.916Z - [SYNC]: project graph hash is the same, not collecting task sync generators
[NX Daemon Server] - 2025-01-13T20:55:56.916Z - [SYNC]: nx.json hash is the same, not collecting global sync generators
[NX Daemon Server] - 2025-01-13T20:55:56.916Z - Time taken for 'total execution time for createProjectGraph()' 5.754250000230968ms
[NX Daemon Server] - 2025-01-13T20:55:57.142Z - [WATCHER]: Processing file changes in outputs
[NX Daemon Server] - 2025-01-13T20:55:57.142Z - [WATCHER]: libs/utils/coverage/.tmp/coverage-4.json was deleted
[NX Daemon Server] - 2025-01-13T20:55:57.143Z - [REQUEST]: Responding to the client. File watch changed
[NX Daemon Server] - 2025-01-13T20:55:57.143Z - Done responding to the client File watch changed
[NX Daemon Server] - 2025-01-13T20:55:57.143Z - Handled FILE-WATCH-CHANGED. Handling time: 1. Response time: 0.
[NX Daemon Server] - 2025-01-13T20:55:57.143Z - Time taken for 'changed-projects' 0.03616600017994642ms
[NX Daemon Server] - 2025-01-13T20:55:57.527Z - [WATCHER]: libs/utils/src/components/slugify.test.ts was modified
[NX Daemon Server] - 2025-01-13T20:55:57.527Z - [REQUEST]: Responding to the client. File watch changed
[NX Daemon Server] - 2025-01-13T20:55:57.527Z - Done responding to the client File watch changed
[NX Daemon Server] - 2025-01-13T20:55:57.527Z - Handled FILE-WATCH-CHANGED. Handling time: 0. Response time: 0.
[NX Daemon Server] - 2025-01-13T20:55:57.527Z - [WATCHER]: Processing file changes in outputs
[NX Daemon Server] - 2025-01-13T20:55:57.527Z - Time taken for 'changed-projects' 0.031291999854147434ms
[NX Daemon Server] - 2025-01-13T20:55:57.543Z - [REQUEST]: Updated workspace context based on watched changes, recomputing project graph...
[NX Daemon Server] - 2025-01-13T20:55:57.544Z - [REQUEST]: libs/utils/src/components/slugify.test.ts
[NX Daemon Server] - 2025-01-13T20:55:57.544Z - [REQUEST]: libs/utils/coverage/.tmp/coverage-4.json
[NX Daemon Server] - 2025-01-13T20:55:57.545Z - Time taken for 'hash changed files from watcher' 0.1272919997572899ms
[NX Daemon Server] - 2025-01-13T20:55:57.550Z - Time taken for 'build-project-configs' 4.298208000138402ms
[NX Daemon Server] - 2025-01-13T20:55:57.558Z - [SYNC]: collect registered sync generators
[NX Daemon Server] - 2025-01-13T20:55:57.558Z - [SYNC]: project graph hash is the same, not collecting task sync generators
[NX Daemon Server] - 2025-01-13T20:55:57.558Z - [SYNC]: nx.json hash is the same, not collecting global sync generators
[NX Daemon Server] - 2025-01-13T20:55:57.558Z - Time taken for 'total execution time for createProjectGraph()' 6.583959000185132ms
[NX Daemon Server] - 2025-01-13T20:55:58.069Z - [WATCHER]: 10 file(s) created or restored, 0 file(s) modified, 1 file(s) deleted
[NX Daemon Server] - 2025-01-13T20:55:58.069Z - [REQUEST]: Responding to the client. File watch changed
[NX Daemon Server] - 2025-01-13T20:55:58.069Z - Done responding to the client File watch changed
[NX Daemon Server] - 2025-01-13T20:55:58.069Z - Handled FILE-WATCH-CHANGED. Handling time: 0. Response time: 0.
[NX Daemon Server] - 2025-01-13T20:55:58.069Z - [WATCHER]: Processing file changes in outputs
[NX Daemon Server] - 2025-01-13T20:55:58.069Z - Time taken for 'changed-projects' 0.02383400034159422ms
[NX Daemon Server] - 2025-01-13T20:55:58.170Z - [REQUEST]: Updated workspace context based on watched changes, recomputing project graph...
[NX Daemon Server] - 2025-01-13T20:55:58.170Z - [REQUEST]: libs/utils/coverage/prettify.js,libs/utils/coverage/base.css,libs/utils/coverage/prettify.css,libs/utils/coverage/index.html,libs/utils/coverage/sort-arrow-sprite.png,libs/utils/coverage/sorter.js,libs/utils/coverage/favicon.png,libs/utils/coverage/block-navigation.js,libs/utils/coverage/coverage-final.json,libs/utils/coverage/slugify.ts.html
[NX Daemon Server] - 2025-01-13T20:55:58.170Z - [REQUEST]: libs/utils/coverage/.tmp/coverage-5.json
[NX Daemon Server] - 2025-01-13T20:55:58.171Z - Time taken for 'hash changed files from watcher' 0.35149999987334013ms
[NX Daemon Server] - 2025-01-13T20:55:58.176Z - Time taken for 'build-project-configs' 4.153541999869049ms
[NX Daemon Server] - 2025-01-13T20:55:58.185Z - [SYNC]: collect registered sync generators
[NX Daemon Server] - 2025-01-13T20:55:58.185Z - [SYNC]: project graph hash is the same, not collecting task sync generators
[NX Daemon Server] - 2025-01-13T20:55:58.185Z - [SYNC]: nx.json hash is the same, not collecting global sync generators
[NX Daemon Server] - 2025-01-13T20:55:58.185Z - [REQUEST]: Responding to the client. File watch changed
[NX Daemon Server] - 2025-01-13T20:55:58.185Z - Done responding to the client File watch changed
[NX Daemon Server] - 2025-01-13T20:55:58.185Z - Handled FILE-WATCH-CHANGED. Handling time: 0. Response time: 0.
[NX Daemon Server] - 2025-01-13T20:55:58.185Z - Time taken for 'total execution time for createProjectGraph()' 7.316166999749839ms
[NX Daemon Server] - 2025-01-13T20:55:59.190Z - Established a connection. Number of open connections: 3
[NX Daemon Server] - 2025-01-13T20:55:59.191Z - [REQUEST]: Client Request for Project Graph Received
[NX Daemon Server] - 2025-01-13T20:55:59.191Z - [REQUEST]: Responding to the client. project-graph
[NX Daemon Server] - 2025-01-13T20:55:59.191Z - Time taken for 'total for creating and serializing project graph' 0.09874999988824129ms
[NX Daemon Server] - 2025-01-13T20:55:59.191Z - Closed a connection. Number of open connections: 2
[NX Daemon Server] - 2025-01-13T20:55:59.192Z - Done responding to the client project-graph
[NX Daemon Server] - 2025-01-13T20:55:59.192Z - Handled REQUEST_PROJECT_GRAPH. Handling time: 0. Response time: 1.
[NX Daemon Server] - 2025-01-13T20:55:59.194Z - [REQUEST]: Responding to the client. handleContextFileData
[NX Daemon Server] - 2025-01-13T20:55:59.194Z - Done responding to the client handleContextFileData
[NX Daemon Server] - 2025-01-13T20:55:59.194Z - Handled GET_CONTEXT_FILE_DATA. Handling time: 0. Response time: 0.
[NX Daemon Server] - 2025-01-13T20:55:59.194Z - Closed a connection. Number of open connections: 1
[NX Daemon Server] - 2025-01-13T20:55:59.199Z - Closed a connection. Number of open connections: 0
[NX Daemon Server] - 2025-01-13T20:55:59.200Z - Established a connection. Number of open connections: 1
[NX Daemon Server] - 2025-01-13T20:55:59.200Z - Established a connection. Number of open connections: 2
[NX Daemon Server] - 2025-01-13T20:55:59.200Z - Closed a connection. Number of open connections: 1
[NX Daemon Server] - 2025-01-13T20:55:59.200Z - [REQUEST]: Client Request for Project Graph Received
[NX Daemon Server] - 2025-01-13T20:55:59.200Z - [REQUEST]: Responding to the client. project-graph
[NX Daemon Server] - 2025-01-13T20:55:59.201Z - Time taken for 'total for creating and serializing project graph' 0.057874999940395355ms
[NX Daemon Server] - 2025-01-13T20:55:59.201Z - Done responding to the client project-graph
[NX Daemon Server] - 2025-01-13T20:55:59.201Z - Handled REQUEST_PROJECT_GRAPH. Handling time: 0. Response time: 1.
[NX Daemon Server] - 2025-01-13T20:55:59.202Z - [REQUEST]: Client Request for Project Graph Received
[NX Daemon Server] - 2025-01-13T20:55:59.202Z - [REQUEST]: Responding to the client. project-graph
[NX Daemon Server] - 2025-01-13T20:55:59.202Z - Time taken for 'total for creating and serializing project graph' 0.04487500060349703ms
[NX Daemon Server] - 2025-01-13T20:55:59.202Z - Done responding to the client project-graph
[NX Daemon Server] - 2025-01-13T20:55:59.202Z - Handled REQUEST_PROJECT_GRAPH. Handling time: 0. Response time: 0.
[NX Daemon Server] - 2025-01-13T20:55:59.203Z - Established a connection. Number of open connections: 2
[NX Daemon Server] - 2025-01-13T20:56:00.313Z - [WATCHER]: libs/utils/src/components/slugify.test.ts was modified
[NX Daemon Server] - 2025-01-13T20:56:00.314Z - [REQUEST]: Responding to the client. File watch changed
[NX Daemon Server] - 2025-01-13T20:56:00.314Z - Done responding to the client File watch changed
[NX Daemon Server] - 2025-01-13T20:56:00.314Z - Handled FILE-WATCH-CHANGED. Handling time: 0. Response time: 0.
[NX Daemon Server] - 2025-01-13T20:56:00.314Z - [WATCHER]: Processing file changes in outputs
[NX Daemon Server] - 2025-01-13T20:56:00.314Z - Time taken for 'changed-projects' 0.07099999953061342ms
[NX Daemon Server] - 2025-01-13T20:56:00.415Z - [REQUEST]: Updated workspace context based on watched changes, recomputing project graph...
[NX Daemon Server] - 2025-01-13T20:56:00.415Z - [REQUEST]: libs/utils/src/components/slugify.test.ts
[NX Daemon Server] - 2025-01-13T20:56:00.415Z - [REQUEST]: 
[NX Daemon Server] - 2025-01-13T20:56:00.417Z - Time taken for 'hash changed files from watcher' 0.20779200084507465ms
[NX Daemon Server] - 2025-01-13T20:56:00.425Z - Time taken for 'build-project-configs' 6.307291999459267ms
[NX Daemon Server] - 2025-01-13T20:56:00.440Z - [SYNC]: collect registered sync generators
[NX Daemon Server] - 2025-01-13T20:56:00.440Z - [SYNC]: project graph hash is the same, not collecting task sync generators
[NX Daemon Server] - 2025-01-13T20:56:00.440Z - [SYNC]: nx.json hash is the same, not collecting global sync generators
[NX Daemon Server] - 2025-01-13T20:56:00.440Z - Time taken for 'total execution time for createProjectGraph()' 14.494458000175655ms
[NX Daemon Server] - 2025-01-13T20:56:00.482Z - [WATCHER]: Processing file changes in outputs
[NX Daemon Server] - 2025-01-13T20:56:00.482Z - [WATCHER]: 0 file(s) created or restored, 0 file(s) modified, 10 file(s) deleted
[NX Daemon Server] - 2025-01-13T20:56:00.483Z - [REQUEST]: Responding to the client. File watch changed
[NX Daemon Server] - 2025-01-13T20:56:00.483Z - Done responding to the client File watch changed
[NX Daemon Server] - 2025-01-13T20:56:00.483Z - Handled FILE-WATCH-CHANGED. Handling time: 0. Response time: 0.
[NX Daemon Server] - 2025-01-13T20:56:00.483Z - Time taken for 'changed-projects' 0.03970799967646599ms
[NX Daemon Server] - 2025-01-13T20:56:00.683Z - [REQUEST]: Updated workspace context based on watched changes, recomputing project graph...
[NX Daemon Server] - 2025-01-13T20:56:00.683Z - [REQUEST]: 
[NX Daemon Server] - 2025-01-13T20:56:00.683Z - [REQUEST]: libs/utils/coverage/sorter.js,libs/utils/coverage/prettify.js,libs/utils/coverage/block-navigation.js,libs/utils/coverage/slugify.ts.html,libs/utils/coverage/prettify.css,libs/utils/coverage/base.css,libs/utils/coverage/favicon.png,libs/utils/coverage/index.html,libs/utils/coverage/sort-arrow-sprite.png,libs/utils/coverage/coverage-final.json
[NX Daemon Server] - 2025-01-13T20:56:00.684Z - Time taken for 'hash changed files from watcher' 0.07641700003296137ms
[NX Daemon Server] - 2025-01-13T20:56:00.688Z - Time taken for 'build-project-configs' 4.132125000469387ms
[NX Daemon Server] - 2025-01-13T20:56:00.696Z - [SYNC]: collect registered sync generators
[NX Daemon Server] - 2025-01-13T20:56:00.696Z - [SYNC]: project graph hash is the same, not collecting task sync generators
[NX Daemon Server] - 2025-01-13T20:56:00.696Z - [SYNC]: nx.json hash is the same, not collecting global sync generators
[NX Daemon Server] - 2025-01-13T20:56:00.696Z - Time taken for 'total execution time for createProjectGraph()' 5.10620899964124ms
[NX Daemon Server] - 2025-01-13T20:56:00.804Z - [WATCHER]: Processing file changes in outputs
[NX Daemon Server] - 2025-01-13T20:56:00.804Z - [WATCHER]: libs/utils/coverage/.tmp/coverage-6.json was deleted
[NX Daemon Server] - 2025-01-13T20:56:00.804Z - [REQUEST]: Responding to the client. File watch changed
[NX Daemon Server] - 2025-01-13T20:56:00.804Z - Done responding to the client File watch changed
[NX Daemon Server] - 2025-01-13T20:56:00.804Z - Handled FILE-WATCH-CHANGED. Handling time: 0. Response time: 0.
[NX Daemon Server] - 2025-01-13T20:56:00.804Z - Time taken for 'changed-projects' 0.029833000153303146ms
[NX Daemon Server] - 2025-01-13T20:56:01.204Z - [REQUEST]: Updated workspace context based on watched changes, recomputing project graph...
[NX Daemon Server] - 2025-01-13T20:56:01.204Z - [REQUEST]: 
[NX Daemon Server] - 2025-01-13T20:56:01.204Z - [REQUEST]: libs/utils/coverage/.tmp/coverage-6.json
[NX Daemon Server] - 2025-01-13T20:56:01.205Z - Time taken for 'hash changed files from watcher' 0.09404200036078691ms
[NX Daemon Server] - 2025-01-13T20:56:01.211Z - Time taken for 'build-project-configs' 5.457750000059605ms
[NX Daemon Server] - 2025-01-13T20:56:01.218Z - [SYNC]: collect registered sync generators
[NX Daemon Server] - 2025-01-13T20:56:01.218Z - [SYNC]: project graph hash is the same, not collecting task sync generators
[NX Daemon Server] - 2025-01-13T20:56:01.218Z - [SYNC]: nx.json hash is the same, not collecting global sync generators
[NX Daemon Server] - 2025-01-13T20:56:01.218Z - Time taken for 'total execution time for createProjectGraph()' 5.364500000141561ms
[NX Daemon Server] - 2025-01-13T20:56:01.806Z - Established a connection. Number of open connections: 3
[NX Daemon Server] - 2025-01-13T20:56:01.807Z - [REQUEST]: Client Request for Project Graph Received
[NX Daemon Server] - 2025-01-13T20:56:01.807Z - [REQUEST]: Responding to the client. project-graph
[NX Daemon Server] - 2025-01-13T20:56:01.807Z - Time taken for 'total for creating and serializing project graph' 0.11529199965298176ms
[NX Daemon Server] - 2025-01-13T20:56:01.807Z - Closed a connection. Number of open connections: 2
[NX Daemon Server] - 2025-01-13T20:56:01.808Z - Done responding to the client project-graph
[NX Daemon Server] - 2025-01-13T20:56:01.808Z - Handled REQUEST_PROJECT_GRAPH. Handling time: 0. Response time: 1.
[NX Daemon Server] - 2025-01-13T20:56:01.809Z - [REQUEST]: Responding to the client. handleContextFileData
[NX Daemon Server] - 2025-01-13T20:56:01.809Z - Done responding to the client handleContextFileData
[NX Daemon Server] - 2025-01-13T20:56:01.809Z - Handled GET_CONTEXT_FILE_DATA. Handling time: 0. Response time: 0.
[NX Daemon Server] - 2025-01-13T20:56:01.809Z - Closed a connection. Number of open connections: 1
[NX Daemon Server] - 2025-01-13T20:56:01.812Z - Closed a connection. Number of open connections: 0
[NX Daemon Server] - 2025-01-13T20:56:01.812Z - Established a connection. Number of open connections: 1
[NX Daemon Server] - 2025-01-13T20:56:01.812Z - Established a connection. Number of open connections: 2
[NX Daemon Server] - 2025-01-13T20:56:01.812Z - Closed a connection. Number of open connections: 1
[NX Daemon Server] - 2025-01-13T20:56:01.812Z - [REQUEST]: Client Request for Project Graph Received
[NX Daemon Server] - 2025-01-13T20:56:01.812Z - [REQUEST]: Responding to the client. project-graph
[NX Daemon Server] - 2025-01-13T20:56:01.813Z - Time taken for 'total for creating and serializing project graph' 0.05770799983292818ms
[NX Daemon Server] - 2025-01-13T20:56:01.813Z - Done responding to the client project-graph
[NX Daemon Server] - 2025-01-13T20:56:01.813Z - Handled REQUEST_PROJECT_GRAPH. Handling time: 0. Response time: 1.
[NX Daemon Server] - 2025-01-13T20:56:01.814Z - [REQUEST]: Client Request for Project Graph Received
[NX Daemon Server] - 2025-01-13T20:56:01.814Z - [REQUEST]: Responding to the client. project-graph
[NX Daemon Server] - 2025-01-13T20:56:01.814Z - Time taken for 'total for creating and serializing project graph' 0.06162500008940697ms
[NX Daemon Server] - 2025-01-13T20:56:01.815Z - Done responding to the client project-graph
[NX Daemon Server] - 2025-01-13T20:56:01.815Z - Handled REQUEST_PROJECT_GRAPH. Handling time: 0. Response time: 1.
[NX Daemon Server] - 2025-01-13T20:56:01.816Z - Established a connection. Number of open connections: 2
[NX Daemon Server] - 2025-01-13T20:56:08.829Z - [WATCHER]: libs/utils/src/components/slugify.ts was modified
[NX Daemon Server] - 2025-01-13T20:56:08.829Z - [REQUEST]: Responding to the client. File watch changed
[NX Daemon Server] - 2025-01-13T20:56:08.829Z - Done responding to the client File watch changed
[NX Daemon Server] - 2025-01-13T20:56:08.829Z - Handled FILE-WATCH-CHANGED. Handling time: 0. Response time: 0.
[NX Daemon Server] - 2025-01-13T20:56:08.829Z - [WATCHER]: Processing file changes in outputs
[NX Daemon Server] - 2025-01-13T20:56:08.829Z - Time taken for 'changed-projects' 0.04454199969768524ms
[NX Daemon Server] - 2025-01-13T20:56:08.930Z - [REQUEST]: Updated workspace context based on watched changes, recomputing project graph...
[NX Daemon Server] - 2025-01-13T20:56:08.931Z - [REQUEST]: libs/utils/src/components/slugify.ts
[NX Daemon Server] - 2025-01-13T20:56:08.931Z - [REQUEST]: 
[NX Daemon Server] - 2025-01-13T20:56:08.932Z - Time taken for 'hash changed files from watcher' 0.14470900036394596ms
[NX Daemon Server] - 2025-01-13T20:56:08.938Z - Time taken for 'build-project-configs' 5.795665999874473ms
[NX Daemon Server] - 2025-01-13T20:56:08.948Z - [SYNC]: collect registered sync generators
[NX Daemon Server] - 2025-01-13T20:56:08.948Z - [SYNC]: project graph hash is the same, not collecting task sync generators
[NX Daemon Server] - 2025-01-13T20:56:08.948Z - [SYNC]: nx.json hash is the same, not collecting global sync generators
[NX Daemon Server] - 2025-01-13T20:56:08.948Z - Time taken for 'total execution time for createProjectGraph()' 7.923082999885082ms
[NX Daemon Server] - 2025-01-13T20:56:09.392Z - [WATCHER]: libs/utils/coverage/.tmp/coverage-7.json was deleted
[NX Daemon Server] - 2025-01-13T20:56:09.392Z - [REQUEST]: Responding to the client. File watch changed
[NX Daemon Server] - 2025-01-13T20:56:09.393Z - Done responding to the client File watch changed
[NX Daemon Server] - 2025-01-13T20:56:09.393Z - Handled FILE-WATCH-CHANGED. Handling time: 0. Response time: 1.
[NX Daemon Server] - 2025-01-13T20:56:09.393Z - [WATCHER]: Processing file changes in outputs
[NX Daemon Server] - 2025-01-13T20:56:09.393Z - Time taken for 'changed-projects' 0.03212499991059303ms
[NX Daemon Server] - 2025-01-13T20:56:09.593Z - [REQUEST]: Updated workspace context based on watched changes, recomputing project graph...
[NX Daemon Server] - 2025-01-13T20:56:09.593Z - [REQUEST]: 
[NX Daemon Server] - 2025-01-13T20:56:09.593Z - [REQUEST]: libs/utils/coverage/.tmp/coverage-7.json
[NX Daemon Server] - 2025-01-13T20:56:09.596Z - Time taken for 'hash changed files from watcher' 0.25195799954235554ms
[NX Daemon Server] - 2025-01-13T20:56:09.603Z - Time taken for 'build-project-configs' 8.030042000114918ms
[NX Daemon Server] - 2025-01-13T20:56:09.610Z - [SYNC]: collect registered sync generators
[NX Daemon Server] - 2025-01-13T20:56:09.610Z - [SYNC]: project graph hash is the same, not collecting task sync generators
[NX Daemon Server] - 2025-01-13T20:56:09.610Z - [SYNC]: nx.json hash is the same, not collecting global sync generators
[NX Daemon Server] - 2025-01-13T20:56:09.610Z - Time taken for 'total execution time for createProjectGraph()' 5.189417000859976ms
[NX Daemon Server] - 2025-01-13T20:56:10.397Z - Established a connection. Number of open connections: 3
[NX Daemon Server] - 2025-01-13T20:56:10.398Z - [REQUEST]: Client Request for Project Graph Received
[NX Daemon Server] - 2025-01-13T20:56:10.398Z - [REQUEST]: Responding to the client. project-graph
[NX Daemon Server] - 2025-01-13T20:56:10.399Z - Time taken for 'total for creating and serializing project graph' 0.30595799908041954ms
[NX Daemon Server] - 2025-01-13T20:56:10.399Z - Closed a connection. Number of open connections: 2
[NX Daemon Server] - 2025-01-13T20:56:10.400Z - Done responding to the client project-graph
[NX Daemon Server] - 2025-01-13T20:56:10.400Z - Handled REQUEST_PROJECT_GRAPH. Handling time: 0. Response time: 2.
[NX Daemon Server] - 2025-01-13T20:56:10.405Z - [REQUEST]: Responding to the client. handleContextFileData
[NX Daemon Server] - 2025-01-13T20:56:10.407Z - Done responding to the client handleContextFileData
[NX Daemon Server] - 2025-01-13T20:56:10.407Z - Handled GET_CONTEXT_FILE_DATA. Handling time: 0. Response time: 2.
[NX Daemon Server] - 2025-01-13T20:56:10.407Z - Closed a connection. Number of open connections: 1
[NX Daemon Server] - 2025-01-13T20:56:10.411Z - Closed a connection. Number of open connections: 0
[NX Daemon Server] - 2025-01-13T20:56:10.413Z - Established a connection. Number of open connections: 1
[NX Daemon Server] - 2025-01-13T20:56:10.413Z - Established a connection. Number of open connections: 2
[NX Daemon Server] - 2025-01-13T20:56:10.413Z - Closed a connection. Number of open connections: 1
[NX Daemon Server] - 2025-01-13T20:56:10.413Z - [REQUEST]: Client Request for Project Graph Received
[NX Daemon Server] - 2025-01-13T20:56:10.413Z - [REQUEST]: Responding to the client. project-graph
[NX Daemon Server] - 2025-01-13T20:56:10.414Z - Time taken for 'total for creating and serializing project graph' 0.12645800039172173ms
[NX Daemon Server] - 2025-01-13T20:56:10.414Z - Done responding to the client project-graph
[NX Daemon Server] - 2025-01-13T20:56:10.414Z - Handled REQUEST_PROJECT_GRAPH. Handling time: 0. Response time: 1.
[NX Daemon Server] - 2025-01-13T20:56:10.416Z - [REQUEST]: Client Request for Project Graph Received
[NX Daemon Server] - 2025-01-13T20:56:10.416Z - [REQUEST]: Responding to the client. project-graph
[NX Daemon Server] - 2025-01-13T20:56:10.416Z - Time taken for 'total for creating and serializing project graph' 0.0874580005183816ms
[NX Daemon Server] - 2025-01-13T20:56:10.417Z - Done responding to the client project-graph
[NX Daemon Server] - 2025-01-13T20:56:10.417Z - Handled REQUEST_PROJECT_GRAPH. Handling time: 0. Response time: 1.
[NX Daemon Server] - 2025-01-13T20:56:10.419Z - Established a connection. Number of open connections: 2
[NX Daemon Server] - 2025-01-13T20:56:19.854Z - [WATCHER]: libs/utils/src/components/slugify.ts was modified
[NX Daemon Server] - 2025-01-13T20:56:19.855Z - [REQUEST]: Responding to the client. File watch changed
[NX Daemon Server] - 2025-01-13T20:56:19.855Z - Done responding to the client File watch changed
[NX Daemon Server] - 2025-01-13T20:56:19.855Z - Handled FILE-WATCH-CHANGED. Handling time: 0. Response time: 0.
[NX Daemon Server] - 2025-01-13T20:56:19.855Z - [WATCHER]: Processing file changes in outputs
[NX Daemon Server] - 2025-01-13T20:56:19.855Z - Time taken for 'changed-projects' 0.07504099979996681ms
[NX Daemon Server] - 2025-01-13T20:56:19.956Z - [REQUEST]: Updated workspace context based on watched changes, recomputing project graph...
[NX Daemon Server] - 2025-01-13T20:56:19.956Z - [REQUEST]: libs/utils/src/components/slugify.ts
[NX Daemon Server] - 2025-01-13T20:56:19.956Z - [REQUEST]: 
[NX Daemon Server] - 2025-01-13T20:56:19.961Z - Time taken for 'hash changed files from watcher' 0.4178750002756715ms
[NX Daemon Server] - 2025-01-13T20:56:19.976Z - Time taken for 'build-project-configs' 15.646333999931812ms
[NX Daemon Server] - 2025-01-13T20:56:19.987Z - [SYNC]: collect registered sync generators
[NX Daemon Server] - 2025-01-13T20:56:19.987Z - [SYNC]: project graph hash is the same, not collecting task sync generators
[NX Daemon Server] - 2025-01-13T20:56:19.987Z - [SYNC]: nx.json hash is the same, not collecting global sync generators
[NX Daemon Server] - 2025-01-13T20:56:19.987Z - Time taken for 'total execution time for createProjectGraph()' 8.20162499975413ms
[NX Daemon Server] - 2025-01-13T20:56:20.455Z - [WATCHER]: 10 file(s) created or restored, 0 file(s) modified, 1 file(s) deleted
[NX Daemon Server] - 2025-01-13T20:56:20.455Z - [REQUEST]: Responding to the client. File watch changed
[NX Daemon Server] - 2025-01-13T20:56:20.455Z - Done responding to the client File watch changed
[NX Daemon Server] - 2025-01-13T20:56:20.455Z - Handled FILE-WATCH-CHANGED. Handling time: 0. Response time: 0.
[NX Daemon Server] - 2025-01-13T20:56:20.455Z - [WATCHER]: Processing file changes in outputs
[NX Daemon Server] - 2025-01-13T20:56:20.455Z - Time taken for 'changed-projects' 0.04566699918359518ms
[NX Daemon Server] - 2025-01-13T20:56:20.556Z - [REQUEST]: Updated workspace context based on watched changes, recomputing project graph...
[NX Daemon Server] - 2025-01-13T20:56:20.556Z - [REQUEST]: libs/utils/coverage/base.css,libs/utils/coverage/block-navigation.js,libs/utils/coverage/coverage-final.json,libs/utils/coverage/favicon.png,libs/utils/coverage/sorter.js,libs/utils/coverage/slugify.ts.html,libs/utils/coverage/sort-arrow-sprite.png,libs/utils/coverage/prettify.js,libs/utils/coverage/index.html,libs/utils/coverage/prettify.css
[NX Daemon Server] - 2025-01-13T20:56:20.556Z - [REQUEST]: libs/utils/coverage/.tmp/coverage-8.json
[NX Daemon Server] - 2025-01-13T20:56:20.557Z - Time taken for 'hash changed files from watcher' 0.49816699977964163ms
[NX Daemon Server] - 2025-01-13T20:56:20.562Z - Time taken for 'build-project-configs' 4.662125000730157ms
[NX Daemon Server] - 2025-01-13T20:56:20.570Z - [SYNC]: collect registered sync generators
[NX Daemon Server] - 2025-01-13T20:56:20.570Z - [SYNC]: project graph hash is the same, not collecting task sync generators
[NX Daemon Server] - 2025-01-13T20:56:20.570Z - [SYNC]: nx.json hash is the same, not collecting global sync generators
[NX Daemon Server] - 2025-01-13T20:56:20.570Z - [REQUEST]: Responding to the client. File watch changed
[NX Daemon Server] - 2025-01-13T20:56:20.571Z - Done responding to the client File watch changed
[NX Daemon Server] - 2025-01-13T20:56:20.571Z - Handled FILE-WATCH-CHANGED. Handling time: 0. Response time: 1.
[NX Daemon Server] - 2025-01-13T20:56:20.571Z - Time taken for 'total execution time for createProjectGraph()' 5.9437079997733235ms
[NX Daemon Server] - 2025-01-13T20:56:21.574Z - Established a connection. Number of open connections: 3
[NX Daemon Server] - 2025-01-13T20:56:21.575Z - [REQUEST]: Client Request for Project Graph Received
[NX Daemon Server] - 2025-01-13T20:56:21.575Z - [REQUEST]: Responding to the client. project-graph
[NX Daemon Server] - 2025-01-13T20:56:21.575Z - Time taken for 'total for creating and serializing project graph' 0.17512500006705523ms
[NX Daemon Server] - 2025-01-13T20:56:21.575Z - Closed a connection. Number of open connections: 2
[NX Daemon Server] - 2025-01-13T20:56:21.576Z - Done responding to the client project-graph
[NX Daemon Server] - 2025-01-13T20:56:21.577Z - Handled REQUEST_PROJECT_GRAPH. Handling time: 0. Response time: 2.
[NX Daemon Server] - 2025-01-13T20:56:21.578Z - [REQUEST]: Responding to the client. handleContextFileData
[NX Daemon Server] - 2025-01-13T20:56:21.578Z - Done responding to the client handleContextFileData
[NX Daemon Server] - 2025-01-13T20:56:21.578Z - Handled GET_CONTEXT_FILE_DATA. Handling time: 0. Response time: 0.
[NX Daemon Server] - 2025-01-13T20:56:21.579Z - Closed a connection. Number of open connections: 1
[NX Daemon Server] - 2025-01-13T20:56:21.585Z - Closed a connection. Number of open connections: 0
[NX Daemon Server] - 2025-01-13T20:56:21.586Z - Established a connection. Number of open connections: 1
[NX Daemon Server] - 2025-01-13T20:56:21.586Z - Established a connection. Number of open connections: 2
[NX Daemon Server] - 2025-01-13T20:56:21.586Z - Closed a connection. Number of open connections: 1
[NX Daemon Server] - 2025-01-13T20:56:21.587Z - [REQUEST]: Client Request for Project Graph Received
[NX Daemon Server] - 2025-01-13T20:56:21.587Z - [REQUEST]: Responding to the client. project-graph
[NX Daemon Server] - 2025-01-13T20:56:21.587Z - Time taken for 'total for creating and serializing project graph' 0.12554099969565868ms
[NX Daemon Server] - 2025-01-13T20:56:21.588Z - Done responding to the client project-graph
[NX Daemon Server] - 2025-01-13T20:56:21.588Z - Handled REQUEST_PROJECT_GRAPH. Handling time: 0. Response time: 1.
[NX Daemon Server] - 2025-01-13T20:56:21.590Z - [REQUEST]: Client Request for Project Graph Received
[NX Daemon Server] - 2025-01-13T20:56:21.590Z - [REQUEST]: Responding to the client. project-graph
[NX Daemon Server] - 2025-01-13T20:56:21.590Z - Time taken for 'total for creating and serializing project graph' 0.10008300002664328ms
[NX Daemon Server] - 2025-01-13T20:56:21.591Z - Done responding to the client project-graph
[NX Daemon Server] - 2025-01-13T20:56:21.591Z - Handled REQUEST_PROJECT_GRAPH. Handling time: 0. Response time: 1.
[NX Daemon Server] - 2025-01-13T20:56:21.592Z - Established a connection. Number of open connections: 2
[NX Daemon Server] - 2025-01-13T20:56:27.168Z - [WATCHER]: libs/utils/src/components/slugify.ts was modified
[NX Daemon Server] - 2025-01-13T20:56:27.168Z - [REQUEST]: Responding to the client. File watch changed
[NX Daemon Server] - 2025-01-13T20:56:27.168Z - Done responding to the client File watch changed
[NX Daemon Server] - 2025-01-13T20:56:27.168Z - Handled FILE-WATCH-CHANGED. Handling time: 0. Response time: 0.
[NX Daemon Server] - 2025-01-13T20:56:27.168Z - [WATCHER]: Processing file changes in outputs
[NX Daemon Server] - 2025-01-13T20:56:27.168Z - Time taken for 'changed-projects' 0.05833300016820431ms
[NX Daemon Server] - 2025-01-13T20:56:27.268Z - [REQUEST]: Updated workspace context based on watched changes, recomputing project graph...
[NX Daemon Server] - 2025-01-13T20:56:27.268Z - [REQUEST]: libs/utils/src/components/slugify.ts
[NX Daemon Server] - 2025-01-13T20:56:27.268Z - [REQUEST]: 
[NX Daemon Server] - 2025-01-13T20:56:27.270Z - Time taken for 'hash changed files from watcher' 0.17204200010746717ms
[NX Daemon Server] - 2025-01-13T20:56:27.278Z - Time taken for 'build-project-configs' 6.803208000026643ms
[NX Daemon Server] - 2025-01-13T20:56:27.289Z - [SYNC]: collect registered sync generators
[NX Daemon Server] - 2025-01-13T20:56:27.289Z - [SYNC]: project graph hash is the same, not collecting task sync generators
[NX Daemon Server] - 2025-01-13T20:56:27.289Z - [SYNC]: nx.json hash is the same, not collecting global sync generators
[NX Daemon Server] - 2025-01-13T20:56:27.289Z - Time taken for 'total execution time for createProjectGraph()' 9.347416000440717ms
[NX Daemon Server] - 2025-01-13T20:56:27.387Z - [WATCHER]: 0 file(s) created or restored, 0 file(s) modified, 10 file(s) deleted
[NX Daemon Server] - 2025-01-13T20:56:27.387Z - [REQUEST]: Responding to the client. File watch changed
[NX Daemon Server] - 2025-01-13T20:56:27.387Z - Done responding to the client File watch changed
[NX Daemon Server] - 2025-01-13T20:56:27.387Z - Handled FILE-WATCH-CHANGED. Handling time: 0. Response time: 0.
[NX Daemon Server] - 2025-01-13T20:56:27.387Z - [WATCHER]: Processing file changes in outputs
[NX Daemon Server] - 2025-01-13T20:56:27.387Z - Time taken for 'changed-projects' 0.05049999989569187ms
[NX Daemon Server] - 2025-01-13T20:56:27.586Z - [REQUEST]: Updated workspace context based on watched changes, recomputing project graph...
[NX Daemon Server] - 2025-01-13T20:56:27.587Z - [REQUEST]: 
[NX Daemon Server] - 2025-01-13T20:56:27.587Z - [REQUEST]: libs/utils/coverage/slugify.ts.html,libs/utils/coverage/favicon.png,libs/utils/coverage/coverage-final.json,libs/utils/coverage/base.css,libs/utils/coverage/sort-arrow-sprite.png,libs/utils/coverage/prettify.css,libs/utils/coverage/prettify.js,libs/utils/coverage/index.html,libs/utils/coverage/sorter.js,libs/utils/coverage/block-navigation.js
[NX Daemon Server] - 2025-01-13T20:56:27.588Z - Time taken for 'hash changed files from watcher' 0.164041000418365ms
[NX Daemon Server] - 2025-01-13T20:56:27.593Z - Time taken for 'build-project-configs' 5.059666000306606ms
[NX Daemon Server] - 2025-01-13T20:56:27.600Z - [SYNC]: collect registered sync generators
[NX Daemon Server] - 2025-01-13T20:56:27.600Z - [SYNC]: project graph hash is the same, not collecting task sync generators
[NX Daemon Server] - 2025-01-13T20:56:27.600Z - [SYNC]: nx.json hash is the same, not collecting global sync generators
[NX Daemon Server] - 2025-01-13T20:56:27.600Z - Time taken for 'total execution time for createProjectGraph()' 5.456207999959588ms
[NX Daemon Server] - 2025-01-13T20:56:27.753Z - [WATCHER]: Processing file changes in outputs
[NX Daemon Server] - 2025-01-13T20:56:27.754Z - [WATCHER]: 10 file(s) created or restored, 0 file(s) modified, 1 file(s) deleted
[NX Daemon Server] - 2025-01-13T20:56:27.754Z - [REQUEST]: Responding to the client. File watch changed
[NX Daemon Server] - 2025-01-13T20:56:27.754Z - Done responding to the client File watch changed
[NX Daemon Server] - 2025-01-13T20:56:27.754Z - Handled FILE-WATCH-CHANGED. Handling time: 0. Response time: 0.
[NX Daemon Server] - 2025-01-13T20:56:27.754Z - Time taken for 'changed-projects' 0.039166999980807304ms
[NX Daemon Server] - 2025-01-13T20:56:27.855Z - [REQUEST]: Updated workspace context based on watched changes, recomputing project graph...
[NX Daemon Server] - 2025-01-13T20:56:27.856Z - [REQUEST]: libs/utils/coverage/prettify.css,libs/utils/coverage/index.html,libs/utils/coverage/favicon.png,libs/utils/coverage/base.css,libs/utils/coverage/coverage-final.json,libs/utils/coverage/sorter.js,libs/utils/coverage/prettify.js,libs/utils/coverage/slugify.ts.html,libs/utils/coverage/block-navigation.js,libs/utils/coverage/sort-arrow-sprite.png
[NX Daemon Server] - 2025-01-13T20:56:27.856Z - [REQUEST]: libs/utils/coverage/.tmp/coverage-9.json
[NX Daemon Server] - 2025-01-13T20:56:27.859Z - Time taken for 'hash changed files from watcher' 0.5634169997647405ms
[NX Daemon Server] - 2025-01-13T20:56:27.865Z - Time taken for 'build-project-configs' 6.740708000026643ms
[NX Daemon Server] - 2025-01-13T20:56:27.874Z - [SYNC]: collect registered sync generators
[NX Daemon Server] - 2025-01-13T20:56:27.875Z - [SYNC]: project graph hash is the same, not collecting task sync generators
[NX Daemon Server] - 2025-01-13T20:56:27.875Z - [SYNC]: nx.json hash is the same, not collecting global sync generators
[NX Daemon Server] - 2025-01-13T20:56:27.875Z - [REQUEST]: Responding to the client. File watch changed
[NX Daemon Server] - 2025-01-13T20:56:27.875Z - Done responding to the client File watch changed
[NX Daemon Server] - 2025-01-13T20:56:27.875Z - Handled FILE-WATCH-CHANGED. Handling time: 0. Response time: 0.
[NX Daemon Server] - 2025-01-13T20:56:27.875Z - Time taken for 'total execution time for createProjectGraph()' 8.786083000712097ms
[NX Daemon Server] - 2025-01-13T20:56:28.879Z - Established a connection. Number of open connections: 3
[NX Daemon Server] - 2025-01-13T20:56:28.880Z - [REQUEST]: Client Request for Project Graph Received
[NX Daemon Server] - 2025-01-13T20:56:28.881Z - [REQUEST]: Responding to the client. project-graph
[NX Daemon Server] - 2025-01-13T20:56:28.882Z - Time taken for 'total for creating and serializing project graph' 0.31420799996703863ms
[NX Daemon Server] - 2025-01-13T20:56:28.882Z - Closed a connection. Number of open connections: 2
[NX Daemon Server] - 2025-01-13T20:56:28.883Z - Done responding to the client project-graph
[NX Daemon Server] - 2025-01-13T20:56:28.883Z - Handled REQUEST_PROJECT_GRAPH. Handling time: 1. Response time: 2.
[NX Daemon Server] - 2025-01-13T20:56:28.886Z - [REQUEST]: Responding to the client. handleContextFileData
[NX Daemon Server] - 2025-01-13T20:56:28.887Z - Done responding to the client handleContextFileData
[NX Daemon Server] - 2025-01-13T20:56:28.887Z - Handled GET_CONTEXT_FILE_DATA. Handling time: 0. Response time: 1.
[NX Daemon Server] - 2025-01-13T20:56:28.887Z - Closed a connection. Number of open connections: 1
[NX Daemon Server] - 2025-01-13T20:56:28.894Z - Closed a connection. Number of open connections: 0
[NX Daemon Server] - 2025-01-13T20:56:28.895Z - Established a connection. Number of open connections: 1
[NX Daemon Server] - 2025-01-13T20:56:28.895Z - Established a connection. Number of open connections: 2
[NX Daemon Server] - 2025-01-13T20:56:28.895Z - Closed a connection. Number of open connections: 1
[NX Daemon Server] - 2025-01-13T20:56:28.896Z - [REQUEST]: Client Request for Project Graph Received
[NX Daemon Server] - 2025-01-13T20:56:28.896Z - [REQUEST]: Responding to the client. project-graph
[NX Daemon Server] - 2025-01-13T20:56:28.896Z - Time taken for 'total for creating and serializing project graph' 0.13287500012665987ms
[NX Daemon Server] - 2025-01-13T20:56:28.897Z - Done responding to the client project-graph
[NX Daemon Server] - 2025-01-13T20:56:28.897Z - Handled REQUEST_PROJECT_GRAPH. Handling time: 0. Response time: 1.
[NX Daemon Server] - 2025-01-13T20:56:28.898Z - [REQUEST]: Client Request for Project Graph Received
[NX Daemon Server] - 2025-01-13T20:56:28.899Z - [REQUEST]: Responding to the client. project-graph
[NX Daemon Server] - 2025-01-13T20:56:28.899Z - Time taken for 'total for creating and serializing project graph' 0.11062499973922968ms
[NX Daemon Server] - 2025-01-13T20:56:28.899Z - Done responding to the client project-graph
[NX Daemon Server] - 2025-01-13T20:56:28.899Z - Handled REQUEST_PROJECT_GRAPH. Handling time: 1. Response time: 0.
[NX Daemon Server] - 2025-01-13T20:56:28.901Z - Established a connection. Number of open connections: 2
[NX Daemon Server] - 2025-01-13T21:04:28.875Z - [WATCHER]: libs/utils/src/components/slugify.ts was modified
[NX Daemon Server] - 2025-01-13T21:04:28.876Z - [REQUEST]: Responding to the client. File watch changed
[NX Daemon Server] - 2025-01-13T21:04:28.876Z - Done responding to the client File watch changed
[NX Daemon Server] - 2025-01-13T21:04:28.876Z - Handled FILE-WATCH-CHANGED. Handling time: 0. Response time: 0.
[NX Daemon Server] - 2025-01-13T21:04:28.876Z - [WATCHER]: Processing file changes in outputs
[NX Daemon Server] - 2025-01-13T21:04:28.876Z - Time taken for 'changed-projects' 0.08862499985843897ms
[NX Daemon Server] - 2025-01-13T21:04:28.977Z - [REQUEST]: Updated workspace context based on watched changes, recomputing project graph...
[NX Daemon Server] - 2025-01-13T21:04:28.977Z - [REQUEST]: libs/utils/src/components/slugify.ts
[NX Daemon Server] - 2025-01-13T21:04:28.977Z - [REQUEST]: 
[NX Daemon Server] - 2025-01-13T21:04:28.979Z - Time taken for 'hash changed files from watcher' 0.24045800045132637ms
[NX Daemon Server] - 2025-01-13T21:04:28.990Z - Time taken for 'build-project-configs' 10.198541999794543ms
[NX Daemon Server] - 2025-01-13T21:04:29.007Z - [SYNC]: collect registered sync generators
[NX Daemon Server] - 2025-01-13T21:04:29.007Z - [SYNC]: project graph hash is the same, not collecting task sync generators
[NX Daemon Server] - 2025-01-13T21:04:29.007Z - [SYNC]: nx.json hash is the same, not collecting global sync generators
[NX Daemon Server] - 2025-01-13T21:04:29.007Z - Time taken for 'total execution time for createProjectGraph()' 14.076542000286281ms
[NX Daemon Server] - 2025-01-13T21:04:29.098Z - [WATCHER]: 0 file(s) created or restored, 0 file(s) modified, 10 file(s) deleted
[NX Daemon Server] - 2025-01-13T21:04:29.098Z - [REQUEST]: Responding to the client. File watch changed
[NX Daemon Server] - 2025-01-13T21:04:29.098Z - Done responding to the client File watch changed
[NX Daemon Server] - 2025-01-13T21:04:29.098Z - Handled FILE-WATCH-CHANGED. Handling time: 0. Response time: 0.
[NX Daemon Server] - 2025-01-13T21:04:29.098Z - [WATCHER]: Processing file changes in outputs
[NX Daemon Server] - 2025-01-13T21:04:29.098Z - Time taken for 'changed-projects' 0.040583000518381596ms
[NX Daemon Server] - 2025-01-13T21:04:29.298Z - [REQUEST]: Updated workspace context based on watched changes, recomputing project graph...
[NX Daemon Server] - 2025-01-13T21:04:29.298Z - [REQUEST]: 
[NX Daemon Server] - 2025-01-13T21:04:29.298Z - [REQUEST]: libs/utils/coverage/prettify.js,libs/utils/coverage/coverage-final.json,libs/utils/coverage/index.html,libs/utils/coverage/prettify.css,libs/utils/coverage/sort-arrow-sprite.png,libs/utils/coverage/slugify.ts.html,libs/utils/coverage/base.css,libs/utils/coverage/sorter.js,libs/utils/coverage/block-navigation.js,libs/utils/coverage/favicon.png
[NX Daemon Server] - 2025-01-13T21:04:29.299Z - Time taken for 'hash changed files from watcher' 0.08329099975526333ms
[NX Daemon Server] - 2025-01-13T21:04:29.303Z - Time taken for 'build-project-configs' 3.931000000797212ms
[NX Daemon Server] - 2025-01-13T21:04:29.311Z - [SYNC]: collect registered sync generators
[NX Daemon Server] - 2025-01-13T21:04:29.311Z - [SYNC]: project graph hash is the same, not collecting task sync generators
[NX Daemon Server] - 2025-01-13T21:04:29.312Z - [SYNC]: nx.json hash is the same, not collecting global sync generators
[NX Daemon Server] - 2025-01-13T21:04:29.312Z - Time taken for 'total execution time for createProjectGraph()' 6.475416999310255ms
[NX Daemon Server] - 2025-01-13T21:04:29.534Z - [WATCHER]: 10 file(s) created or restored, 0 file(s) modified, 1 file(s) deleted
[NX Daemon Server] - 2025-01-13T21:04:29.534Z - [REQUEST]: Responding to the client. File watch changed
[NX Daemon Server] - 2025-01-13T21:04:29.534Z - Done responding to the client File watch changed
[NX Daemon Server] - 2025-01-13T21:04:29.534Z - Handled FILE-WATCH-CHANGED. Handling time: 0. Response time: 0.
[NX Daemon Server] - 2025-01-13T21:04:29.534Z - [WATCHER]: Processing file changes in outputs
[NX Daemon Server] - 2025-01-13T21:04:29.534Z - Time taken for 'changed-projects' 0.05895799957215786ms
[NX Daemon Server] - 2025-01-13T21:04:29.635Z - [REQUEST]: Updated workspace context based on watched changes, recomputing project graph...
[NX Daemon Server] - 2025-01-13T21:04:29.635Z - [REQUEST]: libs/utils/coverage/coverage-final.json,libs/utils/coverage/base.css,libs/utils/coverage/index.html,libs/utils/coverage/prettify.css,libs/utils/coverage/slugify.ts.html,libs/utils/coverage/prettify.js,libs/utils/coverage/favicon.png,libs/utils/coverage/sorter.js,libs/utils/coverage/sort-arrow-sprite.png,libs/utils/coverage/block-navigation.js
[NX Daemon Server] - 2025-01-13T21:04:29.635Z - [REQUEST]: libs/utils/coverage/.tmp/coverage-10.json
[NX Daemon Server] - 2025-01-13T21:04:29.637Z - Time taken for 'hash changed files from watcher' 0.7088339999318123ms
[NX Daemon Server] - 2025-01-13T21:04:29.642Z - Time taken for 'build-project-configs' 4.40512500051409ms
[NX Daemon Server] - 2025-01-13T21:04:29.650Z - [SYNC]: collect registered sync generators
[NX Daemon Server] - 2025-01-13T21:04:29.651Z - [SYNC]: project graph hash is the same, not collecting task sync generators
[NX Daemon Server] - 2025-01-13T21:04:29.651Z - [SYNC]: nx.json hash is the same, not collecting global sync generators
[NX Daemon Server] - 2025-01-13T21:04:29.651Z - [REQUEST]: Responding to the client. File watch changed
[NX Daemon Server] - 2025-01-13T21:04:29.651Z - Done responding to the client File watch changed
[NX Daemon Server] - 2025-01-13T21:04:29.651Z - Handled FILE-WATCH-CHANGED. Handling time: 0. Response time: 0.
[NX Daemon Server] - 2025-01-13T21:04:29.651Z - Time taken for 'total execution time for createProjectGraph()' 6.848499999381602ms
[NX Daemon Server] - 2025-01-13T21:04:30.656Z - Established a connection. Number of open connections: 3
[NX Daemon Server] - 2025-01-13T21:04:30.656Z - Closed a connection. Number of open connections: 2
[NX Daemon Server] - 2025-01-13T21:04:30.657Z - [REQUEST]: Client Request for Project Graph Received
[NX Daemon Server] - 2025-01-13T21:04:30.657Z - [REQUEST]: Responding to the client. project-graph
[NX Daemon Server] - 2025-01-13T21:04:30.657Z - Time taken for 'total for creating and serializing project graph' 0.15395899955183268ms
[NX Daemon Server] - 2025-01-13T21:04:30.659Z - Done responding to the client project-graph
[NX Daemon Server] - 2025-01-13T21:04:30.659Z - Handled REQUEST_PROJECT_GRAPH. Handling time: 0. Response time: 2.
[NX Daemon Server] - 2025-01-13T21:04:30.662Z - [REQUEST]: Responding to the client. handleContextFileData
[NX Daemon Server] - 2025-01-13T21:04:30.662Z - Done responding to the client handleContextFileData
[NX Daemon Server] - 2025-01-13T21:04:30.662Z - Handled GET_CONTEXT_FILE_DATA. Handling time: 0. Response time: 0.
[NX Daemon Server] - 2025-01-13T21:04:30.663Z - Closed a connection. Number of open connections: 1
[NX Daemon Server] - 2025-01-13T21:04:30.669Z - Closed a connection. Number of open connections: 0
[NX Daemon Server] - 2025-01-13T21:04:30.670Z - Established a connection. Number of open connections: 1
[NX Daemon Server] - 2025-01-13T21:04:30.670Z - Established a connection. Number of open connections: 2
[NX Daemon Server] - 2025-01-13T21:04:30.670Z - Closed a connection. Number of open connections: 1
[NX Daemon Server] - 2025-01-13T21:04:30.670Z - [REQUEST]: Client Request for Project Graph Received
[NX Daemon Server] - 2025-01-13T21:04:30.670Z - [REQUEST]: Responding to the client. project-graph
[NX Daemon Server] - 2025-01-13T21:04:30.671Z - Time taken for 'total for creating and serializing project graph' 0.2030840003862977ms
[NX Daemon Server] - 2025-01-13T21:04:30.671Z - Done responding to the client project-graph
[NX Daemon Server] - 2025-01-13T21:04:30.671Z - Handled REQUEST_PROJECT_GRAPH. Handling time: 0. Response time: 1.
[NX Daemon Server] - 2025-01-13T21:04:30.673Z - [REQUEST]: Client Request for Project Graph Received
[NX Daemon Server] - 2025-01-13T21:04:30.673Z - [REQUEST]: Responding to the client. project-graph
[NX Daemon Server] - 2025-01-13T21:04:30.673Z - Time taken for 'total for creating and serializing project graph' 0.10416700039058924ms
[NX Daemon Server] - 2025-01-13T21:04:30.674Z - Done responding to the client project-graph
[NX Daemon Server] - 2025-01-13T21:04:30.674Z - Handled REQUEST_PROJECT_GRAPH. Handling time: 0. Response time: 1.
[NX Daemon Server] - 2025-01-13T21:04:30.675Z - Established a connection. Number of open connections: 2
[NX Daemon Server] - 2025-01-13T21:04:35.997Z - [WATCHER]: libs/utils/src/components/slugify.ts was modified
[NX Daemon Server] - 2025-01-13T21:04:35.997Z - [REQUEST]: Responding to the client. File watch changed
[NX Daemon Server] - 2025-01-13T21:04:35.997Z - Done responding to the client File watch changed
[NX Daemon Server] - 2025-01-13T21:04:35.997Z - Handled FILE-WATCH-CHANGED. Handling time: 0. Response time: 0.
[NX Daemon Server] - 2025-01-13T21:04:35.997Z - [WATCHER]: Processing file changes in outputs
[NX Daemon Server] - 2025-01-13T21:04:35.997Z - Time taken for 'changed-projects' 0.05804200004786253ms
[NX Daemon Server] - 2025-01-13T21:04:36.097Z - [REQUEST]: Updated workspace context based on watched changes, recomputing project graph...
[NX Daemon Server] - 2025-01-13T21:04:36.097Z - [REQUEST]: libs/utils/src/components/slugify.ts
[NX Daemon Server] - 2025-01-13T21:04:36.097Z - [REQUEST]: 
[NX Daemon Server] - 2025-01-13T21:04:36.098Z - Time taken for 'hash changed files from watcher' 0.21304199937731028ms
[NX Daemon Server] - 2025-01-13T21:04:36.108Z - Time taken for 'build-project-configs' 7.67200000025332ms
[NX Daemon Server] - 2025-01-13T21:04:36.119Z - [SYNC]: collect registered sync generators
[NX Daemon Server] - 2025-01-13T21:04:36.119Z - [SYNC]: project graph hash is the same, not collecting task sync generators
[NX Daemon Server] - 2025-01-13T21:04:36.119Z - [SYNC]: nx.json hash is the same, not collecting global sync generators
[NX Daemon Server] - 2025-01-13T21:04:36.120Z - Time taken for 'total execution time for createProjectGraph()' 10.400415999814868ms
[NX Daemon Server] - 2025-01-13T21:04:36.213Z - [WATCHER]: 0 file(s) created or restored, 0 file(s) modified, 10 file(s) deleted
[NX Daemon Server] - 2025-01-13T21:04:36.213Z - [REQUEST]: Responding to the client. File watch changed
[NX Daemon Server] - 2025-01-13T21:04:36.213Z - Done responding to the client File watch changed
[NX Daemon Server] - 2025-01-13T21:04:36.213Z - Handled FILE-WATCH-CHANGED. Handling time: 0. Response time: 0.
[NX Daemon Server] - 2025-01-13T21:04:36.213Z - [WATCHER]: Processing file changes in outputs
[NX Daemon Server] - 2025-01-13T21:04:36.213Z - Time taken for 'changed-projects' 0.04787500016391277ms
[NX Daemon Server] - 2025-01-13T21:04:36.413Z - [REQUEST]: Updated workspace context based on watched changes, recomputing project graph...
[NX Daemon Server] - 2025-01-13T21:04:36.413Z - [REQUEST]: 
[NX Daemon Server] - 2025-01-13T21:04:36.413Z - [REQUEST]: libs/utils/coverage/base.css,libs/utils/coverage/sort-arrow-sprite.png,libs/utils/coverage/prettify.js,libs/utils/coverage/coverage-final.json,libs/utils/coverage/prettify.css,libs/utils/coverage/index.html,libs/utils/coverage/block-navigation.js,libs/utils/coverage/favicon.png,libs/utils/coverage/sorter.js,libs/utils/coverage/slugify.ts.html
[NX Daemon Server] - 2025-01-13T21:04:36.416Z - Time taken for 'hash changed files from watcher' 0.26366700045764446ms
[NX Daemon Server] - 2025-01-13T21:04:36.423Z - Time taken for 'build-project-configs' 6.83370800036937ms
[NX Daemon Server] - 2025-01-13T21:04:36.429Z - [SYNC]: collect registered sync generators
[NX Daemon Server] - 2025-01-13T21:04:36.429Z - [SYNC]: project graph hash is the same, not collecting task sync generators
[NX Daemon Server] - 2025-01-13T21:04:36.429Z - [SYNC]: nx.json hash is the same, not collecting global sync generators
[NX Daemon Server] - 2025-01-13T21:04:36.430Z - Time taken for 'total execution time for createProjectGraph()' 5.623292000032961ms
[NX Daemon Server] - 2025-01-13T21:04:36.579Z - [WATCHER]: 10 file(s) created or restored, 0 file(s) modified, 1 file(s) deleted
[NX Daemon Server] - 2025-01-13T21:04:36.579Z - [REQUEST]: Responding to the client. File watch changed
[NX Daemon Server] - 2025-01-13T21:04:36.579Z - Done responding to the client File watch changed
[NX Daemon Server] - 2025-01-13T21:04:36.579Z - Handled FILE-WATCH-CHANGED. Handling time: 0. Response time: 0.
[NX Daemon Server] - 2025-01-13T21:04:36.579Z - [WATCHER]: Processing file changes in outputs
[NX Daemon Server] - 2025-01-13T21:04:36.579Z - Time taken for 'changed-projects' 0.0314169991761446ms
[NX Daemon Server] - 2025-01-13T21:04:36.681Z - [REQUEST]: Updated workspace context based on watched changes, recomputing project graph...
[NX Daemon Server] - 2025-01-13T21:04:36.681Z - [REQUEST]: libs/utils/coverage/prettify.js,libs/utils/coverage/favicon.png,libs/utils/coverage/sorter.js,libs/utils/coverage/prettify.css,libs/utils/coverage/base.css,libs/utils/coverage/block-navigation.js,libs/utils/coverage/index.html,libs/utils/coverage/sort-arrow-sprite.png,libs/utils/coverage/coverage-final.json,libs/utils/coverage/slugify.ts.html
[NX Daemon Server] - 2025-01-13T21:04:36.681Z - [REQUEST]: libs/utils/coverage/.tmp/coverage-11.json
[NX Daemon Server] - 2025-01-13T21:04:36.684Z - Time taken for 'hash changed files from watcher' 0.6833750000223517ms
[NX Daemon Server] - 2025-01-13T21:04:36.690Z - Time taken for 'build-project-configs' 6.554791999980807ms
[NX Daemon Server] - 2025-01-13T21:04:36.697Z - [SYNC]: collect registered sync generators
[NX Daemon Server] - 2025-01-13T21:04:36.698Z - [SYNC]: project graph hash is the same, not collecting task sync generators
[NX Daemon Server] - 2025-01-13T21:04:36.698Z - [SYNC]: nx.json hash is the same, not collecting global sync generators
[NX Daemon Server] - 2025-01-13T21:04:36.698Z - [REQUEST]: Responding to the client. File watch changed
[NX Daemon Server] - 2025-01-13T21:04:36.698Z - Done responding to the client File watch changed
[NX Daemon Server] - 2025-01-13T21:04:36.698Z - Handled FILE-WATCH-CHANGED. Handling time: 0. Response time: 0.
[NX Daemon Server] - 2025-01-13T21:04:36.698Z - Time taken for 'total execution time for createProjectGraph()' 6.642416000366211ms
[NX Daemon Server] - 2025-01-13T21:04:37.702Z - Established a connection. Number of open connections: 3
[NX Daemon Server] - 2025-01-13T21:04:37.703Z - [REQUEST]: Client Request for Project Graph Received
[NX Daemon Server] - 2025-01-13T21:04:37.703Z - [REQUEST]: Responding to the client. project-graph
[NX Daemon Server] - 2025-01-13T21:04:37.704Z - Time taken for 'total for creating and serializing project graph' 0.21916699968278408ms
[NX Daemon Server] - 2025-01-13T21:04:37.704Z - Closed a connection. Number of open connections: 2
[NX Daemon Server] - 2025-01-13T21:04:37.705Z - Done responding to the client project-graph
[NX Daemon Server] - 2025-01-13T21:04:37.705Z - Handled REQUEST_PROJECT_GRAPH. Handling time: 0. Response time: 2.
[NX Daemon Server] - 2025-01-13T21:04:37.707Z - [REQUEST]: Responding to the client. handleContextFileData
[NX Daemon Server] - 2025-01-13T21:04:37.707Z - Done responding to the client handleContextFileData
[NX Daemon Server] - 2025-01-13T21:04:37.707Z - Handled GET_CONTEXT_FILE_DATA. Handling time: 1. Response time: 0.
[NX Daemon Server] - 2025-01-13T21:04:37.707Z - Closed a connection. Number of open connections: 1
[NX Daemon Server] - 2025-01-13T21:04:37.711Z - Closed a connection. Number of open connections: 0
[NX Daemon Server] - 2025-01-13T21:04:37.711Z - Established a connection. Number of open connections: 1
[NX Daemon Server] - 2025-01-13T21:04:37.711Z - Established a connection. Number of open connections: 2
[NX Daemon Server] - 2025-01-13T21:04:37.711Z - Closed a connection. Number of open connections: 1
[NX Daemon Server] - 2025-01-13T21:04:37.711Z - [REQUEST]: Client Request for Project Graph Received
[NX Daemon Server] - 2025-01-13T21:04:37.711Z - [REQUEST]: Responding to the client. project-graph
[NX Daemon Server] - 2025-01-13T21:04:37.712Z - Time taken for 'total for creating and serializing project graph' 0.06633399985730648ms
[NX Daemon Server] - 2025-01-13T21:04:37.712Z - Done responding to the client project-graph
[NX Daemon Server] - 2025-01-13T21:04:37.712Z - Handled REQUEST_PROJECT_GRAPH. Handling time: 0. Response time: 1.
[NX Daemon Server] - 2025-01-13T21:04:37.713Z - [REQUEST]: Client Request for Project Graph Received
[NX Daemon Server] - 2025-01-13T21:04:37.713Z - [REQUEST]: Responding to the client. project-graph
[NX Daemon Server] - 2025-01-13T21:04:37.713Z - Time taken for 'total for creating and serializing project graph' 0.04791700001806021ms
[NX Daemon Server] - 2025-01-13T21:04:37.714Z - Done responding to the client project-graph
[NX Daemon Server] - 2025-01-13T21:04:37.714Z - Handled REQUEST_PROJECT_GRAPH. Handling time: 0. Response time: 1.
[NX Daemon Server] - 2025-01-13T21:04:37.715Z - Established a connection. Number of open connections: 2
[NX Daemon Server] - 2025-01-13T21:04:47.126Z - [WATCHER]: libs/utils/src/components/slugify.ts was modified
[NX Daemon Server] - 2025-01-13T21:04:47.126Z - [REQUEST]: Responding to the client. File watch changed
[NX Daemon Server] - 2025-01-13T21:04:47.126Z - Done responding to the client File watch changed
[NX Daemon Server] - 2025-01-13T21:04:47.126Z - Handled FILE-WATCH-CHANGED. Handling time: 0. Response time: 0.
[NX Daemon Server] - 2025-01-13T21:04:47.126Z - [WATCHER]: Processing file changes in outputs
[NX Daemon Server] - 2025-01-13T21:04:47.126Z - Time taken for 'changed-projects' 0.03849999979138374ms
[NX Daemon Server] - 2025-01-13T21:04:47.225Z - [REQUEST]: Updated workspace context based on watched changes, recomputing project graph...
[NX Daemon Server] - 2025-01-13T21:04:47.225Z - [REQUEST]: libs/utils/src/components/slugify.ts
[NX Daemon Server] - 2025-01-13T21:04:47.225Z - [REQUEST]: 
[NX Daemon Server] - 2025-01-13T21:04:47.227Z - Time taken for 'hash changed files from watcher' 0.11920899990946054ms
[NX Daemon Server] - 2025-01-13T21:04:47.232Z - Time taken for 'build-project-configs' 5.6408329997211695ms
[NX Daemon Server] - 2025-01-13T21:04:47.242Z - [SYNC]: collect registered sync generators
[NX Daemon Server] - 2025-01-13T21:04:47.243Z - [SYNC]: project graph hash is the same, not collecting task sync generators
[NX Daemon Server] - 2025-01-13T21:04:47.243Z - [SYNC]: nx.json hash is the same, not collecting global sync generators
[NX Daemon Server] - 2025-01-13T21:04:47.243Z - Time taken for 'total execution time for createProjectGraph()' 7.008832999505103ms
[NX Daemon Server] - 2025-01-13T21:04:47.281Z - [WATCHER]: Processing file changes in outputs
[NX Daemon Server] - 2025-01-13T21:04:47.281Z - [WATCHER]: 0 file(s) created or restored, 0 file(s) modified, 10 file(s) deleted
[NX Daemon Server] - 2025-01-13T21:04:47.281Z - [REQUEST]: Responding to the client. File watch changed
[NX Daemon Server] - 2025-01-13T21:04:47.281Z - Done responding to the client File watch changed
[NX Daemon Server] - 2025-01-13T21:04:47.281Z - Handled FILE-WATCH-CHANGED. Handling time: 0. Response time: 0.
[NX Daemon Server] - 2025-01-13T21:04:47.281Z - Time taken for 'changed-projects' 0.026459000073373318ms
[NX Daemon Server] - 2025-01-13T21:04:47.481Z - [REQUEST]: Updated workspace context based on watched changes, recomputing project graph...
[NX Daemon Server] - 2025-01-13T21:04:47.481Z - [REQUEST]: 
[NX Daemon Server] - 2025-01-13T21:04:47.481Z - [REQUEST]: libs/utils/coverage/prettify.js,libs/utils/coverage/slugify.ts.html,libs/utils/coverage/index.html,libs/utils/coverage/base.css,libs/utils/coverage/coverage-final.json,libs/utils/coverage/prettify.css,libs/utils/coverage/block-navigation.js,libs/utils/coverage/sort-arrow-sprite.png,libs/utils/coverage/sorter.js,libs/utils/coverage/favicon.png
[NX Daemon Server] - 2025-01-13T21:04:47.482Z - Time taken for 'hash changed files from watcher' 0.0778750004246831ms
[NX Daemon Server] - 2025-01-13T21:04:47.487Z - Time taken for 'build-project-configs' 4.370540999807417ms
[NX Daemon Server] - 2025-01-13T21:04:47.496Z - [SYNC]: collect registered sync generators
[NX Daemon Server] - 2025-01-13T21:04:47.496Z - [SYNC]: project graph hash is the same, not collecting task sync generators
[NX Daemon Server] - 2025-01-13T21:04:47.496Z - [SYNC]: nx.json hash is the same, not collecting global sync generators
[NX Daemon Server] - 2025-01-13T21:04:47.496Z - Time taken for 'total execution time for createProjectGraph()' 6.911542000249028ms
[NX Daemon Server] - 2025-01-13T21:04:47.642Z - [WATCHER]: libs/utils/coverage/.tmp/coverage-12.json was deleted
[NX Daemon Server] - 2025-01-13T21:04:47.642Z - [REQUEST]: Responding to the client. File watch changed
[NX Daemon Server] - 2025-01-13T21:04:47.642Z - Done responding to the client File watch changed
[NX Daemon Server] - 2025-01-13T21:04:47.642Z - Handled FILE-WATCH-CHANGED. Handling time: 0. Response time: 0.
[NX Daemon Server] - 2025-01-13T21:04:47.642Z - [WATCHER]: Processing file changes in outputs
[NX Daemon Server] - 2025-01-13T21:04:47.642Z - Time taken for 'changed-projects' 0.13362499978393316ms
[NX Daemon Server] - 2025-01-13T21:04:48.042Z - [REQUEST]: Updated workspace context based on watched changes, recomputing project graph...
[NX Daemon Server] - 2025-01-13T21:04:48.043Z - [REQUEST]: 
[NX Daemon Server] - 2025-01-13T21:04:48.043Z - [REQUEST]: libs/utils/coverage/.tmp/coverage-12.json
[NX Daemon Server] - 2025-01-13T21:04:48.046Z - Time taken for 'hash changed files from watcher' 0.4151670001447201ms
[NX Daemon Server] - 2025-01-13T21:04:48.052Z - Time taken for 'build-project-configs' 7.490499999374151ms
[NX Daemon Server] - 2025-01-13T21:04:48.059Z - [SYNC]: collect registered sync generators
[NX Daemon Server] - 2025-01-13T21:04:48.059Z - [SYNC]: project graph hash is the same, not collecting task sync generators
[NX Daemon Server] - 2025-01-13T21:04:48.059Z - [SYNC]: nx.json hash is the same, not collecting global sync generators
[NX Daemon Server] - 2025-01-13T21:04:48.059Z - Time taken for 'total execution time for createProjectGraph()' 5.383624999783933ms
[NX Daemon Server] - 2025-01-13T21:04:48.647Z - Established a connection. Number of open connections: 3
[NX Daemon Server] - 2025-01-13T21:04:48.648Z - [REQUEST]: Client Request for Project Graph Received
[NX Daemon Server] - 2025-01-13T21:04:48.648Z - [REQUEST]: Responding to the client. project-graph
[NX Daemon Server] - 2025-01-13T21:04:48.649Z - Time taken for 'total for creating and serializing project graph' 0.29062499944120646ms
[NX Daemon Server] - 2025-01-13T21:04:48.649Z - Closed a connection. Number of open connections: 2
[NX Daemon Server] - 2025-01-13T21:04:48.651Z - Done responding to the client project-graph
[NX Daemon Server] - 2025-01-13T21:04:48.651Z - Handled REQUEST_PROJECT_GRAPH. Handling time: 0. Response time: 3.
[NX Daemon Server] - 2025-01-13T21:04:48.655Z - [REQUEST]: Responding to the client. handleContextFileData
[NX Daemon Server] - 2025-01-13T21:04:48.655Z - Done responding to the client handleContextFileData
[NX Daemon Server] - 2025-01-13T21:04:48.655Z - Handled GET_CONTEXT_FILE_DATA. Handling time: 0. Response time: 0.
[NX Daemon Server] - 2025-01-13T21:04:48.656Z - Closed a connection. Number of open connections: 1
[NX Daemon Server] - 2025-01-13T21:04:48.662Z - Closed a connection. Number of open connections: 0
[NX Daemon Server] - 2025-01-13T21:04:48.663Z - Established a connection. Number of open connections: 1
[NX Daemon Server] - 2025-01-13T21:04:48.663Z - Established a connection. Number of open connections: 2
[NX Daemon Server] - 2025-01-13T21:04:48.663Z - Closed a connection. Number of open connections: 1
[NX Daemon Server] - 2025-01-13T21:04:48.664Z - [REQUEST]: Client Request for Project Graph Received
[NX Daemon Server] - 2025-01-13T21:04:48.664Z - [REQUEST]: Responding to the client. project-graph
[NX Daemon Server] - 2025-01-13T21:04:48.664Z - Time taken for 'total for creating and serializing project graph' 0.12766600027680397ms
[NX Daemon Server] - 2025-01-13T21:04:48.665Z - Done responding to the client project-graph
[NX Daemon Server] - 2025-01-13T21:04:48.665Z - Handled REQUEST_PROJECT_GRAPH. Handling time: 0. Response time: 1.
[NX Daemon Server] - 2025-01-13T21:04:48.666Z - [REQUEST]: Client Request for Project Graph Received
[NX Daemon Server] - 2025-01-13T21:04:48.666Z - [REQUEST]: Responding to the client. project-graph
[NX Daemon Server] - 2025-01-13T21:04:48.667Z - Time taken for 'total for creating and serializing project graph' 0.09991700015962124ms
[NX Daemon Server] - 2025-01-13T21:04:48.667Z - Done responding to the client project-graph
[NX Daemon Server] - 2025-01-13T21:04:48.667Z - Handled REQUEST_PROJECT_GRAPH. Handling time: 0. Response time: 1.
[NX Daemon Server] - 2025-01-13T21:04:48.669Z - Established a connection. Number of open connections: 2
[NX Daemon Server] - 2025-01-13T21:04:52.277Z - [WATCHER]: libs/utils/src/components/slugify.ts was modified
[NX Daemon Server] - 2025-01-13T21:04:52.277Z - [REQUEST]: Responding to the client. File watch changed
[NX Daemon Server] - 2025-01-13T21:04:52.277Z - Done responding to the client File watch changed
[NX Daemon Server] - 2025-01-13T21:04:52.277Z - Handled FILE-WATCH-CHANGED. Handling time: 0. Response time: 0.
[NX Daemon Server] - 2025-01-13T21:04:52.277Z - [WATCHER]: Processing file changes in outputs
[NX Daemon Server] - 2025-01-13T21:04:52.277Z - Time taken for 'changed-projects' 0.038625000044703484ms
[NX Daemon Server] - 2025-01-13T21:04:52.376Z - [REQUEST]: Updated workspace context based on watched changes, recomputing project graph...
[NX Daemon Server] - 2025-01-13T21:04:52.376Z - [REQUEST]: libs/utils/src/components/slugify.ts
[NX Daemon Server] - 2025-01-13T21:04:52.376Z - [REQUEST]: 
[NX Daemon Server] - 2025-01-13T21:04:52.378Z - Time taken for 'hash changed files from watcher' 0.1496249996125698ms
[NX Daemon Server] - 2025-01-13T21:04:52.384Z - Time taken for 'build-project-configs' 5.976249999366701ms
[NX Daemon Server] - 2025-01-13T21:04:52.394Z - [SYNC]: collect registered sync generators
[NX Daemon Server] - 2025-01-13T21:04:52.394Z - [SYNC]: project graph hash is the same, not collecting task sync generators
[NX Daemon Server] - 2025-01-13T21:04:52.394Z - [SYNC]: nx.json hash is the same, not collecting global sync generators
[NX Daemon Server] - 2025-01-13T21:04:52.394Z - Time taken for 'total execution time for createProjectGraph()' 7.613541999831796ms
[NX Daemon Server] - 2025-01-13T21:04:52.719Z - [WATCHER]: 10 file(s) created or restored, 0 file(s) modified, 1 file(s) deleted
[NX Daemon Server] - 2025-01-13T21:04:52.720Z - [REQUEST]: Responding to the client. File watch changed
[NX Daemon Server] - 2025-01-13T21:04:52.720Z - Done responding to the client File watch changed
[NX Daemon Server] - 2025-01-13T21:04:52.720Z - Handled FILE-WATCH-CHANGED. Handling time: 0. Response time: 0.
[NX Daemon Server] - 2025-01-13T21:04:52.720Z - [WATCHER]: Processing file changes in outputs
[NX Daemon Server] - 2025-01-13T21:04:52.720Z - Time taken for 'changed-projects' 0.029374999925494194ms
[NX Daemon Server] - 2025-01-13T21:04:52.821Z - [REQUEST]: Updated workspace context based on watched changes, recomputing project graph...
[NX Daemon Server] - 2025-01-13T21:04:52.821Z - [REQUEST]: libs/utils/coverage/favicon.png,libs/utils/coverage/sort-arrow-sprite.png,libs/utils/coverage/prettify.css,libs/utils/coverage/block-navigation.js,libs/utils/coverage/slugify.ts.html,libs/utils/coverage/index.html,libs/utils/coverage/prettify.js,libs/utils/coverage/sorter.js,libs/utils/coverage/coverage-final.json,libs/utils/coverage/base.css
[NX Daemon Server] - 2025-01-13T21:04:52.821Z - [REQUEST]: libs/utils/coverage/.tmp/coverage-13.json
[NX Daemon Server] - 2025-01-13T21:04:52.823Z - Time taken for 'hash changed files from watcher' 0.5766669996082783ms
[NX Daemon Server] - 2025-01-13T21:04:52.826Z - Time taken for 'build-project-configs' 4.034500000067055ms
[NX Daemon Server] - 2025-01-13T21:04:52.834Z - [SYNC]: collect registered sync generators
[NX Daemon Server] - 2025-01-13T21:04:52.835Z - [SYNC]: project graph hash is the same, not collecting task sync generators
[NX Daemon Server] - 2025-01-13T21:04:52.835Z - [SYNC]: nx.json hash is the same, not collecting global sync generators
[NX Daemon Server] - 2025-01-13T21:04:52.835Z - [REQUEST]: Responding to the client. File watch changed
[NX Daemon Server] - 2025-01-13T21:04:52.835Z - Done responding to the client File watch changed
[NX Daemon Server] - 2025-01-13T21:04:52.835Z - Handled FILE-WATCH-CHANGED. Handling time: 0. Response time: 0.
[NX Daemon Server] - 2025-01-13T21:04:52.835Z - Time taken for 'total execution time for createProjectGraph()' 6.354582999832928ms
[NX Daemon Server] - 2025-01-13T21:04:53.837Z - Established a connection. Number of open connections: 3
[NX Daemon Server] - 2025-01-13T21:04:53.838Z - [REQUEST]: Client Request for Project Graph Received
[NX Daemon Server] - 2025-01-13T21:04:53.838Z - [REQUEST]: Responding to the client. project-graph
[NX Daemon Server] - 2025-01-13T21:04:53.838Z - Time taken for 'total for creating and serializing project graph' 0.13999999966472387ms
[NX Daemon Server] - 2025-01-13T21:04:53.838Z - Closed a connection. Number of open connections: 2
[NX Daemon Server] - 2025-01-13T21:04:53.839Z - Done responding to the client project-graph
[NX Daemon Server] - 2025-01-13T21:04:53.839Z - Handled REQUEST_PROJECT_GRAPH. Handling time: 0. Response time: 1.
[NX Daemon Server] - 2025-01-13T21:04:53.840Z - [REQUEST]: Responding to the client. handleContextFileData
[NX Daemon Server] - 2025-01-13T21:04:53.840Z - Done responding to the client handleContextFileData
[NX Daemon Server] - 2025-01-13T21:04:53.840Z - Handled GET_CONTEXT_FILE_DATA. Handling time: 0. Response time: 0.
[NX Daemon Server] - 2025-01-13T21:04:53.840Z - Closed a connection. Number of open connections: 1
[NX Daemon Server] - 2025-01-13T21:04:53.842Z - Closed a connection. Number of open connections: 0
[NX Daemon Server] - 2025-01-13T21:04:53.843Z - Established a connection. Number of open connections: 1
[NX Daemon Server] - 2025-01-13T21:04:53.843Z - Established a connection. Number of open connections: 2
[NX Daemon Server] - 2025-01-13T21:04:53.843Z - Closed a connection. Number of open connections: 1
[NX Daemon Server] - 2025-01-13T21:04:53.843Z - [REQUEST]: Client Request for Project Graph Received
[NX Daemon Server] - 2025-01-13T21:04:53.843Z - [REQUEST]: Responding to the client. project-graph
[NX Daemon Server] - 2025-01-13T21:04:53.844Z - Time taken for 'total for creating and serializing project graph' 0.07012500055134296ms
[NX Daemon Server] - 2025-01-13T21:04:53.844Z - Done responding to the client project-graph
[NX Daemon Server] - 2025-01-13T21:04:53.844Z - Handled REQUEST_PROJECT_GRAPH. Handling time: 0. Response time: 1.
[NX Daemon Server] - 2025-01-13T21:04:53.845Z - [REQUEST]: Client Request for Project Graph Received
[NX Daemon Server] - 2025-01-13T21:04:53.845Z - [REQUEST]: Responding to the client. project-graph
[NX Daemon Server] - 2025-01-13T21:04:53.845Z - Time taken for 'total for creating and serializing project graph' 0.0477080000564456ms
[NX Daemon Server] - 2025-01-13T21:04:53.845Z - Done responding to the client project-graph
[NX Daemon Server] - 2025-01-13T21:04:53.845Z - Handled REQUEST_PROJECT_GRAPH. Handling time: 0. Response time: 0.
[NX Daemon Server] - 2025-01-13T21:04:53.846Z - Established a connection. Number of open connections: 2
[NX Daemon Server] - 2025-01-13T21:04:55.957Z - [WATCHER]: libs/utils/src/components/slugify.ts was modified
[NX Daemon Server] - 2025-01-13T21:04:55.957Z - [REQUEST]: Responding to the client. File watch changed
[NX Daemon Server] - 2025-01-13T21:04:55.957Z - Done responding to the client File watch changed
[NX Daemon Server] - 2025-01-13T21:04:55.957Z - Handled FILE-WATCH-CHANGED. Handling time: 0. Response time: 0.
[NX Daemon Server] - 2025-01-13T21:04:55.957Z - [WATCHER]: Processing file changes in outputs
[NX Daemon Server] - 2025-01-13T21:04:55.957Z - Time taken for 'changed-projects' 0.033541999757289886ms
[NX Daemon Server] - 2025-01-13T21:04:56.057Z - [REQUEST]: Updated workspace context based on watched changes, recomputing project graph...
[NX Daemon Server] - 2025-01-13T21:04:56.057Z - [REQUEST]: libs/utils/src/components/slugify.ts
[NX Daemon Server] - 2025-01-13T21:04:56.057Z - [REQUEST]: 
[NX Daemon Server] - 2025-01-13T21:04:56.058Z - Time taken for 'hash changed files from watcher' 0.10041699931025505ms
[NX Daemon Server] - 2025-01-13T21:04:56.063Z - Time taken for 'build-project-configs' 4.135625000111759ms
[NX Daemon Server] - 2025-01-13T21:04:56.070Z - [SYNC]: collect registered sync generators
[NX Daemon Server] - 2025-01-13T21:04:56.070Z - [SYNC]: project graph hash is the same, not collecting task sync generators
[NX Daemon Server] - 2025-01-13T21:04:56.070Z - [SYNC]: nx.json hash is the same, not collecting global sync generators
[NX Daemon Server] - 2025-01-13T21:04:56.070Z - Time taken for 'total execution time for createProjectGraph()' 5.1890830006450415ms
[NX Daemon Server] - 2025-01-13T21:04:56.169Z - [WATCHER]: 0 file(s) created or restored, 0 file(s) modified, 10 file(s) deleted
[NX Daemon Server] - 2025-01-13T21:04:56.169Z - [REQUEST]: Responding to the client. File watch changed
[NX Daemon Server] - 2025-01-13T21:04:56.169Z - Done responding to the client File watch changed
[NX Daemon Server] - 2025-01-13T21:04:56.169Z - Handled FILE-WATCH-CHANGED. Handling time: 0. Response time: 0.
[NX Daemon Server] - 2025-01-13T21:04:56.169Z - [WATCHER]: Processing file changes in outputs
[NX Daemon Server] - 2025-01-13T21:04:56.170Z - Time taken for 'changed-projects' 0.03370899986475706ms
[NX Daemon Server] - 2025-01-13T21:04:56.369Z - [REQUEST]: Updated workspace context based on watched changes, recomputing project graph...
[NX Daemon Server] - 2025-01-13T21:04:56.369Z - [REQUEST]: 
[NX Daemon Server] - 2025-01-13T21:04:56.369Z - [REQUEST]: libs/utils/coverage/base.css,libs/utils/coverage/index.html,libs/utils/coverage/slugify.ts.html,libs/utils/coverage/prettify.css,libs/utils/coverage/prettify.js,libs/utils/coverage/coverage-final.json,libs/utils/coverage/block-navigation.js,libs/utils/coverage/sorter.js,libs/utils/coverage/sort-arrow-sprite.png,libs/utils/coverage/favicon.png
[NX Daemon Server] - 2025-01-13T21:04:56.370Z - Time taken for 'hash changed files from watcher' 0.09216600004583597ms
[NX Daemon Server] - 2025-01-13T21:04:56.375Z - Time taken for 'build-project-configs' 3.920458000153303ms
[NX Daemon Server] - 2025-01-13T21:04:56.381Z - [SYNC]: collect registered sync generators
[NX Daemon Server] - 2025-01-13T21:04:56.381Z - [SYNC]: project graph hash is the same, not collecting task sync generators
[NX Daemon Server] - 2025-01-13T21:04:56.381Z - [SYNC]: nx.json hash is the same, not collecting global sync generators
[NX Daemon Server] - 2025-01-13T21:04:56.381Z - Time taken for 'total execution time for createProjectGraph()' 5.038457999937236ms
[NX Daemon Server] - 2025-01-13T21:04:56.470Z - [WATCHER]: 10 file(s) created or restored, 0 file(s) modified, 1 file(s) deleted
[NX Daemon Server] - 2025-01-13T21:04:56.470Z - [REQUEST]: Responding to the client. File watch changed
[NX Daemon Server] - 2025-01-13T21:04:56.470Z - Done responding to the client File watch changed
[NX Daemon Server] - 2025-01-13T21:04:56.470Z - Handled FILE-WATCH-CHANGED. Handling time: 0. Response time: 0.
[NX Daemon Server] - 2025-01-13T21:04:56.470Z - [WATCHER]: Processing file changes in outputs
[NX Daemon Server] - 2025-01-13T21:04:56.470Z - Time taken for 'changed-projects' 0.03466599993407726ms
[NX Daemon Server] - 2025-01-13T21:04:56.571Z - [REQUEST]: Updated workspace context based on watched changes, recomputing project graph...
[NX Daemon Server] - 2025-01-13T21:04:56.571Z - [REQUEST]: libs/utils/coverage/slugify.ts.html,libs/utils/coverage/base.css,libs/utils/coverage/coverage-final.json,libs/utils/coverage/index.html,libs/utils/coverage/prettify.css,libs/utils/coverage/block-navigation.js,libs/utils/coverage/favicon.png,libs/utils/coverage/prettify.js,libs/utils/coverage/sorter.js,libs/utils/coverage/sort-arrow-sprite.png
[NX Daemon Server] - 2025-01-13T21:04:56.571Z - [REQUEST]: libs/utils/coverage/.tmp/coverage-14.json
[NX Daemon Server] - 2025-01-13T21:04:56.572Z - Time taken for 'hash changed files from watcher' 0.41345900017768145ms
[NX Daemon Server] - 2025-01-13T21:04:56.577Z - Time taken for 'build-project-configs' 4.337000000290573ms
[NX Daemon Server] - 2025-01-13T21:04:56.584Z - [SYNC]: collect registered sync generators
[NX Daemon Server] - 2025-01-13T21:04:56.584Z - [SYNC]: project graph hash is the same, not collecting task sync generators
[NX Daemon Server] - 2025-01-13T21:04:56.584Z - [SYNC]: nx.json hash is the same, not collecting global sync generators
[NX Daemon Server] - 2025-01-13T21:04:56.584Z - [REQUEST]: Responding to the client. File watch changed
[NX Daemon Server] - 2025-01-13T21:04:56.584Z - Done responding to the client File watch changed
[NX Daemon Server] - 2025-01-13T21:04:56.584Z - Handled FILE-WATCH-CHANGED. Handling time: 0. Response time: 0.
[NX Daemon Server] - 2025-01-13T21:04:56.584Z - Time taken for 'total execution time for createProjectGraph()' 6.054291000589728ms
[NX Daemon Server] - 2025-01-13T21:04:57.587Z - Established a connection. Number of open connections: 3
[NX Daemon Server] - 2025-01-13T21:04:57.588Z - [REQUEST]: Client Request for Project Graph Received
[NX Daemon Server] - 2025-01-13T21:04:57.588Z - [REQUEST]: Responding to the client. project-graph
[NX Daemon Server] - 2025-01-13T21:04:57.589Z - Time taken for 'total for creating and serializing project graph' 0.21799999941140413ms
[NX Daemon Server] - 2025-01-13T21:04:57.589Z - Closed a connection. Number of open connections: 2
[NX Daemon Server] - 2025-01-13T21:04:57.590Z - Done responding to the client project-graph
[NX Daemon Server] - 2025-01-13T21:04:57.590Z - Handled REQUEST_PROJECT_GRAPH. Handling time: 0. Response time: 2.
[NX Daemon Server] - 2025-01-13T21:04:57.594Z - [REQUEST]: Responding to the client. handleContextFileData
[NX Daemon Server] - 2025-01-13T21:04:57.594Z - Done responding to the client handleContextFileData
[NX Daemon Server] - 2025-01-13T21:04:57.594Z - Handled GET_CONTEXT_FILE_DATA. Handling time: 0. Response time: 0.
[NX Daemon Server] - 2025-01-13T21:04:57.595Z - Closed a connection. Number of open connections: 1
[NX Daemon Server] - 2025-01-13T21:04:57.600Z - Closed a connection. Number of open connections: 0
[NX Daemon Server] - 2025-01-13T21:04:57.602Z - Established a connection. Number of open connections: 1
[NX Daemon Server] - 2025-01-13T21:04:57.602Z - Established a connection. Number of open connections: 2
[NX Daemon Server] - 2025-01-13T21:04:57.604Z - Closed a connection. Number of open connections: 1
[NX Daemon Server] - 2025-01-13T21:04:57.604Z - [REQUEST]: Client Request for Project Graph Received
[NX Daemon Server] - 2025-01-13T21:04:57.604Z - [REQUEST]: Responding to the client. project-graph
[NX Daemon Server] - 2025-01-13T21:04:57.604Z - Time taken for 'total for creating and serializing project graph' 0.13854099996387959ms
[NX Daemon Server] - 2025-01-13T21:04:57.605Z - Done responding to the client project-graph
[NX Daemon Server] - 2025-01-13T21:04:57.605Z - Handled REQUEST_PROJECT_GRAPH. Handling time: 0. Response time: 1.
[NX Daemon Server] - 2025-01-13T21:04:57.607Z - [REQUEST]: Client Request for Project Graph Received
[NX Daemon Server] - 2025-01-13T21:04:57.607Z - [REQUEST]: Responding to the client. project-graph
[NX Daemon Server] - 2025-01-13T21:04:57.607Z - Time taken for 'total for creating and serializing project graph' 0.13083400018513203ms
[NX Daemon Server] - 2025-01-13T21:04:57.608Z - Done responding to the client project-graph
[NX Daemon Server] - 2025-01-13T21:04:57.608Z - Handled REQUEST_PROJECT_GRAPH. Handling time: 0. Response time: 1.
[NX Daemon Server] - 2025-01-13T21:04:57.609Z - Established a connection. Number of open connections: 2
[NX Daemon Server] - 2025-01-13T21:05:07.533Z - [WATCHER]: libs/utils/src/components/slugify.ts was modified
[NX Daemon Server] - 2025-01-13T21:05:07.533Z - [REQUEST]: Responding to the client. File watch changed
[NX Daemon Server] - 2025-01-13T21:05:07.533Z - Done responding to the client File watch changed
[NX Daemon Server] - 2025-01-13T21:05:07.533Z - Handled FILE-WATCH-CHANGED. Handling time: 0. Response time: 0.
[NX Daemon Server] - 2025-01-13T21:05:07.533Z - [WATCHER]: Processing file changes in outputs
[NX Daemon Server] - 2025-01-13T21:05:07.533Z - Time taken for 'changed-projects' 0.036958999931812286ms
[NX Daemon Server] - 2025-01-13T21:05:07.634Z - [REQUEST]: Updated workspace context based on watched changes, recomputing project graph...
[NX Daemon Server] - 2025-01-13T21:05:07.634Z - [REQUEST]: libs/utils/src/components/slugify.ts
[NX Daemon Server] - 2025-01-13T21:05:07.634Z - [REQUEST]: 
[NX Daemon Server] - 2025-01-13T21:05:07.635Z - Time taken for 'hash changed files from watcher' 0.1049580005928874ms
[NX Daemon Server] - 2025-01-13T21:05:07.641Z - Time taken for 'build-project-configs' 4.795833999291062ms
[NX Daemon Server] - 2025-01-13T21:05:07.650Z - [SYNC]: collect registered sync generators
[NX Daemon Server] - 2025-01-13T21:05:07.650Z - [SYNC]: project graph hash is the same, not collecting task sync generators
[NX Daemon Server] - 2025-01-13T21:05:07.650Z - [SYNC]: nx.json hash is the same, not collecting global sync generators
[NX Daemon Server] - 2025-01-13T21:05:07.650Z - Time taken for 'total execution time for createProjectGraph()' 7.938458000309765ms
[NX Daemon Server] - 2025-01-13T21:05:07.748Z - [WATCHER]: Processing file changes in outputs
[NX Daemon Server] - 2025-01-13T21:05:07.748Z - [WATCHER]: 0 file(s) created or restored, 0 file(s) modified, 10 file(s) deleted
[NX Daemon Server] - 2025-01-13T21:05:07.748Z - [REQUEST]: Responding to the client. File watch changed
[NX Daemon Server] - 2025-01-13T21:05:07.748Z - Done responding to the client File watch changed
[NX Daemon Server] - 2025-01-13T21:05:07.748Z - Handled FILE-WATCH-CHANGED. Handling time: 0. Response time: 0.
[NX Daemon Server] - 2025-01-13T21:05:07.748Z - Time taken for 'changed-projects' 0.02758299931883812ms
[NX Daemon Server] - 2025-01-13T21:05:07.948Z - [REQUEST]: Updated workspace context based on watched changes, recomputing project graph...
[NX Daemon Server] - 2025-01-13T21:05:07.948Z - [REQUEST]: 
[NX Daemon Server] - 2025-01-13T21:05:07.948Z - [REQUEST]: libs/utils/coverage/sort-arrow-sprite.png,libs/utils/coverage/base.css,libs/utils/coverage/prettify.css,libs/utils/coverage/sorter.js,libs/utils/coverage/slugify.ts.html,libs/utils/coverage/prettify.js,libs/utils/coverage/block-navigation.js,libs/utils/coverage/favicon.png,libs/utils/coverage/coverage-final.json,libs/utils/coverage/index.html
[NX Daemon Server] - 2025-01-13T21:05:07.949Z - Time taken for 'hash changed files from watcher' 0.08529200032353401ms
[NX Daemon Server] - 2025-01-13T21:05:07.953Z - Time taken for 'build-project-configs' 3.804332999512553ms
[NX Daemon Server] - 2025-01-13T21:05:07.960Z - [SYNC]: collect registered sync generators
[NX Daemon Server] - 2025-01-13T21:05:07.960Z - [SYNC]: project graph hash is the same, not collecting task sync generators
[NX Daemon Server] - 2025-01-13T21:05:07.960Z - [SYNC]: nx.json hash is the same, not collecting global sync generators
[NX Daemon Server] - 2025-01-13T21:05:07.960Z - Time taken for 'total execution time for createProjectGraph()' 4.903332999907434ms
[NX Daemon Server] - 2025-01-13T21:05:08.185Z - [WATCHER]: 10 file(s) created or restored, 0 file(s) modified, 1 file(s) deleted
[NX Daemon Server] - 2025-01-13T21:05:08.186Z - [REQUEST]: Responding to the client. File watch changed
[NX Daemon Server] - 2025-01-13T21:05:08.186Z - Done responding to the client File watch changed
[NX Daemon Server] - 2025-01-13T21:05:08.186Z - Handled FILE-WATCH-CHANGED. Handling time: 0. Response time: 0.
[NX Daemon Server] - 2025-01-13T21:05:08.186Z - [WATCHER]: Processing file changes in outputs
[NX Daemon Server] - 2025-01-13T21:05:08.186Z - Time taken for 'changed-projects' 0.03462499938905239ms
[NX Daemon Server] - 2025-01-13T21:05:08.286Z - [REQUEST]: Updated workspace context based on watched changes, recomputing project graph...
[NX Daemon Server] - 2025-01-13T21:05:08.286Z - [REQUEST]: libs/utils/coverage/coverage-final.json,libs/utils/coverage/prettify.js,libs/utils/coverage/base.css,libs/utils/coverage/prettify.css,libs/utils/coverage/block-navigation.js,libs/utils/coverage/sort-arrow-sprite.png,libs/utils/coverage/sorter.js,libs/utils/coverage/slugify.ts.html,libs/utils/coverage/index.html,libs/utils/coverage/favicon.png
[NX Daemon Server] - 2025-01-13T21:05:08.286Z - [REQUEST]: libs/utils/coverage/.tmp/coverage-15.json
[NX Daemon Server] - 2025-01-13T21:05:08.287Z - Time taken for 'hash changed files from watcher' 0.3922079997137189ms
[NX Daemon Server] - 2025-01-13T21:05:08.292Z - Time taken for 'build-project-configs' 3.8272090004757047ms
[NX Daemon Server] - 2025-01-13T21:05:08.301Z - [SYNC]: collect registered sync generators
[NX Daemon Server] - 2025-01-13T21:05:08.301Z - [SYNC]: project graph hash is the same, not collecting task sync generators
[NX Daemon Server] - 2025-01-13T21:05:08.301Z - [SYNC]: nx.json hash is the same, not collecting global sync generators
[NX Daemon Server] - 2025-01-13T21:05:08.301Z - [REQUEST]: Responding to the client. File watch changed
[NX Daemon Server] - 2025-01-13T21:05:08.301Z - Done responding to the client File watch changed
[NX Daemon Server] - 2025-01-13T21:05:08.301Z - Handled FILE-WATCH-CHANGED. Handling time: 0. Response time: 0.
[NX Daemon Server] - 2025-01-13T21:05:08.301Z - Time taken for 'total execution time for createProjectGraph()' 7.431750000454485ms
[NX Daemon Server] - 2025-01-13T21:05:09.305Z - Established a connection. Number of open connections: 3
[NX Daemon Server] - 2025-01-13T21:05:09.305Z - [REQUEST]: Client Request for Project Graph Received
[NX Daemon Server] - 2025-01-13T21:05:09.305Z - [REQUEST]: Responding to the client. project-graph
[NX Daemon Server] - 2025-01-13T21:05:09.305Z - Time taken for 'total for creating and serializing project graph' 0.10379100032150745ms
[NX Daemon Server] - 2025-01-13T21:05:09.305Z - Closed a connection. Number of open connections: 2
[NX Daemon Server] - 2025-01-13T21:05:09.306Z - Done responding to the client project-graph
[NX Daemon Server] - 2025-01-13T21:05:09.306Z - Handled REQUEST_PROJECT_GRAPH. Handling time: 0. Response time: 1.
[NX Daemon Server] - 2025-01-13T21:05:09.308Z - [REQUEST]: Responding to the client. handleContextFileData
[NX Daemon Server] - 2025-01-13T21:05:09.308Z - Done responding to the client handleContextFileData
[NX Daemon Server] - 2025-01-13T21:05:09.308Z - Handled GET_CONTEXT_FILE_DATA. Handling time: 0. Response time: 0.
[NX Daemon Server] - 2025-01-13T21:05:09.308Z - Closed a connection. Number of open connections: 1
[NX Daemon Server] - 2025-01-13T21:05:09.313Z - Closed a connection. Number of open connections: 0
[NX Daemon Server] - 2025-01-13T21:05:09.314Z - Established a connection. Number of open connections: 1
[NX Daemon Server] - 2025-01-13T21:05:09.314Z - Established a connection. Number of open connections: 2
[NX Daemon Server] - 2025-01-13T21:05:09.314Z - Closed a connection. Number of open connections: 1
[NX Daemon Server] - 2025-01-13T21:05:09.314Z - [REQUEST]: Client Request for Project Graph Received
[NX Daemon Server] - 2025-01-13T21:05:09.314Z - [REQUEST]: Responding to the client. project-graph
[NX Daemon Server] - 2025-01-13T21:05:09.314Z - Time taken for 'total for creating and serializing project graph' 0.07383299991488457ms
[NX Daemon Server] - 2025-01-13T21:05:09.315Z - Done responding to the client project-graph
[NX Daemon Server] - 2025-01-13T21:05:09.315Z - Handled REQUEST_PROJECT_GRAPH. Handling time: 0. Response time: 1.
[NX Daemon Server] - 2025-01-13T21:05:09.316Z - [REQUEST]: Client Request for Project Graph Received
[NX Daemon Server] - 2025-01-13T21:05:09.316Z - [REQUEST]: Responding to the client. project-graph
[NX Daemon Server] - 2025-01-13T21:05:09.316Z - Time taken for 'total for creating and serializing project graph' 0.07299999985843897ms
[NX Daemon Server] - 2025-01-13T21:05:09.317Z - Done responding to the client project-graph
[NX Daemon Server] - 2025-01-13T21:05:09.317Z - Handled REQUEST_PROJECT_GRAPH. Handling time: 0. Response time: 1.
[NX Daemon Server] - 2025-01-13T21:05:09.318Z - Established a connection. Number of open connections: 2
[NX Daemon Server] - 2025-01-13T21:05:11.509Z - [WATCHER]: libs/utils/src/components/slugify.ts was modified
[NX Daemon Server] - 2025-01-13T21:05:11.509Z - [REQUEST]: Responding to the client. File watch changed
[NX Daemon Server] - 2025-01-13T21:05:11.510Z - Done responding to the client File watch changed
[NX Daemon Server] - 2025-01-13T21:05:11.510Z - Handled FILE-WATCH-CHANGED. Handling time: 0. Response time: 1.
[NX Daemon Server] - 2025-01-13T21:05:11.510Z - [WATCHER]: Processing file changes in outputs
[NX Daemon Server] - 2025-01-13T21:05:11.510Z - Time taken for 'changed-projects' 0.02879100013524294ms
[NX Daemon Server] - 2025-01-13T21:05:11.610Z - [REQUEST]: Updated workspace context based on watched changes, recomputing project graph...
[NX Daemon Server] - 2025-01-13T21:05:11.610Z - [REQUEST]: libs/utils/src/components/slugify.ts
[NX Daemon Server] - 2025-01-13T21:05:11.610Z - [REQUEST]: 
[NX Daemon Server] - 2025-01-13T21:05:11.611Z - Time taken for 'hash changed files from watcher' 0.17337500024586916ms
[NX Daemon Server] - 2025-01-13T21:05:11.617Z - Time taken for 'build-project-configs' 5.640041000209749ms
[NX Daemon Server] - 2025-01-13T21:05:11.627Z - [SYNC]: collect registered sync generators
[NX Daemon Server] - 2025-01-13T21:05:11.628Z - [SYNC]: project graph hash is the same, not collecting task sync generators
[NX Daemon Server] - 2025-01-13T21:05:11.628Z - [SYNC]: nx.json hash is the same, not collecting global sync generators
[NX Daemon Server] - 2025-01-13T21:05:11.628Z - Time taken for 'total execution time for createProjectGraph()' 7.47104199975729ms
[NX Daemon Server] - 2025-01-13T21:05:11.728Z - [WATCHER]: 0 file(s) created or restored, 0 file(s) modified, 10 file(s) deleted
[NX Daemon Server] - 2025-01-13T21:05:11.728Z - [REQUEST]: Responding to the client. File watch changed
[NX Daemon Server] - 2025-01-13T21:05:11.728Z - Done responding to the client File watch changed
[NX Daemon Server] - 2025-01-13T21:05:11.728Z - Handled FILE-WATCH-CHANGED. Handling time: 0. Response time: 0.
[NX Daemon Server] - 2025-01-13T21:05:11.728Z - [WATCHER]: Processing file changes in outputs
[NX Daemon Server] - 2025-01-13T21:05:11.729Z - Time taken for 'changed-projects' 0.031166999600827694ms
[NX Daemon Server] - 2025-01-13T21:05:11.929Z - [REQUEST]: Updated workspace context based on watched changes, recomputing project graph...
[NX Daemon Server] - 2025-01-13T21:05:11.929Z - [REQUEST]: 
[NX Daemon Server] - 2025-01-13T21:05:11.929Z - [REQUEST]: libs/utils/coverage/favicon.png,libs/utils/coverage/coverage-final.json,libs/utils/coverage/prettify.js,libs/utils/coverage/slugify.ts.html,libs/utils/coverage/prettify.css,libs/utils/coverage/index.html,libs/utils/coverage/block-navigation.js,libs/utils/coverage/sorter.js,libs/utils/coverage/sort-arrow-sprite.png,libs/utils/coverage/base.css
[NX Daemon Server] - 2025-01-13T21:05:11.931Z - Time taken for 'hash changed files from watcher' 0.25700000021606684ms
[NX Daemon Server] - 2025-01-13T21:05:11.940Z - Time taken for 'build-project-configs' 9.133833000436425ms
[NX Daemon Server] - 2025-01-13T21:05:11.946Z - [SYNC]: collect registered sync generators
[NX Daemon Server] - 2025-01-13T21:05:11.946Z - [SYNC]: project graph hash is the same, not collecting task sync generators
[NX Daemon Server] - 2025-01-13T21:05:11.946Z - [SYNC]: nx.json hash is the same, not collecting global sync generators
[NX Daemon Server] - 2025-01-13T21:05:11.946Z - Time taken for 'total execution time for createProjectGraph()' 4.810167000629008ms
[NX Daemon Server] - 2025-01-13T21:05:12.029Z - [WATCHER]: 10 file(s) created or restored, 0 file(s) modified, 1 file(s) deleted
[NX Daemon Server] - 2025-01-13T21:05:12.030Z - [REQUEST]: Responding to the client. File watch changed
[NX Daemon Server] - 2025-01-13T21:05:12.030Z - Done responding to the client File watch changed
[NX Daemon Server] - 2025-01-13T21:05:12.030Z - Handled FILE-WATCH-CHANGED. Handling time: 0. Response time: 0.
[NX Daemon Server] - 2025-01-13T21:05:12.030Z - [WATCHER]: Processing file changes in outputs
[NX Daemon Server] - 2025-01-13T21:05:12.030Z - Time taken for 'changed-projects' 0.037250000052154064ms
[NX Daemon Server] - 2025-01-13T21:05:12.130Z - [REQUEST]: Updated workspace context based on watched changes, recomputing project graph...
[NX Daemon Server] - 2025-01-13T21:05:12.130Z - [REQUEST]: libs/utils/coverage/block-navigation.js,libs/utils/coverage/slugify.ts.html,libs/utils/coverage/sort-arrow-sprite.png,libs/utils/coverage/sorter.js,libs/utils/coverage/prettify.js,libs/utils/coverage/base.css,libs/utils/coverage/favicon.png,libs/utils/coverage/prettify.css,libs/utils/coverage/coverage-final.json,libs/utils/coverage/index.html
[NX Daemon Server] - 2025-01-13T21:05:12.130Z - [REQUEST]: libs/utils/coverage/.tmp/coverage-16.json
[NX Daemon Server] - 2025-01-13T21:05:12.131Z - Time taken for 'hash changed files from watcher' 0.480124999769032ms
[NX Daemon Server] - 2025-01-13T21:05:12.136Z - Time taken for 'build-project-configs' 4.76674999948591ms
[NX Daemon Server] - 2025-01-13T21:05:12.143Z - [SYNC]: collect registered sync generators
[NX Daemon Server] - 2025-01-13T21:05:12.143Z - [SYNC]: project graph hash is the same, not collecting task sync generators
[NX Daemon Server] - 2025-01-13T21:05:12.143Z - [SYNC]: nx.json hash is the same, not collecting global sync generators
[NX Daemon Server] - 2025-01-13T21:05:12.143Z - [REQUEST]: Responding to the client. File watch changed
[NX Daemon Server] - 2025-01-13T21:05:12.143Z - Done responding to the client File watch changed
[NX Daemon Server] - 2025-01-13T21:05:12.143Z - Handled FILE-WATCH-CHANGED. Handling time: 0. Response time: 0.
[NX Daemon Server] - 2025-01-13T21:05:12.143Z - Time taken for 'total execution time for createProjectGraph()' 5.241457999683917ms
[NX Daemon Server] - 2025-01-13T21:05:13.145Z - Established a connection. Number of open connections: 3
[NX Daemon Server] - 2025-01-13T21:05:13.146Z - [REQUEST]: Client Request for Project Graph Received
[NX Daemon Server] - 2025-01-13T21:05:13.146Z - [REQUEST]: Responding to the client. project-graph
[NX Daemon Server] - 2025-01-13T21:05:13.147Z - Time taken for 'total for creating and serializing project graph' 0.2601250000298023ms
[NX Daemon Server] - 2025-01-13T21:05:13.147Z - Closed a connection. Number of open connections: 2
[NX Daemon Server] - 2025-01-13T21:05:13.149Z - Done responding to the client project-graph
[NX Daemon Server] - 2025-01-13T21:05:13.149Z - Handled REQUEST_PROJECT_GRAPH. Handling time: 0. Response time: 3.
[NX Daemon Server] - 2025-01-13T21:05:13.152Z - [REQUEST]: Responding to the client. handleContextFileData
[NX Daemon Server] - 2025-01-13T21:05:13.152Z - Done responding to the client handleContextFileData
[NX Daemon Server] - 2025-01-13T21:05:13.152Z - Handled GET_CONTEXT_FILE_DATA. Handling time: 0. Response time: 0.
[NX Daemon Server] - 2025-01-13T21:05:13.154Z - Closed a connection. Number of open connections: 1
[NX Daemon Server] - 2025-01-13T21:05:13.157Z - Closed a connection. Number of open connections: 0
[NX Daemon Server] - 2025-01-13T21:05:13.159Z - Established a connection. Number of open connections: 1
[NX Daemon Server] - 2025-01-13T21:05:13.159Z - Established a connection. Number of open connections: 2
[NX Daemon Server] - 2025-01-13T21:05:13.159Z - Closed a connection. Number of open connections: 1
[NX Daemon Server] - 2025-01-13T21:05:13.159Z - [REQUEST]: Client Request for Project Graph Received
[NX Daemon Server] - 2025-01-13T21:05:13.159Z - [REQUEST]: Responding to the client. project-graph
[NX Daemon Server] - 2025-01-13T21:05:13.159Z - Time taken for 'total for creating and serializing project graph' 0.12229099962860346ms
[NX Daemon Server] - 2025-01-13T21:05:13.160Z - Done responding to the client project-graph
[NX Daemon Server] - 2025-01-13T21:05:13.160Z - Handled REQUEST_PROJECT_GRAPH. Handling time: 0. Response time: 1.
[NX Daemon Server] - 2025-01-13T21:05:13.162Z - [REQUEST]: Client Request for Project Graph Received
[NX Daemon Server] - 2025-01-13T21:05:13.162Z - [REQUEST]: Responding to the client. project-graph
[NX Daemon Server] - 2025-01-13T21:05:13.162Z - Time taken for 'total for creating and serializing project graph' 0.07799999974668026ms
[NX Daemon Server] - 2025-01-13T21:05:13.163Z - Done responding to the client project-graph
[NX Daemon Server] - 2025-01-13T21:05:13.163Z - Handled REQUEST_PROJECT_GRAPH. Handling time: 0. Response time: 1.
[NX Daemon Server] - 2025-01-13T21:05:13.165Z - Established a connection. Number of open connections: 2
[NX Daemon Server] - 2025-01-13T21:05:29.512Z - [WATCHER]: libs/utils/src/components/slugify.ts was modified
[NX Daemon Server] - 2025-01-13T21:05:29.512Z - [REQUEST]: Responding to the client. File watch changed
[NX Daemon Server] - 2025-01-13T21:05:29.512Z - Done responding to the client File watch changed
[NX Daemon Server] - 2025-01-13T21:05:29.512Z - Handled FILE-WATCH-CHANGED. Handling time: 0. Response time: 0.
[NX Daemon Server] - 2025-01-13T21:05:29.512Z - [WATCHER]: Processing file changes in outputs
[NX Daemon Server] - 2025-01-13T21:05:29.512Z - Time taken for 'changed-projects' 0.07641599979251623ms
[NX Daemon Server] - 2025-01-13T21:05:29.614Z - [REQUEST]: Updated workspace context based on watched changes, recomputing project graph...
[NX Daemon Server] - 2025-01-13T21:05:29.614Z - [REQUEST]: libs/utils/src/components/slugify.ts
[NX Daemon Server] - 2025-01-13T21:05:29.614Z - [REQUEST]: 
[NX Daemon Server] - 2025-01-13T21:05:29.616Z - Time taken for 'hash changed files from watcher' 0.19354099966585636ms
[NX Daemon Server] - 2025-01-13T21:05:29.623Z - Time taken for 'build-project-configs' 6.526250000111759ms
[NX Daemon Server] - 2025-01-13T21:05:29.633Z - [SYNC]: collect registered sync generators
[NX Daemon Server] - 2025-01-13T21:05:29.634Z - [SYNC]: project graph hash is the same, not collecting task sync generators
[NX Daemon Server] - 2025-01-13T21:05:29.634Z - [SYNC]: nx.json hash is the same, not collecting global sync generators
[NX Daemon Server] - 2025-01-13T21:05:29.634Z - Time taken for 'total execution time for createProjectGraph()' 8.16637499909848ms
[NX Daemon Server] - 2025-01-13T21:05:29.714Z - [WATCHER]: 0 file(s) created or restored, 0 file(s) modified, 10 file(s) deleted
[NX Daemon Server] - 2025-01-13T21:05:29.715Z - [REQUEST]: Responding to the client. File watch changed
[NX Daemon Server] - 2025-01-13T21:05:29.715Z - Done responding to the client File watch changed
[NX Daemon Server] - 2025-01-13T21:05:29.715Z - Handled FILE-WATCH-CHANGED. Handling time: 0. Response time: 0.
[NX Daemon Server] - 2025-01-13T21:05:29.715Z - [WATCHER]: Processing file changes in outputs
[NX Daemon Server] - 2025-01-13T21:05:29.715Z - Time taken for 'changed-projects' 0.04937499947845936ms
[NX Daemon Server] - 2025-01-13T21:05:29.915Z - [REQUEST]: Updated workspace context based on watched changes, recomputing project graph...
[NX Daemon Server] - 2025-01-13T21:05:29.915Z - [REQUEST]: 
[NX Daemon Server] - 2025-01-13T21:05:29.915Z - [REQUEST]: libs/utils/coverage/index.html,libs/utils/coverage/prettify.css,libs/utils/coverage/slugify.ts.html,libs/utils/coverage/sorter.js,libs/utils/coverage/base.css,libs/utils/coverage/block-navigation.js,libs/utils/coverage/coverage-final.json,libs/utils/coverage/favicon.png,libs/utils/coverage/prettify.js,libs/utils/coverage/sort-arrow-sprite.png
[NX Daemon Server] - 2025-01-13T21:05:29.916Z - Time taken for 'hash changed files from watcher' 0.08408400043845177ms
[NX Daemon Server] - 2025-01-13T21:05:29.921Z - Time taken for 'build-project-configs' 4.476583000272512ms
[NX Daemon Server] - 2025-01-13T21:05:29.928Z - [SYNC]: collect registered sync generators
[NX Daemon Server] - 2025-01-13T21:05:29.928Z - [SYNC]: project graph hash is the same, not collecting task sync generators
[NX Daemon Server] - 2025-01-13T21:05:29.929Z - [SYNC]: nx.json hash is the same, not collecting global sync generators
[NX Daemon Server] - 2025-01-13T21:05:29.929Z - Time taken for 'total execution time for createProjectGraph()' 5.429708000272512ms
[NX Daemon Server] - 2025-01-13T21:05:30.104Z - [WATCHER]: 10 file(s) created or restored, 0 file(s) modified, 1 file(s) deleted
[NX Daemon Server] - 2025-01-13T21:05:30.104Z - [REQUEST]: Responding to the client. File watch changed
[NX Daemon Server] - 2025-01-13T21:05:30.104Z - Done responding to the client File watch changed
[NX Daemon Server] - 2025-01-13T21:05:30.104Z - Handled FILE-WATCH-CHANGED. Handling time: 0. Response time: 0.
[NX Daemon Server] - 2025-01-13T21:05:30.104Z - [WATCHER]: Processing file changes in outputs
[NX Daemon Server] - 2025-01-13T21:05:30.104Z - Time taken for 'changed-projects' 0.03879200015217066ms
[NX Daemon Server] - 2025-01-13T21:05:30.205Z - [REQUEST]: Updated workspace context based on watched changes, recomputing project graph...
[NX Daemon Server] - 2025-01-13T21:05:30.205Z - [REQUEST]: libs/utils/coverage/coverage-final.json,libs/utils/coverage/favicon.png,libs/utils/coverage/prettify.js,libs/utils/coverage/sort-arrow-sprite.png,libs/utils/coverage/index.html,libs/utils/coverage/slugify.ts.html,libs/utils/coverage/base.css,libs/utils/coverage/prettify.css,libs/utils/coverage/sorter.js,libs/utils/coverage/block-navigation.js
[NX Daemon Server] - 2025-01-13T21:05:30.205Z - [REQUEST]: libs/utils/coverage/.tmp/coverage-17.json
[NX Daemon Server] - 2025-01-13T21:05:30.206Z - Time taken for 'hash changed files from watcher' 0.48187499959021807ms
[NX Daemon Server] - 2025-01-13T21:05:30.210Z - Time taken for 'build-project-configs' 4.180041000247002ms
[NX Daemon Server] - 2025-01-13T21:05:30.218Z - [SYNC]: collect registered sync generators
[NX Daemon Server] - 2025-01-13T21:05:30.219Z - [SYNC]: project graph hash is the same, not collecting task sync generators
[NX Daemon Server] - 2025-01-13T21:05:30.219Z - [SYNC]: nx.json hash is the same, not collecting global sync generators
[NX Daemon Server] - 2025-01-13T21:05:30.219Z - [REQUEST]: Responding to the client. File watch changed
[NX Daemon Server] - 2025-01-13T21:05:30.219Z - Done responding to the client File watch changed
[NX Daemon Server] - 2025-01-13T21:05:30.219Z - Handled FILE-WATCH-CHANGED. Handling time: 0. Response time: 0.
[NX Daemon Server] - 2025-01-13T21:05:30.219Z - Time taken for 'total execution time for createProjectGraph()' 6.58695900067687ms
[NX Daemon Server] - 2025-01-13T21:05:30.340Z - [WATCHER]: libs/utils/src/components/slugify.ts was modified
[NX Daemon Server] - 2025-01-13T21:05:30.340Z - [REQUEST]: Responding to the client. File watch changed
[NX Daemon Server] - 2025-01-13T21:05:30.340Z - Done responding to the client File watch changed
[NX Daemon Server] - 2025-01-13T21:05:30.340Z - Handled FILE-WATCH-CHANGED. Handling time: 0. Response time: 0.
[NX Daemon Server] - 2025-01-13T21:05:30.340Z - [WATCHER]: Processing file changes in outputs
[NX Daemon Server] - 2025-01-13T21:05:30.340Z - Time taken for 'changed-projects' 0.03637500014156103ms
[NX Daemon Server] - 2025-01-13T21:05:30.455Z - [WATCHER]: 0 file(s) created or restored, 0 file(s) modified, 10 file(s) deleted
[NX Daemon Server] - 2025-01-13T21:05:30.455Z - [REQUEST]: Responding to the client. File watch changed
[NX Daemon Server] - 2025-01-13T21:05:30.455Z - Done responding to the client File watch changed
[NX Daemon Server] - 2025-01-13T21:05:30.455Z - Handled FILE-WATCH-CHANGED. Handling time: 0. Response time: 0.
[NX Daemon Server] - 2025-01-13T21:05:30.455Z - [WATCHER]: Processing file changes in outputs
[NX Daemon Server] - 2025-01-13T21:05:30.455Z - Time taken for 'changed-projects' 0.022583000361919403ms
[NX Daemon Server] - 2025-01-13T21:05:30.541Z - [REQUEST]: Updated workspace context based on watched changes, recomputing project graph...
[NX Daemon Server] - 2025-01-13T21:05:30.541Z - [REQUEST]: libs/utils/src/components/slugify.ts
[NX Daemon Server] - 2025-01-13T21:05:30.541Z - [REQUEST]: libs/utils/coverage/base.css,libs/utils/coverage/favicon.png,libs/utils/coverage/block-navigation.js,libs/utils/coverage/sorter.js,libs/utils/coverage/index.html,libs/utils/coverage/slugify.ts.html,libs/utils/coverage/sort-arrow-sprite.png,libs/utils/coverage/prettify.js,libs/utils/coverage/prettify.css,libs/utils/coverage/coverage-final.json
[NX Daemon Server] - 2025-01-13T21:05:30.541Z - Time taken for 'hash changed files from watcher' 0.11862500011920929ms
[NX Daemon Server] - 2025-01-13T21:05:30.546Z - Time taken for 'build-project-configs' 3.974457999691367ms
[NX Daemon Server] - 2025-01-13T21:05:30.554Z - [SYNC]: collect registered sync generators
[NX Daemon Server] - 2025-01-13T21:05:30.554Z - [SYNC]: project graph hash is the same, not collecting task sync generators
[NX Daemon Server] - 2025-01-13T21:05:30.554Z - [SYNC]: nx.json hash is the same, not collecting global sync generators
[NX Daemon Server] - 2025-01-13T21:05:30.554Z - Time taken for 'total execution time for createProjectGraph()' 6.476083999499679ms
[NX Daemon Server] - 2025-01-13T21:05:30.755Z - [WATCHER]: Processing file changes in outputs
[NX Daemon Server] - 2025-01-13T21:05:30.755Z - [WATCHER]: 10 file(s) created or restored, 0 file(s) modified, 1 file(s) deleted
[NX Daemon Server] - 2025-01-13T21:05:30.755Z - [REQUEST]: Responding to the client. File watch changed
[NX Daemon Server] - 2025-01-13T21:05:30.756Z - Done responding to the client File watch changed
[NX Daemon Server] - 2025-01-13T21:05:30.756Z - Handled FILE-WATCH-CHANGED. Handling time: 0. Response time: 1.
[NX Daemon Server] - 2025-01-13T21:05:30.756Z - Time taken for 'changed-projects' 0.03483300004154444ms
[NX Daemon Server] - 2025-01-13T21:05:30.855Z - [REQUEST]: Updated workspace context based on watched changes, recomputing project graph...
[NX Daemon Server] - 2025-01-13T21:05:30.855Z - [REQUEST]: libs/utils/coverage/coverage-final.json,libs/utils/coverage/block-navigation.js,libs/utils/coverage/sort-arrow-sprite.png,libs/utils/coverage/prettify.js,libs/utils/coverage/index.html,libs/utils/coverage/base.css,libs/utils/coverage/favicon.png,libs/utils/coverage/slugify.ts.html,libs/utils/coverage/sorter.js,libs/utils/coverage/prettify.css
[NX Daemon Server] - 2025-01-13T21:05:30.855Z - [REQUEST]: libs/utils/coverage/.tmp/coverage-18.json
[NX Daemon Server] - 2025-01-13T21:05:30.856Z - Time taken for 'hash changed files from watcher' 0.40104199945926666ms
[NX Daemon Server] - 2025-01-13T21:05:30.861Z - Time taken for 'build-project-configs' 4.533957999199629ms
[NX Daemon Server] - 2025-01-13T21:05:30.868Z - [SYNC]: collect registered sync generators
[NX Daemon Server] - 2025-01-13T21:05:30.869Z - [SYNC]: project graph hash is the same, not collecting task sync generators
[NX Daemon Server] - 2025-01-13T21:05:30.869Z - [SYNC]: nx.json hash is the same, not collecting global sync generators
[NX Daemon Server] - 2025-01-13T21:05:30.869Z - [REQUEST]: Responding to the client. File watch changed
[NX Daemon Server] - 2025-01-13T21:05:30.869Z - Done responding to the client File watch changed
[NX Daemon Server] - 2025-01-13T21:05:30.869Z - Handled FILE-WATCH-CHANGED. Handling time: 0. Response time: 0.
[NX Daemon Server] - 2025-01-13T21:05:30.869Z - Time taken for 'total execution time for createProjectGraph()' 5.904207999818027ms
[NX Daemon Server] - 2025-01-13T21:05:31.713Z - [WATCHER]: libs/utils/src/components/slugify.ts was modified
[NX Daemon Server] - 2025-01-13T21:05:31.714Z - [REQUEST]: Responding to the client. File watch changed
[NX Daemon Server] - 2025-01-13T21:05:31.714Z - Done responding to the client File watch changed
[NX Daemon Server] - 2025-01-13T21:05:31.714Z - Handled FILE-WATCH-CHANGED. Handling time: 0. Response time: 0.
[NX Daemon Server] - 2025-01-13T21:05:31.714Z - [WATCHER]: Processing file changes in outputs
[NX Daemon Server] - 2025-01-13T21:05:31.714Z - Time taken for 'changed-projects' 0.02520900033414364ms
[NX Daemon Server] - 2025-01-13T21:05:31.914Z - [REQUEST]: Updated workspace context based on watched changes, recomputing project graph...
[NX Daemon Server] - 2025-01-13T21:05:31.915Z - [REQUEST]: libs/utils/src/components/slugify.ts
[NX Daemon Server] - 2025-01-13T21:05:31.915Z - [REQUEST]: 
[NX Daemon Server] - 2025-01-13T21:05:31.916Z - Time taken for 'hash changed files from watcher' 0.14350000023841858ms
[NX Daemon Server] - 2025-01-13T21:05:31.923Z - Time taken for 'build-project-configs' 6.1410410003736615ms
[NX Daemon Server] - 2025-01-13T21:05:31.933Z - [SYNC]: collect registered sync generators
[NX Daemon Server] - 2025-01-13T21:05:31.933Z - [SYNC]: project graph hash is the same, not collecting task sync generators
[NX Daemon Server] - 2025-01-13T21:05:31.933Z - [SYNC]: nx.json hash is the same, not collecting global sync generators
[NX Daemon Server] - 2025-01-13T21:05:31.933Z - Time taken for 'total execution time for createProjectGraph()' 7.195957999676466ms
[NX Daemon Server] - 2025-01-13T21:05:31.934Z - [WATCHER]: 0 file(s) created or restored, 0 file(s) modified, 10 file(s) deleted
[NX Daemon Server] - 2025-01-13T21:05:31.934Z - [REQUEST]: Responding to the client. File watch changed
[NX Daemon Server] - 2025-01-13T21:05:31.934Z - Done responding to the client File watch changed
[NX Daemon Server] - 2025-01-13T21:05:31.934Z - Handled FILE-WATCH-CHANGED. Handling time: 0. Response time: 0.
[NX Daemon Server] - 2025-01-13T21:05:31.934Z - [WATCHER]: Processing file changes in outputs
[NX Daemon Server] - 2025-01-13T21:05:31.934Z - Time taken for 'changed-projects' 0.024249999783933163ms
[NX Daemon Server] - 2025-01-13T21:05:32.234Z - [WATCHER]: 10 file(s) created or restored, 0 file(s) modified, 1 file(s) deleted
[NX Daemon Server] - 2025-01-13T21:05:32.235Z - [REQUEST]: Responding to the client. File watch changed
[NX Daemon Server] - 2025-01-13T21:05:32.235Z - Done responding to the client File watch changed
[NX Daemon Server] - 2025-01-13T21:05:32.235Z - Handled FILE-WATCH-CHANGED. Handling time: 0. Response time: 0.
[NX Daemon Server] - 2025-01-13T21:05:32.235Z - [WATCHER]: Processing file changes in outputs
[NX Daemon Server] - 2025-01-13T21:05:32.235Z - Time taken for 'changed-projects' 0.041209000162780285ms
[NX Daemon Server] - 2025-01-13T21:05:32.334Z - [REQUEST]: Updated workspace context based on watched changes, recomputing project graph...
[NX Daemon Server] - 2025-01-13T21:05:32.334Z - [REQUEST]: libs/utils/coverage/index.html,libs/utils/coverage/coverage-final.json,libs/utils/coverage/block-navigation.js,libs/utils/coverage/prettify.css,libs/utils/coverage/sort-arrow-sprite.png,libs/utils/coverage/slugify.ts.html,libs/utils/coverage/base.css,libs/utils/coverage/favicon.png,libs/utils/coverage/sorter.js,libs/utils/coverage/prettify.js
[NX Daemon Server] - 2025-01-13T21:05:32.334Z - [REQUEST]: libs/utils/coverage/.tmp/coverage-19.json
[NX Daemon Server] - 2025-01-13T21:05:32.335Z - Time taken for 'hash changed files from watcher' 0.3382909996435046ms
[NX Daemon Server] - 2025-01-13T21:05:32.340Z - Time taken for 'build-project-configs' 3.6100420001894236ms
[NX Daemon Server] - 2025-01-13T21:05:32.349Z - [SYNC]: collect registered sync generators
[NX Daemon Server] - 2025-01-13T21:05:32.349Z - [SYNC]: project graph hash is the same, not collecting task sync generators
[NX Daemon Server] - 2025-01-13T21:05:32.350Z - [SYNC]: nx.json hash is the same, not collecting global sync generators
[NX Daemon Server] - 2025-01-13T21:05:32.350Z - Time taken for 'total execution time for createProjectGraph()' 7.724124999716878ms
[NX Daemon Server] - 2025-01-13T21:05:33.239Z - Established a connection. Number of open connections: 3
[NX Daemon Server] - 2025-01-13T21:05:33.239Z - [REQUEST]: Client Request for Project Graph Received
[NX Daemon Server] - 2025-01-13T21:05:33.240Z - [REQUEST]: Responding to the client. project-graph
[NX Daemon Server] - 2025-01-13T21:05:33.240Z - Time taken for 'total for creating and serializing project graph' 0.18637500051409006ms
[NX Daemon Server] - 2025-01-13T21:05:33.240Z - Closed a connection. Number of open connections: 2
[NX Daemon Server] - 2025-01-13T21:05:33.242Z - Done responding to the client project-graph
[NX Daemon Server] - 2025-01-13T21:05:33.242Z - Handled REQUEST_PROJECT_GRAPH. Handling time: 1. Response time: 2.
[NX Daemon Server] - 2025-01-13T21:05:33.244Z - [REQUEST]: Responding to the client. handleContextFileData
[NX Daemon Server] - 2025-01-13T21:05:33.244Z - Done responding to the client handleContextFileData
[NX Daemon Server] - 2025-01-13T21:05:33.244Z - Handled GET_CONTEXT_FILE_DATA. Handling time: 0. Response time: 0.
[NX Daemon Server] - 2025-01-13T21:05:33.246Z - Closed a connection. Number of open connections: 1
[NX Daemon Server] - 2025-01-13T21:05:33.249Z - Closed a connection. Number of open connections: 0
[NX Daemon Server] - 2025-01-13T21:05:33.250Z - Established a connection. Number of open connections: 1
[NX Daemon Server] - 2025-01-13T21:05:33.251Z - Established a connection. Number of open connections: 2
[NX Daemon Server] - 2025-01-13T21:05:33.251Z - Closed a connection. Number of open connections: 1
[NX Daemon Server] - 2025-01-13T21:05:33.251Z - [REQUEST]: Client Request for Project Graph Received
[NX Daemon Server] - 2025-01-13T21:05:33.251Z - [REQUEST]: Responding to the client. project-graph
[NX Daemon Server] - 2025-01-13T21:05:33.251Z - Time taken for 'total for creating and serializing project graph' 0.11583400052040815ms
[NX Daemon Server] - 2025-01-13T21:05:33.252Z - Done responding to the client project-graph
[NX Daemon Server] - 2025-01-13T21:05:33.252Z - Handled REQUEST_PROJECT_GRAPH. Handling time: 0. Response time: 1.
[NX Daemon Server] - 2025-01-13T21:05:33.254Z - [REQUEST]: Client Request for Project Graph Received
[NX Daemon Server] - 2025-01-13T21:05:33.254Z - [REQUEST]: Responding to the client. project-graph
[NX Daemon Server] - 2025-01-13T21:05:33.254Z - Time taken for 'total for creating and serializing project graph' 0.09795899968594313ms
[NX Daemon Server] - 2025-01-13T21:05:33.255Z - Done responding to the client project-graph
[NX Daemon Server] - 2025-01-13T21:05:33.255Z - Handled REQUEST_PROJECT_GRAPH. Handling time: 0. Response time: 1.
[NX Daemon Server] - 2025-01-13T21:05:33.256Z - Established a connection. Number of open connections: 2
[NX Daemon Server] - 2025-01-13T21:05:45.566Z - [WATCHER]: Processing file changes in outputs
[NX Daemon Server] - 2025-01-13T21:05:45.569Z - [WATCHER]: libs/utils/src/components/slugify.ts was modified
[NX Daemon Server] - 2025-01-13T21:05:45.570Z - [REQUEST]: Responding to the client. File watch changed
[NX Daemon Server] - 2025-01-13T21:05:45.570Z - Done responding to the client File watch changed
[NX Daemon Server] - 2025-01-13T21:05:45.570Z - Handled FILE-WATCH-CHANGED. Handling time: 0. Response time: 0.
[NX Daemon Server] - 2025-01-13T21:05:45.570Z - Time taken for 'changed-projects' 0.07087500020861626ms
[NX Daemon Server] - 2025-01-13T21:05:45.670Z - [REQUEST]: Updated workspace context based on watched changes, recomputing project graph...
[NX Daemon Server] - 2025-01-13T21:05:45.670Z - [REQUEST]: libs/utils/src/components/slugify.ts
[NX Daemon Server] - 2025-01-13T21:05:45.670Z - [REQUEST]: 
[NX Daemon Server] - 2025-01-13T21:05:45.672Z - Time taken for 'hash changed files from watcher' 0.19454200007021427ms
[NX Daemon Server] - 2025-01-13T21:05:45.681Z - Time taken for 'build-project-configs' 7.512249999679625ms
[NX Daemon Server] - 2025-01-13T21:05:45.692Z - [SYNC]: collect registered sync generators
[NX Daemon Server] - 2025-01-13T21:05:45.693Z - [SYNC]: project graph hash is the same, not collecting task sync generators
[NX Daemon Server] - 2025-01-13T21:05:45.693Z - [SYNC]: nx.json hash is the same, not collecting global sync generators
[NX Daemon Server] - 2025-01-13T21:05:45.693Z - Time taken for 'total execution time for createProjectGraph()' 9.776999999769032ms
[NX Daemon Server] - 2025-01-13T21:05:45.754Z - [WATCHER]: 0 file(s) created or restored, 0 file(s) modified, 10 file(s) deleted
[NX Daemon Server] - 2025-01-13T21:05:45.755Z - [REQUEST]: Responding to the client. File watch changed
[NX Daemon Server] - 2025-01-13T21:05:45.755Z - Done responding to the client File watch changed
[NX Daemon Server] - 2025-01-13T21:05:45.755Z - Handled FILE-WATCH-CHANGED. Handling time: 0. Response time: 0.
[NX Daemon Server] - 2025-01-13T21:05:45.755Z - [WATCHER]: Processing file changes in outputs
[NX Daemon Server] - 2025-01-13T21:05:45.755Z - Time taken for 'changed-projects' 0.03533400036394596ms
[NX Daemon Server] - 2025-01-13T21:05:45.955Z - [REQUEST]: Updated workspace context based on watched changes, recomputing project graph...
[NX Daemon Server] - 2025-01-13T21:05:45.955Z - [REQUEST]: 
[NX Daemon Server] - 2025-01-13T21:05:45.955Z - [REQUEST]: libs/utils/coverage/index.html,libs/utils/coverage/block-navigation.js,libs/utils/coverage/base.css,libs/utils/coverage/favicon.png,libs/utils/coverage/slugify.ts.html,libs/utils/coverage/sorter.js,libs/utils/coverage/coverage-final.json,libs/utils/coverage/prettify.css,libs/utils/coverage/sort-arrow-sprite.png,libs/utils/coverage/prettify.js
[NX Daemon Server] - 2025-01-13T21:05:45.956Z - Time taken for 'hash changed files from watcher' 0.07562499959021807ms
[NX Daemon Server] - 2025-01-13T21:05:45.960Z - Time taken for 'build-project-configs' 3.4824580000713468ms
[NX Daemon Server] - 2025-01-13T21:05:45.966Z - [SYNC]: collect registered sync generators
[NX Daemon Server] - 2025-01-13T21:05:45.966Z - [SYNC]: project graph hash is the same, not collecting task sync generators
[NX Daemon Server] - 2025-01-13T21:05:45.966Z - [SYNC]: nx.json hash is the same, not collecting global sync generators
[NX Daemon Server] - 2025-01-13T21:05:45.966Z - Time taken for 'total execution time for createProjectGraph()' 4.5676249992102385ms
[NX Daemon Server] - 2025-01-13T21:05:46.192Z - [WATCHER]: 10 file(s) created or restored, 0 file(s) modified, 1 file(s) deleted
[NX Daemon Server] - 2025-01-13T21:05:46.192Z - [REQUEST]: Responding to the client. File watch changed
[NX Daemon Server] - 2025-01-13T21:05:46.192Z - Done responding to the client File watch changed
[NX Daemon Server] - 2025-01-13T21:05:46.192Z - Handled FILE-WATCH-CHANGED. Handling time: 0. Response time: 0.
[NX Daemon Server] - 2025-01-13T21:05:46.192Z - [WATCHER]: Processing file changes in outputs
[NX Daemon Server] - 2025-01-13T21:05:46.193Z - Time taken for 'changed-projects' 0.05350000038743019ms
[NX Daemon Server] - 2025-01-13T21:05:46.294Z - [REQUEST]: Updated workspace context based on watched changes, recomputing project graph...
[NX Daemon Server] - 2025-01-13T21:05:46.295Z - [REQUEST]: libs/utils/coverage/index.html,libs/utils/coverage/coverage-final.json,libs/utils/coverage/slugify.ts.html,libs/utils/coverage/prettify.css,libs/utils/coverage/sorter.js,libs/utils/coverage/favicon.png,libs/utils/coverage/base.css,libs/utils/coverage/block-navigation.js,libs/utils/coverage/sort-arrow-sprite.png,libs/utils/coverage/prettify.js
[NX Daemon Server] - 2025-01-13T21:05:46.295Z - [REQUEST]: libs/utils/coverage/.tmp/coverage-20.json
[NX Daemon Server] - 2025-01-13T21:05:46.298Z - Time taken for 'hash changed files from watcher' 0.8353329999372363ms
[NX Daemon Server] - 2025-01-13T21:05:46.306Z - Time taken for 'build-project-configs' 9.353208999149501ms
[NX Daemon Server] - 2025-01-13T21:05:46.314Z - [SYNC]: collect registered sync generators
[NX Daemon Server] - 2025-01-13T21:05:46.314Z - [SYNC]: project graph hash is the same, not collecting task sync generators
[NX Daemon Server] - 2025-01-13T21:05:46.314Z - [SYNC]: nx.json hash is the same, not collecting global sync generators
[NX Daemon Server] - 2025-01-13T21:05:46.314Z - [REQUEST]: Responding to the client. File watch changed
[NX Daemon Server] - 2025-01-13T21:05:46.314Z - Done responding to the client File watch changed
[NX Daemon Server] - 2025-01-13T21:05:46.314Z - Handled FILE-WATCH-CHANGED. Handling time: 0. Response time: 0.
[NX Daemon Server] - 2025-01-13T21:05:46.314Z - Time taken for 'total execution time for createProjectGraph()' 6.415749999694526ms
[NX Daemon Server] - 2025-01-13T21:05:47.321Z - Established a connection. Number of open connections: 3
[NX Daemon Server] - 2025-01-13T21:05:47.322Z - [REQUEST]: Client Request for Project Graph Received
[NX Daemon Server] - 2025-01-13T21:05:47.322Z - [REQUEST]: Responding to the client. project-graph
[NX Daemon Server] - 2025-01-13T21:05:47.323Z - Time taken for 'total for creating and serializing project graph' 0.26174999959766865ms
[NX Daemon Server] - 2025-01-13T21:05:47.323Z - Closed a connection. Number of open connections: 2
[NX Daemon Server] - 2025-01-13T21:05:47.326Z - Done responding to the client project-graph
[NX Daemon Server] - 2025-01-13T21:05:47.327Z - Handled REQUEST_PROJECT_GRAPH. Handling time: 0. Response time: 5.
[NX Daemon Server] - 2025-01-13T21:05:47.330Z - [REQUEST]: Responding to the client. handleContextFileData
[NX Daemon Server] - 2025-01-13T21:05:47.330Z - Done responding to the client handleContextFileData
[NX Daemon Server] - 2025-01-13T21:05:47.330Z - Handled GET_CONTEXT_FILE_DATA. Handling time: 1. Response time: 0.
[NX Daemon Server] - 2025-01-13T21:05:47.331Z - Closed a connection. Number of open connections: 1
[NX Daemon Server] - 2025-01-13T21:05:47.339Z - Closed a connection. Number of open connections: 0
[NX Daemon Server] - 2025-01-13T21:05:47.340Z - Established a connection. Number of open connections: 1
[NX Daemon Server] - 2025-01-13T21:05:47.340Z - Established a connection. Number of open connections: 2
[NX Daemon Server] - 2025-01-13T21:05:47.341Z - Closed a connection. Number of open connections: 1
[NX Daemon Server] - 2025-01-13T21:05:47.341Z - [REQUEST]: Client Request for Project Graph Received
[NX Daemon Server] - 2025-01-13T21:05:47.341Z - [REQUEST]: Responding to the client. project-graph
[NX Daemon Server] - 2025-01-13T21:05:47.341Z - Time taken for 'total for creating and serializing project graph' 0.11629199981689453ms
[NX Daemon Server] - 2025-01-13T21:05:47.342Z - Done responding to the client project-graph
[NX Daemon Server] - 2025-01-13T21:05:47.342Z - Handled REQUEST_PROJECT_GRAPH. Handling time: 0. Response time: 1.
[NX Daemon Server] - 2025-01-13T21:05:47.345Z - [REQUEST]: Client Request for Project Graph Received
[NX Daemon Server] - 2025-01-13T21:05:47.345Z - [REQUEST]: Responding to the client. project-graph
[NX Daemon Server] - 2025-01-13T21:05:47.345Z - Time taken for 'total for creating and serializing project graph' 0.09191600047051907ms
[NX Daemon Server] - 2025-01-13T21:05:47.346Z - Done responding to the client project-graph
[NX Daemon Server] - 2025-01-13T21:05:47.346Z - Handled REQUEST_PROJECT_GRAPH. Handling time: 0. Response time: 1.
[NX Daemon Server] - 2025-01-13T21:05:47.347Z - Established a connection. Number of open connections: 2
[NX Daemon Server] - 2025-01-13T21:05:56.380Z - [WATCHER]: libs/utils/src/components/slugify.ts was modified
[NX Daemon Server] - 2025-01-13T21:05:56.381Z - [REQUEST]: Responding to the client. File watch changed
[NX Daemon Server] - 2025-01-13T21:05:56.381Z - Done responding to the client File watch changed
[NX Daemon Server] - 2025-01-13T21:05:56.381Z - Handled FILE-WATCH-CHANGED. Handling time: 0. Response time: 0.
[NX Daemon Server] - 2025-01-13T21:05:56.381Z - [WATCHER]: Processing file changes in outputs
[NX Daemon Server] - 2025-01-13T21:05:56.381Z - Time taken for 'changed-projects' 0.10541700012981892ms
[NX Daemon Server] - 2025-01-13T21:05:56.481Z - [REQUEST]: Updated workspace context based on watched changes, recomputing project graph...
[NX Daemon Server] - 2025-01-13T21:05:56.481Z - [REQUEST]: libs/utils/src/components/slugify.ts
[NX Daemon Server] - 2025-01-13T21:05:56.481Z - [REQUEST]: 
[NX Daemon Server] - 2025-01-13T21:05:56.482Z - Time taken for 'hash changed files from watcher' 0.13533399999141693ms
[NX Daemon Server] - 2025-01-13T21:05:56.488Z - Time taken for 'build-project-configs' 5.683791999705136ms
[NX Daemon Server] - 2025-01-13T21:05:56.497Z - [SYNC]: collect registered sync generators
[NX Daemon Server] - 2025-01-13T21:05:56.497Z - [SYNC]: project graph hash is the same, not collecting task sync generators
[NX Daemon Server] - 2025-01-13T21:05:56.497Z - [SYNC]: nx.json hash is the same, not collecting global sync generators
[NX Daemon Server] - 2025-01-13T21:05:56.497Z - Time taken for 'total execution time for createProjectGraph()' 6.928999999538064ms
[NX Daemon Server] - 2025-01-13T21:05:56.595Z - [WATCHER]: 0 file(s) created or restored, 0 file(s) modified, 10 file(s) deleted
[NX Daemon Server] - 2025-01-13T21:05:56.595Z - [REQUEST]: Responding to the client. File watch changed
[NX Daemon Server] - 2025-01-13T21:05:56.595Z - Done responding to the client File watch changed
[NX Daemon Server] - 2025-01-13T21:05:56.595Z - Handled FILE-WATCH-CHANGED. Handling time: 0. Response time: 0.
[NX Daemon Server] - 2025-01-13T21:05:56.595Z - [WATCHER]: Processing file changes in outputs
[NX Daemon Server] - 2025-01-13T21:05:56.595Z - Time taken for 'changed-projects' 0.023041999898850918ms
[NX Daemon Server] - 2025-01-13T21:05:56.795Z - [REQUEST]: Updated workspace context based on watched changes, recomputing project graph...
[NX Daemon Server] - 2025-01-13T21:05:56.795Z - [REQUEST]: 
[NX Daemon Server] - 2025-01-13T21:05:56.795Z - [REQUEST]: libs/utils/coverage/index.html,libs/utils/coverage/coverage-final.json,libs/utils/coverage/slugify.ts.html,libs/utils/coverage/prettify.css,libs/utils/coverage/base.css,libs/utils/coverage/block-navigation.js,libs/utils/coverage/sort-arrow-sprite.png,libs/utils/coverage/favicon.png,libs/utils/coverage/prettify.js,libs/utils/coverage/sorter.js
[NX Daemon Server] - 2025-01-13T21:05:56.795Z - Time taken for 'hash changed files from watcher' 0.08037499990314245ms
[NX Daemon Server] - 2025-01-13T21:05:56.800Z - Time taken for 'build-project-configs' 3.675832999870181ms
[NX Daemon Server] - 2025-01-13T21:05:56.806Z - [SYNC]: collect registered sync generators
[NX Daemon Server] - 2025-01-13T21:05:56.806Z - [SYNC]: project graph hash is the same, not collecting task sync generators
[NX Daemon Server] - 2025-01-13T21:05:56.806Z - [SYNC]: nx.json hash is the same, not collecting global sync generators
[NX Daemon Server] - 2025-01-13T21:05:56.806Z - Time taken for 'total execution time for createProjectGraph()' 4.889958000741899ms
[NX Daemon Server] - 2025-01-13T21:05:56.950Z - [WATCHER]: Processing file changes in outputs
[NX Daemon Server] - 2025-01-13T21:05:56.953Z - [WATCHER]: 10 file(s) created or restored, 0 file(s) modified, 1 file(s) deleted
[NX Daemon Server] - 2025-01-13T21:05:56.953Z - [REQUEST]: Responding to the client. File watch changed
[NX Daemon Server] - 2025-01-13T21:05:56.953Z - Done responding to the client File watch changed
[NX Daemon Server] - 2025-01-13T21:05:56.953Z - Handled FILE-WATCH-CHANGED. Handling time: 0. Response time: 0.
[NX Daemon Server] - 2025-01-13T21:05:56.953Z - Time taken for 'changed-projects' 0.035415999591350555ms
[NX Daemon Server] - 2025-01-13T21:05:57.054Z - [REQUEST]: Updated workspace context based on watched changes, recomputing project graph...
[NX Daemon Server] - 2025-01-13T21:05:57.054Z - [REQUEST]: libs/utils/coverage/slugify.ts.html,libs/utils/coverage/prettify.js,libs/utils/coverage/sorter.js,libs/utils/coverage/block-navigation.js,libs/utils/coverage/base.css,libs/utils/coverage/favicon.png,libs/utils/coverage/index.html,libs/utils/coverage/prettify.css,libs/utils/coverage/sort-arrow-sprite.png,libs/utils/coverage/coverage-final.json
[NX Daemon Server] - 2025-01-13T21:05:57.054Z - [REQUEST]: libs/utils/coverage/.tmp/coverage-21.json
[NX Daemon Server] - 2025-01-13T21:05:57.055Z - Time taken for 'hash changed files from watcher' 0.3800419997423887ms
[NX Daemon Server] - 2025-01-13T21:05:57.060Z - Time taken for 'build-project-configs' 3.7994579998776317ms
[NX Daemon Server] - 2025-01-13T21:05:57.069Z - [SYNC]: collect registered sync generators
[NX Daemon Server] - 2025-01-13T21:05:57.069Z - [SYNC]: project graph hash is the same, not collecting task sync generators
[NX Daemon Server] - 2025-01-13T21:05:57.069Z - [SYNC]: nx.json hash is the same, not collecting global sync generators
[NX Daemon Server] - 2025-01-13T21:05:57.069Z - [REQUEST]: Responding to the client. File watch changed
[NX Daemon Server] - 2025-01-13T21:05:57.069Z - Done responding to the client File watch changed
[NX Daemon Server] - 2025-01-13T21:05:57.069Z - Handled FILE-WATCH-CHANGED. Handling time: 0. Response time: 0.
[NX Daemon Server] - 2025-01-13T21:05:57.069Z - Time taken for 'total execution time for createProjectGraph()' 6.949667000211775ms
[NX Daemon Server] - 2025-01-13T21:05:57.375Z - [WATCHER]: libs/utils/src/components/slugify.ts was modified
[NX Daemon Server] - 2025-01-13T21:05:57.375Z - [REQUEST]: Responding to the client. File watch changed
[NX Daemon Server] - 2025-01-13T21:05:57.375Z - Done responding to the client File watch changed
[NX Daemon Server] - 2025-01-13T21:05:57.375Z - Handled FILE-WATCH-CHANGED. Handling time: 0. Response time: 0.
[NX Daemon Server] - 2025-01-13T21:05:57.375Z - [WATCHER]: Processing file changes in outputs
[NX Daemon Server] - 2025-01-13T21:05:57.375Z - Time taken for 'changed-projects' 0.03941699955612421ms
[NX Daemon Server] - 2025-01-13T21:05:57.575Z - [REQUEST]: Updated workspace context based on watched changes, recomputing project graph...
[NX Daemon Server] - 2025-01-13T21:05:57.575Z - [REQUEST]: libs/utils/src/components/slugify.ts
[NX Daemon Server] - 2025-01-13T21:05:57.575Z - [REQUEST]: 
[NX Daemon Server] - 2025-01-13T21:05:57.576Z - Time taken for 'hash changed files from watcher' 0.11695800069719553ms
[NX Daemon Server] - 2025-01-13T21:05:57.583Z - Time taken for 'build-project-configs' 6.14408400002867ms
[NX Daemon Server] - 2025-01-13T21:05:57.590Z - [WATCHER]: Processing file changes in outputs
[NX Daemon Server] - 2025-01-13T21:05:57.590Z - [WATCHER]: 0 file(s) created or restored, 0 file(s) modified, 10 file(s) deleted
[NX Daemon Server] - 2025-01-13T21:05:57.590Z - [REQUEST]: Responding to the client. File watch changed
[NX Daemon Server] - 2025-01-13T21:05:57.590Z - Done responding to the client File watch changed
[NX Daemon Server] - 2025-01-13T21:05:57.591Z - Handled FILE-WATCH-CHANGED. Handling time: 0. Response time: 1.
[NX Daemon Server] - 2025-01-13T21:05:57.591Z - Time taken for 'changed-projects' 0.029083000496029854ms
[NX Daemon Server] - 2025-01-13T21:05:57.596Z - [SYNC]: collect registered sync generators
[NX Daemon Server] - 2025-01-13T21:05:57.596Z - [SYNC]: project graph hash is the same, not collecting task sync generators
[NX Daemon Server] - 2025-01-13T21:05:57.596Z - [SYNC]: nx.json hash is the same, not collecting global sync generators
[NX Daemon Server] - 2025-01-13T21:05:57.596Z - Time taken for 'total execution time for createProjectGraph()' 10.839167000725865ms
[NX Daemon Server] - 2025-01-13T21:05:57.911Z - [WATCHER]: libs/utils/coverage/.tmp/coverage-22.json was deleted
[NX Daemon Server] - 2025-01-13T21:05:57.912Z - [REQUEST]: Responding to the client. File watch changed
[NX Daemon Server] - 2025-01-13T21:05:57.912Z - Done responding to the client File watch changed
[NX Daemon Server] - 2025-01-13T21:05:57.912Z - Handled FILE-WATCH-CHANGED. Handling time: 1. Response time: 0.
[NX Daemon Server] - 2025-01-13T21:05:57.912Z - [WATCHER]: Processing file changes in outputs
[NX Daemon Server] - 2025-01-13T21:05:57.912Z - Time taken for 'changed-projects' 0.12624999973922968ms
[NX Daemon Server] - 2025-01-13T21:05:57.991Z - [REQUEST]: Updated workspace context based on watched changes, recomputing project graph...
[NX Daemon Server] - 2025-01-13T21:05:57.992Z - [REQUEST]: 
[NX Daemon Server] - 2025-01-13T21:05:57.992Z - [REQUEST]: libs/utils/coverage/block-navigation.js,libs/utils/coverage/prettify.css,libs/utils/coverage/sorter.js,libs/utils/coverage/index.html,libs/utils/coverage/base.css,libs/utils/coverage/sort-arrow-sprite.png,libs/utils/coverage/coverage-final.json,libs/utils/coverage/favicon.png,libs/utils/coverage/prettify.js,libs/utils/coverage/slugify.ts.html,libs/utils/coverage/.tmp/coverage-22.json
[NX Daemon Server] - 2025-01-13T21:05:57.993Z - Time taken for 'hash changed files from watcher' 0.09775000065565109ms
[NX Daemon Server] - 2025-01-13T21:05:57.997Z - Time taken for 'build-project-configs' 3.775957999750972ms
[NX Daemon Server] - 2025-01-13T21:05:58.003Z - [SYNC]: collect registered sync generators
[NX Daemon Server] - 2025-01-13T21:05:58.003Z - [SYNC]: project graph hash is the same, not collecting task sync generators
[NX Daemon Server] - 2025-01-13T21:05:58.003Z - [SYNC]: nx.json hash is the same, not collecting global sync generators
[NX Daemon Server] - 2025-01-13T21:05:58.003Z - Time taken for 'total execution time for createProjectGraph()' 4.813333000056446ms
[NX Daemon Server] - 2025-01-13T21:05:58.914Z - Established a connection. Number of open connections: 3
[NX Daemon Server] - 2025-01-13T21:05:58.915Z - [REQUEST]: Client Request for Project Graph Received
[NX Daemon Server] - 2025-01-13T21:05:58.915Z - [REQUEST]: Responding to the client. project-graph
[NX Daemon Server] - 2025-01-13T21:05:58.915Z - Time taken for 'total for creating and serializing project graph' 0.13404200039803982ms
[NX Daemon Server] - 2025-01-13T21:05:58.915Z - Closed a connection. Number of open connections: 2
[NX Daemon Server] - 2025-01-13T21:05:58.917Z - Done responding to the client project-graph
[NX Daemon Server] - 2025-01-13T21:05:58.917Z - Handled REQUEST_PROJECT_GRAPH. Handling time: 0. Response time: 2.
[NX Daemon Server] - 2025-01-13T21:05:58.919Z - [REQUEST]: Responding to the client. handleContextFileData
[NX Daemon Server] - 2025-01-13T21:05:58.919Z - Done responding to the client handleContextFileData
[NX Daemon Server] - 2025-01-13T21:05:58.919Z - Handled GET_CONTEXT_FILE_DATA. Handling time: 0. Response time: 0.
[NX Daemon Server] - 2025-01-13T21:05:58.920Z - Closed a connection. Number of open connections: 1
[NX Daemon Server] - 2025-01-13T21:05:58.924Z - Closed a connection. Number of open connections: 0
[NX Daemon Server] - 2025-01-13T21:05:58.925Z - Established a connection. Number of open connections: 1
[NX Daemon Server] - 2025-01-13T21:05:58.925Z - Established a connection. Number of open connections: 2
[NX Daemon Server] - 2025-01-13T21:05:58.926Z - Closed a connection. Number of open connections: 1
[NX Daemon Server] - 2025-01-13T21:05:58.926Z - [REQUEST]: Client Request for Project Graph Received
[NX Daemon Server] - 2025-01-13T21:05:58.926Z - [REQUEST]: Responding to the client. project-graph
[NX Daemon Server] - 2025-01-13T21:05:58.926Z - Time taken for 'total for creating and serializing project graph' 0.08804199937731028ms
[NX Daemon Server] - 2025-01-13T21:05:58.926Z - Done responding to the client project-graph
[NX Daemon Server] - 2025-01-13T21:05:58.926Z - Handled REQUEST_PROJECT_GRAPH. Handling time: 0. Response time: 0.
[NX Daemon Server] - 2025-01-13T21:05:58.928Z - [REQUEST]: Client Request for Project Graph Received
[NX Daemon Server] - 2025-01-13T21:05:58.928Z - [REQUEST]: Responding to the client. project-graph
[NX Daemon Server] - 2025-01-13T21:05:58.928Z - Time taken for 'total for creating and serializing project graph' 0.07462500035762787ms
[NX Daemon Server] - 2025-01-13T21:05:58.929Z - Done responding to the client project-graph
[NX Daemon Server] - 2025-01-13T21:05:58.929Z - Handled REQUEST_PROJECT_GRAPH. Handling time: 0. Response time: 1.
[NX Daemon Server] - 2025-01-13T21:05:58.930Z - Established a connection. Number of open connections: 2
[NX Daemon Server] - 2025-01-13T21:05:59.400Z - [WATCHER]: libs/utils/src/components/slugify.ts was modified
[NX Daemon Server] - 2025-01-13T21:05:59.401Z - [REQUEST]: Responding to the client. File watch changed
[NX Daemon Server] - 2025-01-13T21:05:59.401Z - Done responding to the client File watch changed
[NX Daemon Server] - 2025-01-13T21:05:59.401Z - Handled FILE-WATCH-CHANGED. Handling time: 0. Response time: 0.
[NX Daemon Server] - 2025-01-13T21:05:59.401Z - [WATCHER]: Processing file changes in outputs
[NX Daemon Server] - 2025-01-13T21:05:59.401Z - Time taken for 'changed-projects' 0.04758299980312586ms
[NX Daemon Server] - 2025-01-13T21:05:59.501Z - [REQUEST]: Updated workspace context based on watched changes, recomputing project graph...
[NX Daemon Server] - 2025-01-13T21:05:59.501Z - [REQUEST]: libs/utils/src/components/slugify.ts
[NX Daemon Server] - 2025-01-13T21:05:59.501Z - [REQUEST]: 
[NX Daemon Server] - 2025-01-13T21:05:59.502Z - Time taken for 'hash changed files from watcher' 0.15004099998623133ms
[NX Daemon Server] - 2025-01-13T21:05:59.509Z - Time taken for 'build-project-configs' 5.946665999479592ms
[NX Daemon Server] - 2025-01-13T21:05:59.518Z - [SYNC]: collect registered sync generators
[NX Daemon Server] - 2025-01-13T21:05:59.518Z - [SYNC]: project graph hash is the same, not collecting task sync generators
[NX Daemon Server] - 2025-01-13T21:05:59.518Z - [SYNC]: nx.json hash is the same, not collecting global sync generators
[NX Daemon Server] - 2025-01-13T21:05:59.518Z - Time taken for 'total execution time for createProjectGraph()' 6.667499999515712ms
[NX Daemon Server] - 2025-01-13T21:05:59.925Z - [WATCHER]: Processing file changes in outputs
[NX Daemon Server] - 2025-01-13T21:05:59.942Z - [WATCHER]: 10 file(s) created or restored, 0 file(s) modified, 1 file(s) deleted
[NX Daemon Server] - 2025-01-13T21:05:59.942Z - [REQUEST]: Responding to the client. File watch changed
[NX Daemon Server] - 2025-01-13T21:05:59.942Z - Done responding to the client File watch changed
[NX Daemon Server] - 2025-01-13T21:05:59.942Z - Handled FILE-WATCH-CHANGED. Handling time: 0. Response time: 0.
[NX Daemon Server] - 2025-01-13T21:05:59.942Z - Time taken for 'changed-projects' 0.03716599941253662ms
[NX Daemon Server] - 2025-01-13T21:06:00.043Z - [REQUEST]: Updated workspace context based on watched changes, recomputing project graph...
[NX Daemon Server] - 2025-01-13T21:06:00.043Z - [REQUEST]: libs/utils/coverage/base.css,libs/utils/coverage/sorter.js,libs/utils/coverage/sort-arrow-sprite.png,libs/utils/coverage/coverage-final.json,libs/utils/coverage/favicon.png,libs/utils/coverage/slugify.ts.html,libs/utils/coverage/prettify.js,libs/utils/coverage/prettify.css,libs/utils/coverage/index.html,libs/utils/coverage/block-navigation.js
[NX Daemon Server] - 2025-01-13T21:06:00.043Z - [REQUEST]: libs/utils/coverage/.tmp/coverage-23.json
[NX Daemon Server] - 2025-01-13T21:06:00.044Z - Time taken for 'hash changed files from watcher' 0.5467499997466803ms
[NX Daemon Server] - 2025-01-13T21:06:00.049Z - Time taken for 'build-project-configs' 4.485999999567866ms
[NX Daemon Server] - 2025-01-13T21:06:00.057Z - [SYNC]: collect registered sync generators
[NX Daemon Server] - 2025-01-13T21:06:00.057Z - [SYNC]: project graph hash is the same, not collecting task sync generators
[NX Daemon Server] - 2025-01-13T21:06:00.057Z - [SYNC]: nx.json hash is the same, not collecting global sync generators
[NX Daemon Server] - 2025-01-13T21:06:00.057Z - [REQUEST]: Responding to the client. File watch changed
[NX Daemon Server] - 2025-01-13T21:06:00.057Z - Done responding to the client File watch changed
[NX Daemon Server] - 2025-01-13T21:06:00.057Z - Handled FILE-WATCH-CHANGED. Handling time: 0. Response time: 0.
[NX Daemon Server] - 2025-01-13T21:06:00.057Z - Time taken for 'total execution time for createProjectGraph()' 7.1189580000936985ms
[NX Daemon Server] - 2025-01-13T21:06:01.063Z - Established a connection. Number of open connections: 3
[NX Daemon Server] - 2025-01-13T21:06:01.065Z - [REQUEST]: Client Request for Project Graph Received
[NX Daemon Server] - 2025-01-13T21:06:01.065Z - [REQUEST]: Responding to the client. project-graph
[NX Daemon Server] - 2025-01-13T21:06:01.066Z - Time taken for 'total for creating and serializing project graph' 0.3802920002490282ms
[NX Daemon Server] - 2025-01-13T21:06:01.066Z - Closed a connection. Number of open connections: 2
[NX Daemon Server] - 2025-01-13T21:06:01.068Z - Done responding to the client project-graph
[NX Daemon Server] - 2025-01-13T21:06:01.068Z - Handled REQUEST_PROJECT_GRAPH. Handling time: 1. Response time: 3.
[NX Daemon Server] - 2025-01-13T21:06:01.072Z - [REQUEST]: Responding to the client. handleContextFileData
[NX Daemon Server] - 2025-01-13T21:06:01.072Z - Done responding to the client handleContextFileData
[NX Daemon Server] - 2025-01-13T21:06:01.072Z - Handled GET_CONTEXT_FILE_DATA. Handling time: 0. Response time: 0.
[NX Daemon Server] - 2025-01-13T21:06:01.073Z - Closed a connection. Number of open connections: 1
[NX Daemon Server] - 2025-01-13T21:06:01.079Z - Closed a connection. Number of open connections: 0
[NX Daemon Server] - 2025-01-13T21:06:01.082Z - Established a connection. Number of open connections: 1
[NX Daemon Server] - 2025-01-13T21:06:01.083Z - Closed a connection. Number of open connections: 0
[NX Daemon Server] - 2025-01-13T21:06:01.083Z - Established a connection. Number of open connections: 1
[NX Daemon Server] - 2025-01-13T21:06:01.084Z - [REQUEST]: Client Request for Project Graph Received
[NX Daemon Server] - 2025-01-13T21:06:01.084Z - [REQUEST]: Responding to the client. project-graph
[NX Daemon Server] - 2025-01-13T21:06:01.084Z - Time taken for 'total for creating and serializing project graph' 0.11604200024157763ms
[NX Daemon Server] - 2025-01-13T21:06:01.087Z - Done responding to the client project-graph
[NX Daemon Server] - 2025-01-13T21:06:01.087Z - Handled REQUEST_PROJECT_GRAPH. Handling time: 0. Response time: 3.
[NX Daemon Server] - 2025-01-13T21:06:01.089Z - [REQUEST]: Client Request for Project Graph Received
[NX Daemon Server] - 2025-01-13T21:06:01.089Z - [REQUEST]: Responding to the client. project-graph
[NX Daemon Server] - 2025-01-13T21:06:01.089Z - Time taken for 'total for creating and serializing project graph' 0.14712500013411045ms
[NX Daemon Server] - 2025-01-13T21:06:01.090Z - Done responding to the client project-graph
[NX Daemon Server] - 2025-01-13T21:06:01.090Z - Handled REQUEST_PROJECT_GRAPH. Handling time: 0. Response time: 1.
[NX Daemon Server] - 2025-01-13T21:06:01.092Z - Established a connection. Number of open connections: 2
[NX Daemon Server] - 2025-01-13T21:06:02.822Z - [WATCHER]: libs/utils/src/components/slugify.ts was modified
[NX Daemon Server] - 2025-01-13T21:06:02.822Z - [REQUEST]: Responding to the client. File watch changed
[NX Daemon Server] - 2025-01-13T21:06:02.822Z - Done responding to the client File watch changed
[NX Daemon Server] - 2025-01-13T21:06:02.822Z - Handled FILE-WATCH-CHANGED. Handling time: 0. Response time: 0.
[NX Daemon Server] - 2025-01-13T21:06:02.822Z - [WATCHER]: Processing file changes in outputs
[NX Daemon Server] - 2025-01-13T21:06:02.822Z - Time taken for 'changed-projects' 0.03500000014901161ms
[NX Daemon Server] - 2025-01-13T21:06:02.923Z - [REQUEST]: Updated workspace context based on watched changes, recomputing project graph...
[NX Daemon Server] - 2025-01-13T21:06:02.923Z - [REQUEST]: libs/utils/src/components/slugify.ts
[NX Daemon Server] - 2025-01-13T21:06:02.923Z - [REQUEST]: 
[NX Daemon Server] - 2025-01-13T21:06:02.925Z - Time taken for 'hash changed files from watcher' 0.2166249994188547ms
[NX Daemon Server] - 2025-01-13T21:06:02.932Z - Time taken for 'build-project-configs' 6.881165999919176ms
[NX Daemon Server] - 2025-01-13T21:06:02.942Z - [SYNC]: collect registered sync generators
[NX Daemon Server] - 2025-01-13T21:06:02.942Z - [SYNC]: project graph hash is the same, not collecting task sync generators
[NX Daemon Server] - 2025-01-13T21:06:02.942Z - [SYNC]: nx.json hash is the same, not collecting global sync generators
[NX Daemon Server] - 2025-01-13T21:06:02.942Z - Time taken for 'total execution time for createProjectGraph()' 7.974707999266684ms
[NX Daemon Server] - 2025-01-13T21:06:03.039Z - [WATCHER]: 0 file(s) created or restored, 0 file(s) modified, 10 file(s) deleted
[NX Daemon Server] - 2025-01-13T21:06:03.039Z - [REQUEST]: Responding to the client. File watch changed
[NX Daemon Server] - 2025-01-13T21:06:03.039Z - Done responding to the client File watch changed
[NX Daemon Server] - 2025-01-13T21:06:03.039Z - Handled FILE-WATCH-CHANGED. Handling time: 0. Response time: 0.
[NX Daemon Server] - 2025-01-13T21:06:03.039Z - [WATCHER]: Processing file changes in outputs
[NX Daemon Server] - 2025-01-13T21:06:03.040Z - Time taken for 'changed-projects' 0.03379200026392937ms
[NX Daemon Server] - 2025-01-13T21:06:03.240Z - [REQUEST]: Updated workspace context based on watched changes, recomputing project graph...
[NX Daemon Server] - 2025-01-13T21:06:03.240Z - [REQUEST]: 
[NX Daemon Server] - 2025-01-13T21:06:03.240Z - [REQUEST]: libs/utils/coverage/base.css,libs/utils/coverage/prettify.css,libs/utils/coverage/block-navigation.js,libs/utils/coverage/prettify.js,libs/utils/coverage/sort-arrow-sprite.png,libs/utils/coverage/index.html,libs/utils/coverage/favicon.png,libs/utils/coverage/slugify.ts.html,libs/utils/coverage/coverage-final.json,libs/utils/coverage/sorter.js
[NX Daemon Server] - 2025-01-13T21:06:03.241Z - Time taken for 'hash changed files from watcher' 0.07437499985098839ms
[NX Daemon Server] - 2025-01-13T21:06:03.245Z - Time taken for 'build-project-configs' 3.6264589997008443ms
[NX Daemon Server] - 2025-01-13T21:06:03.251Z - [SYNC]: collect registered sync generators
[NX Daemon Server] - 2025-01-13T21:06:03.251Z - [SYNC]: project graph hash is the same, not collecting task sync generators
[NX Daemon Server] - 2025-01-13T21:06:03.251Z - [SYNC]: nx.json hash is the same, not collecting global sync generators
[NX Daemon Server] - 2025-01-13T21:06:03.251Z - Time taken for 'total execution time for createProjectGraph()' 4.346207999624312ms
[NX Daemon Server] - 2025-01-13T21:06:03.361Z - [WATCHER]: 10 file(s) created or restored, 0 file(s) modified, 1 file(s) deleted
[NX Daemon Server] - 2025-01-13T21:06:03.361Z - [REQUEST]: Responding to the client. File watch changed
[NX Daemon Server] - 2025-01-13T21:06:03.361Z - Done responding to the client File watch changed
[NX Daemon Server] - 2025-01-13T21:06:03.361Z - Handled FILE-WATCH-CHANGED. Handling time: 0. Response time: 0.
[NX Daemon Server] - 2025-01-13T21:06:03.361Z - [WATCHER]: Processing file changes in outputs
[NX Daemon Server] - 2025-01-13T21:06:03.361Z - Time taken for 'changed-projects' 0.024792000651359558ms
[NX Daemon Server] - 2025-01-13T21:06:03.462Z - [REQUEST]: Updated workspace context based on watched changes, recomputing project graph...
[NX Daemon Server] - 2025-01-13T21:06:03.462Z - [REQUEST]: libs/utils/coverage/base.css,libs/utils/coverage/slugify.ts.html,libs/utils/coverage/block-navigation.js,libs/utils/coverage/favicon.png,libs/utils/coverage/prettify.css,libs/utils/coverage/coverage-final.json,libs/utils/coverage/prettify.js,libs/utils/coverage/index.html,libs/utils/coverage/sorter.js,libs/utils/coverage/sort-arrow-sprite.png
[NX Daemon Server] - 2025-01-13T21:06:03.462Z - [REQUEST]: libs/utils/coverage/.tmp/coverage-24.json
[NX Daemon Server] - 2025-01-13T21:06:03.463Z - Time taken for 'hash changed files from watcher' 0.4178750002756715ms
[NX Daemon Server] - 2025-01-13T21:06:03.468Z - Time taken for 'build-project-configs' 4.080792000517249ms
[NX Daemon Server] - 2025-01-13T21:06:03.473Z - [SYNC]: collect registered sync generators
[NX Daemon Server] - 2025-01-13T21:06:03.473Z - [SYNC]: project graph hash is the same, not collecting task sync generators
[NX Daemon Server] - 2025-01-13T21:06:03.473Z - [SYNC]: nx.json hash is the same, not collecting global sync generators
[NX Daemon Server] - 2025-01-13T21:06:03.473Z - [REQUEST]: Responding to the client. File watch changed
[NX Daemon Server] - 2025-01-13T21:06:03.474Z - Done responding to the client File watch changed
[NX Daemon Server] - 2025-01-13T21:06:03.474Z - Handled FILE-WATCH-CHANGED. Handling time: 0. Response time: 1.
[NX Daemon Server] - 2025-01-13T21:06:03.474Z - Time taken for 'total execution time for createProjectGraph()' 4.510832999832928ms
[NX Daemon Server] - 2025-01-13T21:06:04.475Z - Established a connection. Number of open connections: 3
[NX Daemon Server] - 2025-01-13T21:06:04.476Z - [REQUEST]: Client Request for Project Graph Received
[NX Daemon Server] - 2025-01-13T21:06:04.476Z - [REQUEST]: Responding to the client. project-graph
[NX Daemon Server] - 2025-01-13T21:06:04.476Z - Time taken for 'total for creating and serializing project graph' 0.09258299972862005ms
[NX Daemon Server] - 2025-01-13T21:06:04.476Z - Closed a connection. Number of open connections: 2
[NX Daemon Server] - 2025-01-13T21:06:04.476Z - Done responding to the client project-graph
[NX Daemon Server] - 2025-01-13T21:06:04.476Z - Handled REQUEST_PROJECT_GRAPH. Handling time: 0. Response time: 0.
[NX Daemon Server] - 2025-01-13T21:06:04.478Z - [REQUEST]: Responding to the client. handleContextFileData
[NX Daemon Server] - 2025-01-13T21:06:04.478Z - Done responding to the client handleContextFileData
[NX Daemon Server] - 2025-01-13T21:06:04.478Z - Handled GET_CONTEXT_FILE_DATA. Handling time: 0. Response time: 0.
[NX Daemon Server] - 2025-01-13T21:06:04.479Z - Closed a connection. Number of open connections: 1
[NX Daemon Server] - 2025-01-13T21:06:04.481Z - Closed a connection. Number of open connections: 0
[NX Daemon Server] - 2025-01-13T21:06:04.482Z - Established a connection. Number of open connections: 1
[NX Daemon Server] - 2025-01-13T21:06:04.482Z - Established a connection. Number of open connections: 2
[NX Daemon Server] - 2025-01-13T21:06:04.482Z - Closed a connection. Number of open connections: 1
[NX Daemon Server] - 2025-01-13T21:06:04.482Z - [REQUEST]: Client Request for Project Graph Received
[NX Daemon Server] - 2025-01-13T21:06:04.482Z - [REQUEST]: Responding to the client. project-graph
[NX Daemon Server] - 2025-01-13T21:06:04.482Z - Time taken for 'total for creating and serializing project graph' 0.06912500038743019ms
[NX Daemon Server] - 2025-01-13T21:06:04.483Z - Done responding to the client project-graph
[NX Daemon Server] - 2025-01-13T21:06:04.483Z - Handled REQUEST_PROJECT_GRAPH. Handling time: 0. Response time: 1.
[NX Daemon Server] - 2025-01-13T21:06:04.484Z - [REQUEST]: Client Request for Project Graph Received
[NX Daemon Server] - 2025-01-13T21:06:04.484Z - [REQUEST]: Responding to the client. project-graph
[NX Daemon Server] - 2025-01-13T21:06:04.484Z - Time taken for 'total for creating and serializing project graph' 0.08008300047367811ms
[NX Daemon Server] - 2025-01-13T21:06:04.485Z - Done responding to the client project-graph
[NX Daemon Server] - 2025-01-13T21:06:04.485Z - Handled REQUEST_PROJECT_GRAPH. Handling time: 0. Response time: 1.
[NX Daemon Server] - 2025-01-13T21:06:04.486Z - Established a connection. Number of open connections: 2
[NX Daemon Server] - 2025-01-13T21:06:06.339Z - [WATCHER]: libs/utils/src/components/slugify.ts was modified
[NX Daemon Server] - 2025-01-13T21:06:06.339Z - [REQUEST]: Responding to the client. File watch changed
[NX Daemon Server] - 2025-01-13T21:06:06.339Z - Done responding to the client File watch changed
[NX Daemon Server] - 2025-01-13T21:06:06.339Z - Handled FILE-WATCH-CHANGED. Handling time: 0. Response time: 0.
[NX Daemon Server] - 2025-01-13T21:06:06.339Z - [WATCHER]: Processing file changes in outputs
[NX Daemon Server] - 2025-01-13T21:06:06.339Z - Time taken for 'changed-projects' 0.040874999947845936ms
[NX Daemon Server] - 2025-01-13T21:06:06.440Z - [REQUEST]: Updated workspace context based on watched changes, recomputing project graph...
[NX Daemon Server] - 2025-01-13T21:06:06.441Z - [REQUEST]: libs/utils/src/components/slugify.ts
[NX Daemon Server] - 2025-01-13T21:06:06.441Z - [REQUEST]: 
[NX Daemon Server] - 2025-01-13T21:06:06.442Z - Time taken for 'hash changed files from watcher' 0.1432090001180768ms
[NX Daemon Server] - 2025-01-13T21:06:06.448Z - Time taken for 'build-project-configs' 5.8491250006482005ms
[NX Daemon Server] - 2025-01-13T21:06:06.458Z - [SYNC]: collect registered sync generators
[NX Daemon Server] - 2025-01-13T21:06:06.458Z - [SYNC]: project graph hash is the same, not collecting task sync generators
[NX Daemon Server] - 2025-01-13T21:06:06.458Z - [SYNC]: nx.json hash is the same, not collecting global sync generators
[NX Daemon Server] - 2025-01-13T21:06:06.458Z - Time taken for 'total execution time for createProjectGraph()' 8.18074999935925ms
[NX Daemon Server] - 2025-01-13T21:06:06.459Z - [WATCHER]: 0 file(s) created or restored, 0 file(s) modified, 10 file(s) deleted
[NX Daemon Server] - 2025-01-13T21:06:06.459Z - [REQUEST]: Responding to the client. File watch changed
[NX Daemon Server] - 2025-01-13T21:06:06.459Z - Done responding to the client File watch changed
[NX Daemon Server] - 2025-01-13T21:06:06.459Z - Handled FILE-WATCH-CHANGED. Handling time: 0. Response time: 0.
[NX Daemon Server] - 2025-01-13T21:06:06.459Z - [WATCHER]: Processing file changes in outputs
[NX Daemon Server] - 2025-01-13T21:06:06.459Z - Time taken for 'changed-projects' 0.02625000011175871ms
[NX Daemon Server] - 2025-01-13T21:06:06.659Z - [REQUEST]: Updated workspace context based on watched changes, recomputing project graph...
[NX Daemon Server] - 2025-01-13T21:06:06.659Z - [REQUEST]: 
[NX Daemon Server] - 2025-01-13T21:06:06.659Z - [REQUEST]: libs/utils/coverage/base.css,libs/utils/coverage/slugify.ts.html,libs/utils/coverage/index.html,libs/utils/coverage/block-navigation.js,libs/utils/coverage/coverage-final.json,libs/utils/coverage/prettify.js,libs/utils/coverage/favicon.png,libs/utils/coverage/prettify.css,libs/utils/coverage/sort-arrow-sprite.png,libs/utils/coverage/sorter.js
[NX Daemon Server] - 2025-01-13T21:06:06.660Z - Time taken for 'hash changed files from watcher' 0.07575000077486038ms
[NX Daemon Server] - 2025-01-13T21:06:06.664Z - Time taken for 'build-project-configs' 3.4340419992804527ms
[NX Daemon Server] - 2025-01-13T21:06:06.669Z - [SYNC]: collect registered sync generators
[NX Daemon Server] - 2025-01-13T21:06:06.670Z - [SYNC]: project graph hash is the same, not collecting task sync generators
[NX Daemon Server] - 2025-01-13T21:06:06.670Z - [SYNC]: nx.json hash is the same, not collecting global sync generators
[NX Daemon Server] - 2025-01-13T21:06:06.670Z - Time taken for 'total execution time for createProjectGraph()' 4.457249999977648ms
[NX Daemon Server] - 2025-01-13T21:06:06.762Z - [WATCHER]: 10 file(s) created or restored, 0 file(s) modified, 1 file(s) deleted
[NX Daemon Server] - 2025-01-13T21:06:06.762Z - [REQUEST]: Responding to the client. File watch changed
[NX Daemon Server] - 2025-01-13T21:06:06.762Z - Done responding to the client File watch changed
[NX Daemon Server] - 2025-01-13T21:06:06.762Z - Handled FILE-WATCH-CHANGED. Handling time: 0. Response time: 0.
[NX Daemon Server] - 2025-01-13T21:06:06.762Z - [WATCHER]: Processing file changes in outputs
[NX Daemon Server] - 2025-01-13T21:06:06.762Z - Time taken for 'changed-projects' 0.02858399972319603ms
[NX Daemon Server] - 2025-01-13T21:06:06.862Z - [REQUEST]: Updated workspace context based on watched changes, recomputing project graph...
[NX Daemon Server] - 2025-01-13T21:06:06.862Z - [REQUEST]: libs/utils/coverage/prettify.js,libs/utils/coverage/slugify.ts.html,libs/utils/coverage/prettify.css,libs/utils/coverage/sorter.js,libs/utils/coverage/favicon.png,libs/utils/coverage/index.html,libs/utils/coverage/block-navigation.js,libs/utils/coverage/base.css,libs/utils/coverage/coverage-final.json,libs/utils/coverage/sort-arrow-sprite.png
[NX Daemon Server] - 2025-01-13T21:06:06.862Z - [REQUEST]: libs/utils/coverage/.tmp/coverage-25.json
[NX Daemon Server] - 2025-01-13T21:06:06.863Z - Time taken for 'hash changed files from watcher' 0.31074999924749136ms
[NX Daemon Server] - 2025-01-13T21:06:06.869Z - Time taken for 'build-project-configs' 5.579624999314547ms
[NX Daemon Server] - 2025-01-13T21:06:06.877Z - [SYNC]: collect registered sync generators
[NX Daemon Server] - 2025-01-13T21:06:06.877Z - [SYNC]: project graph hash is the same, not collecting task sync generators
[NX Daemon Server] - 2025-01-13T21:06:06.877Z - [SYNC]: nx.json hash is the same, not collecting global sync generators
[NX Daemon Server] - 2025-01-13T21:06:06.877Z - [REQUEST]: Responding to the client. File watch changed
[NX Daemon Server] - 2025-01-13T21:06:06.877Z - Done responding to the client File watch changed
[NX Daemon Server] - 2025-01-13T21:06:06.877Z - Handled FILE-WATCH-CHANGED. Handling time: 0. Response time: 0.
[NX Daemon Server] - 2025-01-13T21:06:06.877Z - Time taken for 'total execution time for createProjectGraph()' 5.293625000864267ms
[NX Daemon Server] - 2025-01-13T21:06:07.031Z - [WATCHER]: libs/utils/src/components/slugify.ts was modified
[NX Daemon Server] - 2025-01-13T21:06:07.031Z - [REQUEST]: Responding to the client. File watch changed
[NX Daemon Server] - 2025-01-13T21:06:07.031Z - Done responding to the client File watch changed
[NX Daemon Server] - 2025-01-13T21:06:07.031Z - Handled FILE-WATCH-CHANGED. Handling time: 0. Response time: 0.
[NX Daemon Server] - 2025-01-13T21:06:07.031Z - [WATCHER]: Processing file changes in outputs
[NX Daemon Server] - 2025-01-13T21:06:07.031Z - Time taken for 'changed-projects' 0.02954200003296137ms
[NX Daemon Server] - 2025-01-13T21:06:07.233Z - [REQUEST]: Updated workspace context based on watched changes, recomputing project graph...
[NX Daemon Server] - 2025-01-13T21:06:07.233Z - [REQUEST]: libs/utils/src/components/slugify.ts
[NX Daemon Server] - 2025-01-13T21:06:07.233Z - [REQUEST]: 
[NX Daemon Server] - 2025-01-13T21:06:07.236Z - Time taken for 'hash changed files from watcher' 0.9066249998286366ms
[NX Daemon Server] - 2025-01-13T21:06:07.253Z - [WATCHER]: 0 file(s) created or restored, 0 file(s) modified, 10 file(s) deleted
[NX Daemon Server] - 2025-01-13T21:06:07.253Z - [REQUEST]: Responding to the client. File watch changed
[NX Daemon Server] - 2025-01-13T21:06:07.253Z - Done responding to the client File watch changed
[NX Daemon Server] - 2025-01-13T21:06:07.254Z - Handled FILE-WATCH-CHANGED. Handling time: 0. Response time: 1.
[NX Daemon Server] - 2025-01-13T21:06:07.254Z - [WATCHER]: Processing file changes in outputs
[NX Daemon Server] - 2025-01-13T21:06:07.254Z - Time taken for 'changed-projects' 0.0686250003054738ms
[NX Daemon Server] - 2025-01-13T21:06:07.257Z - Time taken for 'build-project-configs' 21.18454200029373ms
[NX Daemon Server] - 2025-01-13T21:06:07.266Z - [SYNC]: collect registered sync generators
[NX Daemon Server] - 2025-01-13T21:06:07.266Z - [SYNC]: project graph hash is the same, not collecting task sync generators
[NX Daemon Server] - 2025-01-13T21:06:07.266Z - [SYNC]: nx.json hash is the same, not collecting global sync generators
[NX Daemon Server] - 2025-01-13T21:06:07.266Z - Time taken for 'total execution time for createProjectGraph()' 6.926041000522673ms
[NX Daemon Server] - 2025-01-13T21:06:07.560Z - [WATCHER]: 10 file(s) created or restored, 0 file(s) modified, 1 file(s) deleted
[NX Daemon Server] - 2025-01-13T21:06:07.560Z - [REQUEST]: Responding to the client. File watch changed
[NX Daemon Server] - 2025-01-13T21:06:07.561Z - Done responding to the client File watch changed
[NX Daemon Server] - 2025-01-13T21:06:07.561Z - Handled FILE-WATCH-CHANGED. Handling time: 0. Response time: 1.
[NX Daemon Server] - 2025-01-13T21:06:07.561Z - [WATCHER]: Processing file changes in outputs
[NX Daemon Server] - 2025-01-13T21:06:07.561Z - Time taken for 'changed-projects' 0.03925000037997961ms
[NX Daemon Server] - 2025-01-13T21:06:07.655Z - [REQUEST]: Updated workspace context based on watched changes, recomputing project graph...
[NX Daemon Server] - 2025-01-13T21:06:07.656Z - [REQUEST]: libs/utils/coverage/slugify.ts.html,libs/utils/coverage/prettify.css,libs/utils/coverage/sort-arrow-sprite.png,libs/utils/coverage/favicon.png,libs/utils/coverage/sorter.js,libs/utils/coverage/coverage-final.json,libs/utils/coverage/base.css,libs/utils/coverage/block-navigation.js,libs/utils/coverage/prettify.js,libs/utils/coverage/index.html
[NX Daemon Server] - 2025-01-13T21:06:07.656Z - [REQUEST]: libs/utils/coverage/.tmp/coverage-26.json
[NX Daemon Server] - 2025-01-13T21:06:07.658Z - Time taken for 'hash changed files from watcher' 0.7829999998211861ms
[NX Daemon Server] - 2025-01-13T21:06:07.665Z - Time taken for 'build-project-configs' 7.86854200065136ms
[NX Daemon Server] - 2025-01-13T21:06:07.672Z - [SYNC]: collect registered sync generators
[NX Daemon Server] - 2025-01-13T21:06:07.672Z - [SYNC]: project graph hash is the same, not collecting task sync generators
[NX Daemon Server] - 2025-01-13T21:06:07.672Z - [SYNC]: nx.json hash is the same, not collecting global sync generators
[NX Daemon Server] - 2025-01-13T21:06:07.672Z - Time taken for 'total execution time for createProjectGraph()' 4.54129199963063ms
[NX Daemon Server] - 2025-01-13T21:06:08.568Z - Established a connection. Number of open connections: 3
[NX Daemon Server] - 2025-01-13T21:06:08.569Z - [REQUEST]: Client Request for Project Graph Received
[NX Daemon Server] - 2025-01-13T21:06:08.569Z - [REQUEST]: Responding to the client. project-graph
[NX Daemon Server] - 2025-01-13T21:06:08.570Z - Time taken for 'total for creating and serializing project graph' 0.2450000001117587ms
[NX Daemon Server] - 2025-01-13T21:06:08.570Z - Closed a connection. Number of open connections: 2
[NX Daemon Server] - 2025-01-13T21:06:08.570Z - Done responding to the client project-graph
[NX Daemon Server] - 2025-01-13T21:06:08.571Z - Handled REQUEST_PROJECT_GRAPH. Handling time: 0. Response time: 2.
[NX Daemon Server] - 2025-01-13T21:06:08.573Z - [REQUEST]: Responding to the client. handleContextFileData
[NX Daemon Server] - 2025-01-13T21:06:08.573Z - Done responding to the client handleContextFileData
[NX Daemon Server] - 2025-01-13T21:06:08.573Z - Handled GET_CONTEXT_FILE_DATA. Handling time: 0. Response time: 0.
[NX Daemon Server] - 2025-01-13T21:06:08.574Z - Closed a connection. Number of open connections: 1
[NX Daemon Server] - 2025-01-13T21:06:08.577Z - Closed a connection. Number of open connections: 0
[NX Daemon Server] - 2025-01-13T21:06:08.577Z - Established a connection. Number of open connections: 1
[NX Daemon Server] - 2025-01-13T21:06:08.577Z - Established a connection. Number of open connections: 2
[NX Daemon Server] - 2025-01-13T21:06:08.577Z - Closed a connection. Number of open connections: 1
[NX Daemon Server] - 2025-01-13T21:06:08.578Z - [REQUEST]: Client Request for Project Graph Received
[NX Daemon Server] - 2025-01-13T21:06:08.578Z - [REQUEST]: Responding to the client. project-graph
[NX Daemon Server] - 2025-01-13T21:06:08.578Z - Time taken for 'total for creating and serializing project graph' 0.0849999999627471ms
[NX Daemon Server] - 2025-01-13T21:06:08.578Z - Done responding to the client project-graph
[NX Daemon Server] - 2025-01-13T21:06:08.578Z - Handled REQUEST_PROJECT_GRAPH. Handling time: 0. Response time: 0.
[NX Daemon Server] - 2025-01-13T21:06:08.580Z - [REQUEST]: Client Request for Project Graph Received
[NX Daemon Server] - 2025-01-13T21:06:08.580Z - [REQUEST]: Responding to the client. project-graph
[NX Daemon Server] - 2025-01-13T21:06:08.581Z - Time taken for 'total for creating and serializing project graph' 0.07945800013840199ms
[NX Daemon Server] - 2025-01-13T21:06:08.581Z - Done responding to the client project-graph
[NX Daemon Server] - 2025-01-13T21:06:08.581Z - Handled REQUEST_PROJECT_GRAPH. Handling time: 0. Response time: 1.
[NX Daemon Server] - 2025-01-13T21:06:08.582Z - Established a connection. Number of open connections: 2
[NX Daemon Server] - 2025-01-13T21:06:36.570Z - [WATCHER]: libs/utils/src/components/slugify.test.ts was modified
[NX Daemon Server] - 2025-01-13T21:06:36.571Z - [REQUEST]: Responding to the client. File watch changed
[NX Daemon Server] - 2025-01-13T21:06:36.571Z - Done responding to the client File watch changed
[NX Daemon Server] - 2025-01-13T21:06:36.571Z - Handled FILE-WATCH-CHANGED. Handling time: 0. Response time: 0.
[NX Daemon Server] - 2025-01-13T21:06:36.571Z - [WATCHER]: Processing file changes in outputs
[NX Daemon Server] - 2025-01-13T21:06:36.571Z - Time taken for 'changed-projects' 0.05350000038743019ms
[NX Daemon Server] - 2025-01-13T21:06:36.672Z - [REQUEST]: Updated workspace context based on watched changes, recomputing project graph...
[NX Daemon Server] - 2025-01-13T21:06:36.672Z - [REQUEST]: libs/utils/src/components/slugify.test.ts
[NX Daemon Server] - 2025-01-13T21:06:36.673Z - [REQUEST]: 
[NX Daemon Server] - 2025-01-13T21:06:36.674Z - Time taken for 'hash changed files from watcher' 0.14149999991059303ms
[NX Daemon Server] - 2025-01-13T21:06:36.681Z - Time taken for 'build-project-configs' 6.6468750005587935ms
[NX Daemon Server] - 2025-01-13T21:06:36.690Z - [SYNC]: collect registered sync generators
[NX Daemon Server] - 2025-01-13T21:06:36.690Z - [SYNC]: project graph hash is the same, not collecting task sync generators
[NX Daemon Server] - 2025-01-13T21:06:36.690Z - [SYNC]: nx.json hash is the same, not collecting global sync generators
[NX Daemon Server] - 2025-01-13T21:06:36.690Z - Time taken for 'total execution time for createProjectGraph()' 7.089709000661969ms
[NX Daemon Server] - 2025-01-13T21:06:36.775Z - [WATCHER]: 0 file(s) created or restored, 0 file(s) modified, 10 file(s) deleted
[NX Daemon Server] - 2025-01-13T21:06:36.775Z - [REQUEST]: Responding to the client. File watch changed
[NX Daemon Server] - 2025-01-13T21:06:36.775Z - Done responding to the client File watch changed
[NX Daemon Server] - 2025-01-13T21:06:36.775Z - Handled FILE-WATCH-CHANGED. Handling time: 0. Response time: 0.
[NX Daemon Server] - 2025-01-13T21:06:36.775Z - [WATCHER]: Processing file changes in outputs
[NX Daemon Server] - 2025-01-13T21:06:36.775Z - Time taken for 'changed-projects' 0.026667000725865364ms
[NX Daemon Server] - 2025-01-13T21:06:36.975Z - [REQUEST]: Updated workspace context based on watched changes, recomputing project graph...
[NX Daemon Server] - 2025-01-13T21:06:36.975Z - [REQUEST]: 
[NX Daemon Server] - 2025-01-13T21:06:36.975Z - [REQUEST]: libs/utils/coverage/block-navigation.js,libs/utils/coverage/index.html,libs/utils/coverage/coverage-final.json,libs/utils/coverage/sort-arrow-sprite.png,libs/utils/coverage/prettify.js,libs/utils/coverage/favicon.png,libs/utils/coverage/base.css,libs/utils/coverage/slugify.ts.html,libs/utils/coverage/sorter.js,libs/utils/coverage/prettify.css
[NX Daemon Server] - 2025-01-13T21:06:36.976Z - Time taken for 'hash changed files from watcher' 0.07987500075250864ms
[NX Daemon Server] - 2025-01-13T21:06:36.980Z - Time taken for 'build-project-configs' 3.802709000185132ms
[NX Daemon Server] - 2025-01-13T21:06:36.988Z - [SYNC]: collect registered sync generators
[NX Daemon Server] - 2025-01-13T21:06:36.988Z - [SYNC]: project graph hash is the same, not collecting task sync generators
[NX Daemon Server] - 2025-01-13T21:06:36.988Z - [SYNC]: nx.json hash is the same, not collecting global sync generators
[NX Daemon Server] - 2025-01-13T21:06:36.988Z - Time taken for 'total execution time for createProjectGraph()' 6.171875ms
[NX Daemon Server] - 2025-01-13T21:06:37.199Z - [WATCHER]: 10 file(s) created or restored, 0 file(s) modified, 1 file(s) deleted
[NX Daemon Server] - 2025-01-13T21:06:37.199Z - [REQUEST]: Responding to the client. File watch changed
[NX Daemon Server] - 2025-01-13T21:06:37.199Z - Done responding to the client File watch changed
[NX Daemon Server] - 2025-01-13T21:06:37.199Z - Handled FILE-WATCH-CHANGED. Handling time: 0. Response time: 0.
[NX Daemon Server] - 2025-01-13T21:06:37.199Z - [WATCHER]: Processing file changes in outputs
[NX Daemon Server] - 2025-01-13T21:06:37.199Z - Time taken for 'changed-projects' 0.030791999772191048ms
[NX Daemon Server] - 2025-01-13T21:06:37.300Z - [REQUEST]: Updated workspace context based on watched changes, recomputing project graph...
[NX Daemon Server] - 2025-01-13T21:06:37.300Z - [REQUEST]: libs/utils/coverage/sorter.js,libs/utils/coverage/sort-arrow-sprite.png,libs/utils/coverage/base.css,libs/utils/coverage/prettify.js,libs/utils/coverage/slugify.ts.html,libs/utils/coverage/index.html,libs/utils/coverage/coverage-final.json,libs/utils/coverage/block-navigation.js,libs/utils/coverage/favicon.png,libs/utils/coverage/prettify.css
[NX Daemon Server] - 2025-01-13T21:06:37.300Z - [REQUEST]: libs/utils/coverage/.tmp/coverage-27.json
[NX Daemon Server] - 2025-01-13T21:06:37.301Z - Time taken for 'hash changed files from watcher' 0.3336669998243451ms
[NX Daemon Server] - 2025-01-13T21:06:37.305Z - Time taken for 'build-project-configs' 3.3583749998360872ms
[NX Daemon Server] - 2025-01-13T21:06:37.313Z - [SYNC]: collect registered sync generators
[NX Daemon Server] - 2025-01-13T21:06:37.313Z - [SYNC]: project graph hash is the same, not collecting task sync generators
[NX Daemon Server] - 2025-01-13T21:06:37.313Z - [SYNC]: nx.json hash is the same, not collecting global sync generators
[NX Daemon Server] - 2025-01-13T21:06:37.313Z - [REQUEST]: Responding to the client. File watch changed
[NX Daemon Server] - 2025-01-13T21:06:37.313Z - Done responding to the client File watch changed
[NX Daemon Server] - 2025-01-13T21:06:37.313Z - Handled FILE-WATCH-CHANGED. Handling time: 0. Response time: 0.
[NX Daemon Server] - 2025-01-13T21:06:37.313Z - Time taken for 'total execution time for createProjectGraph()' 6.279167000204325ms
[NX Daemon Server] - 2025-01-13T21:06:38.318Z - Established a connection. Number of open connections: 3
[NX Daemon Server] - 2025-01-13T21:06:38.319Z - [REQUEST]: Client Request for Project Graph Received
[NX Daemon Server] - 2025-01-13T21:06:38.319Z - [REQUEST]: Responding to the client. project-graph
[NX Daemon Server] - 2025-01-13T21:06:38.319Z - Time taken for 'total for creating and serializing project graph' 0.206666000187397ms
[NX Daemon Server] - 2025-01-13T21:06:38.319Z - Closed a connection. Number of open connections: 2
[NX Daemon Server] - 2025-01-13T21:06:38.320Z - Done responding to the client project-graph
[NX Daemon Server] - 2025-01-13T21:06:38.320Z - Handled REQUEST_PROJECT_GRAPH. Handling time: 0. Response time: 1.
[NX Daemon Server] - 2025-01-13T21:06:38.321Z - [REQUEST]: Responding to the client. handleContextFileData
[NX Daemon Server] - 2025-01-13T21:06:38.321Z - Done responding to the client handleContextFileData
[NX Daemon Server] - 2025-01-13T21:06:38.321Z - Handled GET_CONTEXT_FILE_DATA. Handling time: 0. Response time: 0.
[NX Daemon Server] - 2025-01-13T21:06:38.322Z - Closed a connection. Number of open connections: 1
[NX Daemon Server] - 2025-01-13T21:06:38.327Z - Closed a connection. Number of open connections: 0
[NX Daemon Server] - 2025-01-13T21:06:38.328Z - Established a connection. Number of open connections: 1
[NX Daemon Server] - 2025-01-13T21:06:38.328Z - Established a connection. Number of open connections: 2
[NX Daemon Server] - 2025-01-13T21:06:38.328Z - Closed a connection. Number of open connections: 1
[NX Daemon Server] - 2025-01-13T21:06:38.328Z - [REQUEST]: Client Request for Project Graph Received
[NX Daemon Server] - 2025-01-13T21:06:38.328Z - [REQUEST]: Responding to the client. project-graph
[NX Daemon Server] - 2025-01-13T21:06:38.328Z - Time taken for 'total for creating and serializing project graph' 0.1014580000191927ms
[NX Daemon Server] - 2025-01-13T21:06:38.329Z - Done responding to the client project-graph
[NX Daemon Server] - 2025-01-13T21:06:38.329Z - Handled REQUEST_PROJECT_GRAPH. Handling time: 0. Response time: 1.
[NX Daemon Server] - 2025-01-13T21:06:38.330Z - [REQUEST]: Client Request for Project Graph Received
[NX Daemon Server] - 2025-01-13T21:06:38.330Z - [REQUEST]: Responding to the client. project-graph
[NX Daemon Server] - 2025-01-13T21:06:38.330Z - Time taken for 'total for creating and serializing project graph' 0.07583300024271011ms
[NX Daemon Server] - 2025-01-13T21:06:38.331Z - Done responding to the client project-graph
[NX Daemon Server] - 2025-01-13T21:06:38.331Z - Handled REQUEST_PROJECT_GRAPH. Handling time: 0. Response time: 1.
[NX Daemon Server] - 2025-01-13T21:06:38.331Z - Established a connection. Number of open connections: 2
[NX Daemon Server] - 2025-01-13T21:06:39.500Z - [WATCHER]: libs/utils/src/components/slugify.test.ts was modified
[NX Daemon Server] - 2025-01-13T21:06:39.501Z - [REQUEST]: Responding to the client. File watch changed
[NX Daemon Server] - 2025-01-13T21:06:39.501Z - Done responding to the client File watch changed
[NX Daemon Server] - 2025-01-13T21:06:39.501Z - Handled FILE-WATCH-CHANGED. Handling time: 0. Response time: 0.
[NX Daemon Server] - 2025-01-13T21:06:39.501Z - [WATCHER]: Processing file changes in outputs
[NX Daemon Server] - 2025-01-13T21:06:39.501Z - Time taken for 'changed-projects' 0.04904200043529272ms
[NX Daemon Server] - 2025-01-13T21:06:39.602Z - [REQUEST]: Updated workspace context based on watched changes, recomputing project graph...
[NX Daemon Server] - 2025-01-13T21:06:39.602Z - [REQUEST]: libs/utils/src/components/slugify.test.ts
[NX Daemon Server] - 2025-01-13T21:06:39.602Z - [REQUEST]: 
[NX Daemon Server] - 2025-01-13T21:06:39.604Z - Time taken for 'hash changed files from watcher' 0.1912909997627139ms
[NX Daemon Server] - 2025-01-13T21:06:39.610Z - Time taken for 'build-project-configs' 5.552000000141561ms
[NX Daemon Server] - 2025-01-13T21:06:39.621Z - [SYNC]: collect registered sync generators
[NX Daemon Server] - 2025-01-13T21:06:39.621Z - [SYNC]: project graph hash is the same, not collecting task sync generators
[NX Daemon Server] - 2025-01-13T21:06:39.621Z - [SYNC]: nx.json hash is the same, not collecting global sync generators
[NX Daemon Server] - 2025-01-13T21:06:39.621Z - Time taken for 'total execution time for createProjectGraph()' 8.957624999806285ms
[NX Daemon Server] - 2025-01-13T21:06:39.627Z - [WATCHER]: 0 file(s) created or restored, 0 file(s) modified, 10 file(s) deleted
[NX Daemon Server] - 2025-01-13T21:06:39.628Z - [REQUEST]: Responding to the client. File watch changed
[NX Daemon Server] - 2025-01-13T21:06:39.628Z - Done responding to the client File watch changed
[NX Daemon Server] - 2025-01-13T21:06:39.628Z - Handled FILE-WATCH-CHANGED. Handling time: 0. Response time: 0.
[NX Daemon Server] - 2025-01-13T21:06:39.628Z - [WATCHER]: Processing file changes in outputs
[NX Daemon Server] - 2025-01-13T21:06:39.628Z - Time taken for 'changed-projects' 0.02762500010430813ms
[NX Daemon Server] - 2025-01-13T21:06:39.827Z - [REQUEST]: Updated workspace context based on watched changes, recomputing project graph...
[NX Daemon Server] - 2025-01-13T21:06:39.827Z - [REQUEST]: 
[NX Daemon Server] - 2025-01-13T21:06:39.827Z - [REQUEST]: libs/utils/coverage/sorter.js,libs/utils/coverage/coverage-final.json,libs/utils/coverage/base.css,libs/utils/coverage/block-navigation.js,libs/utils/coverage/sort-arrow-sprite.png,libs/utils/coverage/index.html,libs/utils/coverage/slugify.ts.html,libs/utils/coverage/favicon.png,libs/utils/coverage/prettify.css,libs/utils/coverage/prettify.js
[NX Daemon Server] - 2025-01-13T21:06:39.828Z - Time taken for 'hash changed files from watcher' 0.07183299958705902ms
[NX Daemon Server] - 2025-01-13T21:06:39.833Z - Time taken for 'build-project-configs' 4.13266700040549ms
[NX Daemon Server] - 2025-01-13T21:06:39.843Z - [SYNC]: collect registered sync generators
[NX Daemon Server] - 2025-01-13T21:06:39.843Z - [SYNC]: project graph hash is the same, not collecting task sync generators
[NX Daemon Server] - 2025-01-13T21:06:39.843Z - [SYNC]: nx.json hash is the same, not collecting global sync generators
[NX Daemon Server] - 2025-01-13T21:06:39.843Z - Time taken for 'total execution time for createProjectGraph()' 8.660542000085115ms
[NX Daemon Server] - 2025-01-13T21:06:39.947Z - [WATCHER]: 10 file(s) created or restored, 0 file(s) modified, 1 file(s) deleted
[NX Daemon Server] - 2025-01-13T21:06:39.947Z - [REQUEST]: Responding to the client. File watch changed
[NX Daemon Server] - 2025-01-13T21:06:39.947Z - Done responding to the client File watch changed
[NX Daemon Server] - 2025-01-13T21:06:39.947Z - Handled FILE-WATCH-CHANGED. Handling time: 0. Response time: 0.
[NX Daemon Server] - 2025-01-13T21:06:39.947Z - [WATCHER]: Processing file changes in outputs
[NX Daemon Server] - 2025-01-13T21:06:39.947Z - Time taken for 'changed-projects' 0.02462499961256981ms
[NX Daemon Server] - 2025-01-13T21:06:40.048Z - [REQUEST]: Updated workspace context based on watched changes, recomputing project graph...
[NX Daemon Server] - 2025-01-13T21:06:40.048Z - [REQUEST]: libs/utils/coverage/favicon.png,libs/utils/coverage/slugify.ts.html,libs/utils/coverage/index.html,libs/utils/coverage/coverage-final.json,libs/utils/coverage/base.css,libs/utils/coverage/sort-arrow-sprite.png,libs/utils/coverage/block-navigation.js,libs/utils/coverage/prettify.js,libs/utils/coverage/prettify.css,libs/utils/coverage/sorter.js
[NX Daemon Server] - 2025-01-13T21:06:40.048Z - [REQUEST]: libs/utils/coverage/.tmp/coverage-28.json
[NX Daemon Server] - 2025-01-13T21:06:40.049Z - Time taken for 'hash changed files from watcher' 0.42525000032037497ms
[NX Daemon Server] - 2025-01-13T21:06:40.055Z - Time taken for 'build-project-configs' 5.3725419994443655ms
[NX Daemon Server] - 2025-01-13T21:06:40.062Z - [SYNC]: collect registered sync generators
[NX Daemon Server] - 2025-01-13T21:06:40.062Z - [SYNC]: project graph hash is the same, not collecting task sync generators
[NX Daemon Server] - 2025-01-13T21:06:40.062Z - [SYNC]: nx.json hash is the same, not collecting global sync generators
[NX Daemon Server] - 2025-01-13T21:06:40.062Z - [REQUEST]: Responding to the client. File watch changed
[NX Daemon Server] - 2025-01-13T21:06:40.062Z - Done responding to the client File watch changed
[NX Daemon Server] - 2025-01-13T21:06:40.062Z - Handled FILE-WATCH-CHANGED. Handling time: 0. Response time: 0.
[NX Daemon Server] - 2025-01-13T21:06:40.062Z - Time taken for 'total execution time for createProjectGraph()' 4.996917000040412ms
[NX Daemon Server] - 2025-01-13T21:06:41.066Z - Established a connection. Number of open connections: 3
[NX Daemon Server] - 2025-01-13T21:06:41.068Z - [REQUEST]: Client Request for Project Graph Received
[NX Daemon Server] - 2025-01-13T21:06:41.068Z - [REQUEST]: Responding to the client. project-graph
[NX Daemon Server] - 2025-01-13T21:06:41.069Z - Time taken for 'total for creating and serializing project graph' 0.28987499978393316ms
[NX Daemon Server] - 2025-01-13T21:06:41.069Z - Closed a connection. Number of open connections: 2
[NX Daemon Server] - 2025-01-13T21:06:41.071Z - Done responding to the client project-graph
[NX Daemon Server] - 2025-01-13T21:06:41.071Z - Handled REQUEST_PROJECT_GRAPH. Handling time: 0. Response time: 3.
[NX Daemon Server] - 2025-01-13T21:06:41.074Z - [REQUEST]: Responding to the client. handleContextFileData
[NX Daemon Server] - 2025-01-13T21:06:41.074Z - Done responding to the client handleContextFileData
[NX Daemon Server] - 2025-01-13T21:06:41.074Z - Handled GET_CONTEXT_FILE_DATA. Handling time: 0. Response time: 0.
[NX Daemon Server] - 2025-01-13T21:06:41.074Z - Closed a connection. Number of open connections: 1
[NX Daemon Server] - 2025-01-13T21:06:41.077Z - Closed a connection. Number of open connections: 0
[NX Daemon Server] - 2025-01-13T21:06:41.078Z - Established a connection. Number of open connections: 1
[NX Daemon Server] - 2025-01-13T21:06:41.078Z - Established a connection. Number of open connections: 2
[NX Daemon Server] - 2025-01-13T21:06:41.078Z - Closed a connection. Number of open connections: 1
[NX Daemon Server] - 2025-01-13T21:06:41.078Z - [REQUEST]: Client Request for Project Graph Received
[NX Daemon Server] - 2025-01-13T21:06:41.078Z - [REQUEST]: Responding to the client. project-graph
[NX Daemon Server] - 2025-01-13T21:06:41.078Z - Time taken for 'total for creating and serializing project graph' 0.06895899958908558ms
[NX Daemon Server] - 2025-01-13T21:06:41.079Z - Done responding to the client project-graph
[NX Daemon Server] - 2025-01-13T21:06:41.079Z - Handled REQUEST_PROJECT_GRAPH. Handling time: 0. Response time: 1.
[NX Daemon Server] - 2025-01-13T21:06:41.080Z - [REQUEST]: Client Request for Project Graph Received
[NX Daemon Server] - 2025-01-13T21:06:41.080Z - [REQUEST]: Responding to the client. project-graph
[NX Daemon Server] - 2025-01-13T21:06:41.080Z - Time taken for 'total for creating and serializing project graph' 0.06808299943804741ms
[NX Daemon Server] - 2025-01-13T21:06:41.081Z - Done responding to the client project-graph
[NX Daemon Server] - 2025-01-13T21:06:41.081Z - Handled REQUEST_PROJECT_GRAPH. Handling time: 0. Response time: 1.
[NX Daemon Server] - 2025-01-13T21:06:41.081Z - Established a connection. Number of open connections: 2
[NX Daemon Server] - 2025-01-13T21:06:41.882Z - [WATCHER]: libs/utils/src/components/slugify.test.ts was modified
[NX Daemon Server] - 2025-01-13T21:06:41.882Z - [REQUEST]: Responding to the client. File watch changed
[NX Daemon Server] - 2025-01-13T21:06:41.882Z - Done responding to the client File watch changed
[NX Daemon Server] - 2025-01-13T21:06:41.882Z - Handled FILE-WATCH-CHANGED. Handling time: 0. Response time: 0.
[NX Daemon Server] - 2025-01-13T21:06:41.882Z - [WATCHER]: Processing file changes in outputs
[NX Daemon Server] - 2025-01-13T21:06:41.882Z - Time taken for 'changed-projects' 0.03229200001806021ms
[NX Daemon Server] - 2025-01-13T21:06:41.983Z - [REQUEST]: Updated workspace context based on watched changes, recomputing project graph...
[NX Daemon Server] - 2025-01-13T21:06:41.983Z - [REQUEST]: libs/utils/src/components/slugify.test.ts
[NX Daemon Server] - 2025-01-13T21:06:41.983Z - [REQUEST]: 
[NX Daemon Server] - 2025-01-13T21:06:41.985Z - Time taken for 'hash changed files from watcher' 0.19574999995529652ms
[NX Daemon Server] - 2025-01-13T21:06:41.991Z - Time taken for 'build-project-configs' 6.323125000111759ms
[NX Daemon Server] - 2025-01-13T21:06:42.000Z - [SYNC]: collect registered sync generators
[NX Daemon Server] - 2025-01-13T21:06:42.000Z - [SYNC]: project graph hash is the same, not collecting task sync generators
[NX Daemon Server] - 2025-01-13T21:06:42.000Z - [SYNC]: nx.json hash is the same, not collecting global sync generators
[NX Daemon Server] - 2025-01-13T21:06:42.000Z - Time taken for 'total execution time for createProjectGraph()' 7.449583999812603ms
[NX Daemon Server] - 2025-01-13T21:06:42.099Z - [WATCHER]: 0 file(s) created or restored, 0 file(s) modified, 10 file(s) deleted
[NX Daemon Server] - 2025-01-13T21:06:42.099Z - [REQUEST]: Responding to the client. File watch changed
[NX Daemon Server] - 2025-01-13T21:06:42.099Z - Done responding to the client File watch changed
[NX Daemon Server] - 2025-01-13T21:06:42.099Z - Handled FILE-WATCH-CHANGED. Handling time: 0. Response time: 0.
[NX Daemon Server] - 2025-01-13T21:06:42.099Z - [WATCHER]: Processing file changes in outputs
[NX Daemon Server] - 2025-01-13T21:06:42.099Z - Time taken for 'changed-projects' 0.02974999975413084ms
[NX Daemon Server] - 2025-01-13T21:06:42.299Z - [REQUEST]: Updated workspace context based on watched changes, recomputing project graph...
[NX Daemon Server] - 2025-01-13T21:06:42.299Z - [REQUEST]: 
[NX Daemon Server] - 2025-01-13T21:06:42.299Z - [REQUEST]: libs/utils/coverage/favicon.png,libs/utils/coverage/coverage-final.json,libs/utils/coverage/prettify.css,libs/utils/coverage/sort-arrow-sprite.png,libs/utils/coverage/base.css,libs/utils/coverage/sorter.js,libs/utils/coverage/block-navigation.js,libs/utils/coverage/prettify.js,libs/utils/coverage/slugify.ts.html,libs/utils/coverage/index.html
[NX Daemon Server] - 2025-01-13T21:06:42.300Z - Time taken for 'hash changed files from watcher' 0.0719999996945262ms
[NX Daemon Server] - 2025-01-13T21:06:42.304Z - Time taken for 'build-project-configs' 3.747375000268221ms
[NX Daemon Server] - 2025-01-13T21:06:42.311Z - [SYNC]: collect registered sync generators
[NX Daemon Server] - 2025-01-13T21:06:42.311Z - [SYNC]: project graph hash is the same, not collecting task sync generators
[NX Daemon Server] - 2025-01-13T21:06:42.311Z - [SYNC]: nx.json hash is the same, not collecting global sync generators
[NX Daemon Server] - 2025-01-13T21:06:42.311Z - Time taken for 'total execution time for createProjectGraph()' 4.903334000147879ms
[NX Daemon Server] - 2025-01-13T21:06:42.430Z - [WATCHER]: libs/utils/coverage/.tmp/coverage-29.json was deleted
[NX Daemon Server] - 2025-01-13T21:06:42.430Z - [REQUEST]: Responding to the client. File watch changed
[NX Daemon Server] - 2025-01-13T21:06:42.430Z - Done responding to the client File watch changed
[NX Daemon Server] - 2025-01-13T21:06:42.430Z - Handled FILE-WATCH-CHANGED. Handling time: 0. Response time: 0.
[NX Daemon Server] - 2025-01-13T21:06:42.430Z - [WATCHER]: Processing file changes in outputs
[NX Daemon Server] - 2025-01-13T21:06:42.430Z - Time taken for 'changed-projects' 0.028833000920712948ms
[NX Daemon Server] - 2025-01-13T21:06:42.831Z - [REQUEST]: Updated workspace context based on watched changes, recomputing project graph...
[NX Daemon Server] - 2025-01-13T21:06:42.831Z - [REQUEST]: 
[NX Daemon Server] - 2025-01-13T21:06:42.831Z - [REQUEST]: libs/utils/coverage/.tmp/coverage-29.json
[NX Daemon Server] - 2025-01-13T21:06:42.835Z - Time taken for 'hash changed files from watcher' 0.3739999998360872ms
[NX Daemon Server] - 2025-01-13T21:06:42.842Z - Time taken for 'build-project-configs' 8.839124999940395ms
[NX Daemon Server] - 2025-01-13T21:06:42.848Z - [SYNC]: collect registered sync generators
[NX Daemon Server] - 2025-01-13T21:06:42.848Z - [SYNC]: project graph hash is the same, not collecting task sync generators
[NX Daemon Server] - 2025-01-13T21:06:42.848Z - [SYNC]: nx.json hash is the same, not collecting global sync generators
[NX Daemon Server] - 2025-01-13T21:06:42.848Z - Time taken for 'total execution time for createProjectGraph()' 4.396750000305474ms
[NX Daemon Server] - 2025-01-13T21:06:43.434Z - Established a connection. Number of open connections: 3
[NX Daemon Server] - 2025-01-13T21:06:43.435Z - [REQUEST]: Client Request for Project Graph Received
[NX Daemon Server] - 2025-01-13T21:06:43.435Z - [REQUEST]: Responding to the client. project-graph
[NX Daemon Server] - 2025-01-13T21:06:43.436Z - Time taken for 'total for creating and serializing project graph' 0.2509160004556179ms
[NX Daemon Server] - 2025-01-13T21:06:43.436Z - Closed a connection. Number of open connections: 2
[NX Daemon Server] - 2025-01-13T21:06:43.437Z - Done responding to the client project-graph
[NX Daemon Server] - 2025-01-13T21:06:43.438Z - Handled REQUEST_PROJECT_GRAPH. Handling time: 0. Response time: 3.
[NX Daemon Server] - 2025-01-13T21:06:43.440Z - [REQUEST]: Responding to the client. handleContextFileData
[NX Daemon Server] - 2025-01-13T21:06:43.440Z - Done responding to the client handleContextFileData
[NX Daemon Server] - 2025-01-13T21:06:43.440Z - Handled GET_CONTEXT_FILE_DATA. Handling time: 1. Response time: 0.
[NX Daemon Server] - 2025-01-13T21:06:43.440Z - Closed a connection. Number of open connections: 1
[NX Daemon Server] - 2025-01-13T21:06:43.442Z - Closed a connection. Number of open connections: 0
[NX Daemon Server] - 2025-01-13T21:06:43.443Z - Established a connection. Number of open connections: 1
[NX Daemon Server] - 2025-01-13T21:06:43.443Z - Established a connection. Number of open connections: 2
[NX Daemon Server] - 2025-01-13T21:06:43.443Z - Closed a connection. Number of open connections: 1
[NX Daemon Server] - 2025-01-13T21:06:43.443Z - [REQUEST]: Client Request for Project Graph Received
[NX Daemon Server] - 2025-01-13T21:06:43.443Z - [REQUEST]: Responding to the client. project-graph
[NX Daemon Server] - 2025-01-13T21:06:43.444Z - Time taken for 'total for creating and serializing project graph' 0.05841599963605404ms
[NX Daemon Server] - 2025-01-13T21:06:43.444Z - Done responding to the client project-graph
[NX Daemon Server] - 2025-01-13T21:06:43.444Z - Handled REQUEST_PROJECT_GRAPH. Handling time: 0. Response time: 1.
[NX Daemon Server] - 2025-01-13T21:06:43.445Z - [REQUEST]: Client Request for Project Graph Received
[NX Daemon Server] - 2025-01-13T21:06:43.445Z - [REQUEST]: Responding to the client. project-graph
[NX Daemon Server] - 2025-01-13T21:06:43.446Z - Time taken for 'total for creating and serializing project graph' 0.05191599950194359ms
[NX Daemon Server] - 2025-01-13T21:06:43.446Z - Done responding to the client project-graph
[NX Daemon Server] - 2025-01-13T21:06:43.446Z - Handled REQUEST_PROJECT_GRAPH. Handling time: 0. Response time: 1.
[NX Daemon Server] - 2025-01-13T21:06:43.447Z - Established a connection. Number of open connections: 2
[NX Daemon Server] - 2025-01-13T21:07:08.454Z - [WATCHER]: libs/utils/src/components/slugify.test.ts was modified
[NX Daemon Server] - 2025-01-13T21:07:08.455Z - [REQUEST]: Responding to the client. File watch changed
[NX Daemon Server] - 2025-01-13T21:07:08.455Z - Done responding to the client File watch changed
[NX Daemon Server] - 2025-01-13T21:07:08.455Z - Handled FILE-WATCH-CHANGED. Handling time: 0. Response time: 0.
[NX Daemon Server] - 2025-01-13T21:07:08.455Z - [WATCHER]: Processing file changes in outputs
[NX Daemon Server] - 2025-01-13T21:07:08.455Z - Time taken for 'changed-projects' 0.059124999679625034ms
[NX Daemon Server] - 2025-01-13T21:07:08.557Z - [REQUEST]: Updated workspace context based on watched changes, recomputing project graph...
[NX Daemon Server] - 2025-01-13T21:07:08.557Z - [REQUEST]: libs/utils/src/components/slugify.test.ts
[NX Daemon Server] - 2025-01-13T21:07:08.557Z - [REQUEST]: 
[NX Daemon Server] - 2025-01-13T21:07:08.558Z - Time taken for 'hash changed files from watcher' 0.15783300064504147ms
[NX Daemon Server] - 2025-01-13T21:07:08.566Z - Time taken for 'build-project-configs' 6.545457999221981ms
[NX Daemon Server] - 2025-01-13T21:07:08.575Z - [SYNC]: collect registered sync generators
[NX Daemon Server] - 2025-01-13T21:07:08.575Z - [SYNC]: project graph hash is the same, not collecting task sync generators
[NX Daemon Server] - 2025-01-13T21:07:08.575Z - [SYNC]: nx.json hash is the same, not collecting global sync generators
[NX Daemon Server] - 2025-01-13T21:07:08.575Z - Time taken for 'total execution time for createProjectGraph()' 7.618666999973357ms
[NX Daemon Server] - 2025-01-13T21:07:09.055Z - [WATCHER]: libs/utils/coverage/.tmp/coverage-30.json was deleted
[NX Daemon Server] - 2025-01-13T21:07:09.055Z - [REQUEST]: Responding to the client. File watch changed
[NX Daemon Server] - 2025-01-13T21:07:09.055Z - Done responding to the client File watch changed
[NX Daemon Server] - 2025-01-13T21:07:09.055Z - Handled FILE-WATCH-CHANGED. Handling time: 0. Response time: 0.
[NX Daemon Server] - 2025-01-13T21:07:09.055Z - [WATCHER]: Processing file changes in outputs
[NX Daemon Server] - 2025-01-13T21:07:09.055Z - Time taken for 'changed-projects' 0.030709000304341316ms
[NX Daemon Server] - 2025-01-13T21:07:09.255Z - [REQUEST]: Updated workspace context based on watched changes, recomputing project graph...
[NX Daemon Server] - 2025-01-13T21:07:09.255Z - [REQUEST]: 
[NX Daemon Server] - 2025-01-13T21:07:09.255Z - [REQUEST]: libs/utils/coverage/.tmp/coverage-30.json
[NX Daemon Server] - 2025-01-13T21:07:09.256Z - Time taken for 'hash changed files from watcher' 0.08995799999684095ms
[NX Daemon Server] - 2025-01-13T21:07:09.260Z - Time taken for 'build-project-configs' 3.5846250001341105ms
[NX Daemon Server] - 2025-01-13T21:07:09.269Z - [SYNC]: collect registered sync generators
[NX Daemon Server] - 2025-01-13T21:07:09.269Z - [SYNC]: project graph hash is the same, not collecting task sync generators
[NX Daemon Server] - 2025-01-13T21:07:09.269Z - [SYNC]: nx.json hash is the same, not collecting global sync generators
[NX Daemon Server] - 2025-01-13T21:07:09.269Z - Time taken for 'total execution time for createProjectGraph()' 6.556583999656141ms
[NX Daemon Server] - 2025-01-13T21:07:10.059Z - Established a connection. Number of open connections: 3
[NX Daemon Server] - 2025-01-13T21:07:10.060Z - [REQUEST]: Client Request for Project Graph Received
[NX Daemon Server] - 2025-01-13T21:07:10.060Z - [REQUEST]: Responding to the client. project-graph
[NX Daemon Server] - 2025-01-13T21:07:10.060Z - Time taken for 'total for creating and serializing project graph' 0.25329199992120266ms
[NX Daemon Server] - 2025-01-13T21:07:10.060Z - Closed a connection. Number of open connections: 2
[NX Daemon Server] - 2025-01-13T21:07:10.062Z - Done responding to the client project-graph
[NX Daemon Server] - 2025-01-13T21:07:10.062Z - Handled REQUEST_PROJECT_GRAPH. Handling time: 0. Response time: 2.
[NX Daemon Server] - 2025-01-13T21:07:10.064Z - [REQUEST]: Responding to the client. handleContextFileData
[NX Daemon Server] - 2025-01-13T21:07:10.065Z - Done responding to the client handleContextFileData
[NX Daemon Server] - 2025-01-13T21:07:10.065Z - Handled GET_CONTEXT_FILE_DATA. Handling time: 0. Response time: 1.
[NX Daemon Server] - 2025-01-13T21:07:10.065Z - Closed a connection. Number of open connections: 1
[NX Daemon Server] - 2025-01-13T21:07:10.068Z - Closed a connection. Number of open connections: 0
[NX Daemon Server] - 2025-01-13T21:07:10.069Z - Established a connection. Number of open connections: 1
[NX Daemon Server] - 2025-01-13T21:07:10.069Z - Established a connection. Number of open connections: 2
[NX Daemon Server] - 2025-01-13T21:07:10.070Z - Closed a connection. Number of open connections: 1
[NX Daemon Server] - 2025-01-13T21:07:10.070Z - [REQUEST]: Client Request for Project Graph Received
[NX Daemon Server] - 2025-01-13T21:07:10.070Z - [REQUEST]: Responding to the client. project-graph
[NX Daemon Server] - 2025-01-13T21:07:10.070Z - Time taken for 'total for creating and serializing project graph' 0.06233400013297796ms
[NX Daemon Server] - 2025-01-13T21:07:10.071Z - Done responding to the client project-graph
[NX Daemon Server] - 2025-01-13T21:07:10.071Z - Handled REQUEST_PROJECT_GRAPH. Handling time: 0. Response time: 1.
[NX Daemon Server] - 2025-01-13T21:07:10.072Z - [REQUEST]: Client Request for Project Graph Received
[NX Daemon Server] - 2025-01-13T21:07:10.072Z - [REQUEST]: Responding to the client. project-graph
[NX Daemon Server] - 2025-01-13T21:07:10.072Z - Time taken for 'total for creating and serializing project graph' 0.044833000749349594ms
[NX Daemon Server] - 2025-01-13T21:07:10.073Z - Done responding to the client project-graph
[NX Daemon Server] - 2025-01-13T21:07:10.073Z - Handled REQUEST_PROJECT_GRAPH. Handling time: 0. Response time: 1.
[NX Daemon Server] - 2025-01-13T21:07:10.074Z - Established a connection. Number of open connections: 2
[NX Daemon Server] - 2025-01-13T21:07:10.944Z - [WATCHER]: libs/utils/src/components/slugify.test.ts was modified
[NX Daemon Server] - 2025-01-13T21:07:10.944Z - [REQUEST]: Responding to the client. File watch changed
[NX Daemon Server] - 2025-01-13T21:07:10.944Z - Done responding to the client File watch changed
[NX Daemon Server] - 2025-01-13T21:07:10.944Z - Handled FILE-WATCH-CHANGED. Handling time: 0. Response time: 0.
[NX Daemon Server] - 2025-01-13T21:07:10.944Z - [WATCHER]: Processing file changes in outputs
[NX Daemon Server] - 2025-01-13T21:07:10.945Z - Time taken for 'changed-projects' 0.047042000107467175ms
[NX Daemon Server] - 2025-01-13T21:07:11.045Z - [REQUEST]: Updated workspace context based on watched changes, recomputing project graph...
[NX Daemon Server] - 2025-01-13T21:07:11.045Z - [REQUEST]: libs/utils/src/components/slugify.test.ts
[NX Daemon Server] - 2025-01-13T21:07:11.045Z - [REQUEST]: 
[NX Daemon Server] - 2025-01-13T21:07:11.046Z - Time taken for 'hash changed files from watcher' 0.15670800022780895ms
[NX Daemon Server] - 2025-01-13T21:07:11.054Z - Time taken for 'build-project-configs' 5.965584000572562ms
[NX Daemon Server] - 2025-01-13T21:07:11.070Z - [SYNC]: collect registered sync generators
[NX Daemon Server] - 2025-01-13T21:07:11.071Z - [SYNC]: project graph hash is the same, not collecting task sync generators
[NX Daemon Server] - 2025-01-13T21:07:11.071Z - [SYNC]: nx.json hash is the same, not collecting global sync generators
[NX Daemon Server] - 2025-01-13T21:07:11.071Z - Time taken for 'total execution time for createProjectGraph()' 15.731583000160754ms
[NX Daemon Server] - 2025-01-13T21:07:11.431Z - [WATCHER]: libs/utils/coverage/.tmp/coverage-31.json was deleted
[NX Daemon Server] - 2025-01-13T21:07:11.431Z - [REQUEST]: Responding to the client. File watch changed
[NX Daemon Server] - 2025-01-13T21:07:11.431Z - Done responding to the client File watch changed
[NX Daemon Server] - 2025-01-13T21:07:11.431Z - Handled FILE-WATCH-CHANGED. Handling time: 0. Response time: 0.
[NX Daemon Server] - 2025-01-13T21:07:11.431Z - [WATCHER]: Processing file changes in outputs
[NX Daemon Server] - 2025-01-13T21:07:11.431Z - Time taken for 'changed-projects' 0.02995899971574545ms
[NX Daemon Server] - 2025-01-13T21:07:11.631Z - [REQUEST]: Updated workspace context based on watched changes, recomputing project graph...
[NX Daemon Server] - 2025-01-13T21:07:11.632Z - [REQUEST]: 
[NX Daemon Server] - 2025-01-13T21:07:11.632Z - [REQUEST]: libs/utils/coverage/.tmp/coverage-31.json
[NX Daemon Server] - 2025-01-13T21:07:11.633Z - Time taken for 'hash changed files from watcher' 0.09345799963921309ms
[NX Daemon Server] - 2025-01-13T21:07:11.637Z - Time taken for 'build-project-configs' 3.7314999997615814ms
[NX Daemon Server] - 2025-01-13T21:07:11.643Z - [SYNC]: collect registered sync generators
[NX Daemon Server] - 2025-01-13T21:07:11.643Z - [SYNC]: project graph hash is the same, not collecting task sync generators
[NX Daemon Server] - 2025-01-13T21:07:11.643Z - [SYNC]: nx.json hash is the same, not collecting global sync generators
[NX Daemon Server] - 2025-01-13T21:07:11.643Z - Time taken for 'total execution time for createProjectGraph()' 5.322208000347018ms
[NX Daemon Server] - 2025-01-13T21:07:12.434Z - Established a connection. Number of open connections: 3
[NX Daemon Server] - 2025-01-13T21:07:12.435Z - [REQUEST]: Client Request for Project Graph Received
[NX Daemon Server] - 2025-01-13T21:07:12.436Z - [REQUEST]: Responding to the client. project-graph
[NX Daemon Server] - 2025-01-13T21:07:12.436Z - Time taken for 'total for creating and serializing project graph' 0.22575000021606684ms
[NX Daemon Server] - 2025-01-13T21:07:12.436Z - Closed a connection. Number of open connections: 2
[NX Daemon Server] - 2025-01-13T21:07:12.438Z - Done responding to the client project-graph
[NX Daemon Server] - 2025-01-13T21:07:12.438Z - Handled REQUEST_PROJECT_GRAPH. Handling time: 1. Response time: 2.
[NX Daemon Server] - 2025-01-13T21:07:12.440Z - [REQUEST]: Responding to the client. handleContextFileData
[NX Daemon Server] - 2025-01-13T21:07:12.440Z - Done responding to the client handleContextFileData
[NX Daemon Server] - 2025-01-13T21:07:12.440Z - Handled GET_CONTEXT_FILE_DATA. Handling time: 0. Response time: 0.
[NX Daemon Server] - 2025-01-13T21:07:12.440Z - Closed a connection. Number of open connections: 1
[NX Daemon Server] - 2025-01-13T21:07:12.443Z - Closed a connection. Number of open connections: 0
[NX Daemon Server] - 2025-01-13T21:07:12.444Z - Established a connection. Number of open connections: 1
[NX Daemon Server] - 2025-01-13T21:07:12.444Z - Established a connection. Number of open connections: 2
[NX Daemon Server] - 2025-01-13T21:07:12.444Z - Closed a connection. Number of open connections: 1
[NX Daemon Server] - 2025-01-13T21:07:12.444Z - [REQUEST]: Client Request for Project Graph Received
[NX Daemon Server] - 2025-01-13T21:07:12.444Z - [REQUEST]: Responding to the client. project-graph
[NX Daemon Server] - 2025-01-13T21:07:12.445Z - Time taken for 'total for creating and serializing project graph' 0.07870899979025126ms
[NX Daemon Server] - 2025-01-13T21:07:12.445Z - Done responding to the client project-graph
[NX Daemon Server] - 2025-01-13T21:07:12.445Z - Handled REQUEST_PROJECT_GRAPH. Handling time: 0. Response time: 1.
[NX Daemon Server] - 2025-01-13T21:07:12.446Z - [REQUEST]: Client Request for Project Graph Received
[NX Daemon Server] - 2025-01-13T21:07:12.447Z - [REQUEST]: Responding to the client. project-graph
[NX Daemon Server] - 2025-01-13T21:07:12.447Z - Time taken for 'total for creating and serializing project graph' 0.0527500007301569ms
[NX Daemon Server] - 2025-01-13T21:07:12.447Z - Done responding to the client project-graph
[NX Daemon Server] - 2025-01-13T21:07:12.447Z - Handled REQUEST_PROJECT_GRAPH. Handling time: 1. Response time: 0.
[NX Daemon Server] - 2025-01-13T21:07:12.448Z - Established a connection. Number of open connections: 2
[NX Daemon Server] - 2025-01-13T21:07:23.511Z - [WATCHER]: Processing file changes in outputs
[NX Daemon Server] - 2025-01-13T21:07:23.513Z - [WATCHER]: libs/utils/src/components/slugify.ts was modified
[NX Daemon Server] - 2025-01-13T21:07:23.513Z - [REQUEST]: Responding to the client. File watch changed
[NX Daemon Server] - 2025-01-13T21:07:23.513Z - Done responding to the client File watch changed
[NX Daemon Server] - 2025-01-13T21:07:23.513Z - Handled FILE-WATCH-CHANGED. Handling time: 0. Response time: 0.
[NX Daemon Server] - 2025-01-13T21:07:23.513Z - Time taken for 'changed-projects' 0.0695839999243617ms
[NX Daemon Server] - 2025-01-13T21:07:23.613Z - [REQUEST]: Updated workspace context based on watched changes, recomputing project graph...
[NX Daemon Server] - 2025-01-13T21:07:23.613Z - [REQUEST]: libs/utils/src/components/slugify.ts
[NX Daemon Server] - 2025-01-13T21:07:23.613Z - [REQUEST]: 
[NX Daemon Server] - 2025-01-13T21:07:23.614Z - Time taken for 'hash changed files from watcher' 0.16233399976044893ms
[NX Daemon Server] - 2025-01-13T21:07:23.623Z - Time taken for 'build-project-configs' 7.288666999898851ms
[NX Daemon Server] - 2025-01-13T21:07:23.634Z - [SYNC]: collect registered sync generators
[NX Daemon Server] - 2025-01-13T21:07:23.634Z - [SYNC]: project graph hash is the same, not collecting task sync generators
[NX Daemon Server] - 2025-01-13T21:07:23.634Z - [SYNC]: nx.json hash is the same, not collecting global sync generators
[NX Daemon Server] - 2025-01-13T21:07:23.634Z - Time taken for 'total execution time for createProjectGraph()' 9.041958000510931ms
[NX Daemon Server] - 2025-01-13T21:07:24.011Z - [WATCHER]: Processing file changes in outputs
[NX Daemon Server] - 2025-01-13T21:07:24.012Z - [WATCHER]: 10 file(s) created or restored, 0 file(s) modified, 1 file(s) deleted
[NX Daemon Server] - 2025-01-13T21:07:24.013Z - [REQUEST]: Responding to the client. File watch changed
[NX Daemon Server] - 2025-01-13T21:07:24.013Z - Done responding to the client File watch changed
[NX Daemon Server] - 2025-01-13T21:07:24.013Z - Handled FILE-WATCH-CHANGED. Handling time: 0. Response time: 0.
[NX Daemon Server] - 2025-01-13T21:07:24.013Z - Time taken for 'changed-projects' 0.04545900039374828ms
[NX Daemon Server] - 2025-01-13T21:07:24.114Z - [REQUEST]: Updated workspace context based on watched changes, recomputing project graph...
[NX Daemon Server] - 2025-01-13T21:07:24.114Z - [REQUEST]: libs/utils/coverage/prettify.js,libs/utils/coverage/favicon.png,libs/utils/coverage/coverage-final.json,libs/utils/coverage/sort-arrow-sprite.png,libs/utils/coverage/index.html,libs/utils/coverage/block-navigation.js,libs/utils/coverage/slugify.ts.html,libs/utils/coverage/base.css,libs/utils/coverage/sorter.js,libs/utils/coverage/prettify.css
[NX Daemon Server] - 2025-01-13T21:07:24.114Z - [REQUEST]: libs/utils/coverage/.tmp/coverage-32.json
[NX Daemon Server] - 2025-01-13T21:07:24.115Z - Time taken for 'hash changed files from watcher' 0.3903339998796582ms
[NX Daemon Server] - 2025-01-13T21:07:24.120Z - Time taken for 'build-project-configs' 4.609915999695659ms
[NX Daemon Server] - 2025-01-13T21:07:24.129Z - [SYNC]: collect registered sync generators
[NX Daemon Server] - 2025-01-13T21:07:24.129Z - [SYNC]: project graph hash is the same, not collecting task sync generators
[NX Daemon Server] - 2025-01-13T21:07:24.129Z - [SYNC]: nx.json hash is the same, not collecting global sync generators
[NX Daemon Server] - 2025-01-13T21:07:24.129Z - [REQUEST]: Responding to the client. File watch changed
[NX Daemon Server] - 2025-01-13T21:07:24.129Z - Done responding to the client File watch changed
[NX Daemon Server] - 2025-01-13T21:07:24.129Z - Handled FILE-WATCH-CHANGED. Handling time: 0. Response time: 0.
[NX Daemon Server] - 2025-01-13T21:07:24.129Z - Time taken for 'total execution time for createProjectGraph()' 6.5178749999031425ms
[NX Daemon Server] - 2025-01-13T21:07:25.133Z - Established a connection. Number of open connections: 3
[NX Daemon Server] - 2025-01-13T21:07:25.134Z - [REQUEST]: Client Request for Project Graph Received
[NX Daemon Server] - 2025-01-13T21:07:25.134Z - [REQUEST]: Responding to the client. project-graph
[NX Daemon Server] - 2025-01-13T21:07:25.134Z - Time taken for 'total for creating and serializing project graph' 0.15941699966788292ms
[NX Daemon Server] - 2025-01-13T21:07:25.135Z - Closed a connection. Number of open connections: 2
[NX Daemon Server] - 2025-01-13T21:07:25.136Z - Done responding to the client project-graph
[NX Daemon Server] - 2025-01-13T21:07:25.136Z - Handled REQUEST_PROJECT_GRAPH. Handling time: 0. Response time: 2.
[NX Daemon Server] - 2025-01-13T21:07:25.137Z - [REQUEST]: Responding to the client. handleContextFileData
[NX Daemon Server] - 2025-01-13T21:07:25.137Z - Done responding to the client handleContextFileData
[NX Daemon Server] - 2025-01-13T21:07:25.137Z - Handled GET_CONTEXT_FILE_DATA. Handling time: 0. Response time: 0.
[NX Daemon Server] - 2025-01-13T21:07:25.137Z - Closed a connection. Number of open connections: 1
[NX Daemon Server] - 2025-01-13T21:07:25.142Z - Closed a connection. Number of open connections: 0
[NX Daemon Server] - 2025-01-13T21:07:25.142Z - Established a connection. Number of open connections: 1
[NX Daemon Server] - 2025-01-13T21:07:25.143Z - Established a connection. Number of open connections: 2
[NX Daemon Server] - 2025-01-13T21:07:25.143Z - Closed a connection. Number of open connections: 1
[NX Daemon Server] - 2025-01-13T21:07:25.143Z - [REQUEST]: Client Request for Project Graph Received
[NX Daemon Server] - 2025-01-13T21:07:25.143Z - [REQUEST]: Responding to the client. project-graph
[NX Daemon Server] - 2025-01-13T21:07:25.143Z - Time taken for 'total for creating and serializing project graph' 0.06762499921023846ms
[NX Daemon Server] - 2025-01-13T21:07:25.143Z - Done responding to the client project-graph
[NX Daemon Server] - 2025-01-13T21:07:25.143Z - Handled REQUEST_PROJECT_GRAPH. Handling time: 0. Response time: 0.
[NX Daemon Server] - 2025-01-13T21:07:25.144Z - [REQUEST]: Client Request for Project Graph Received
[NX Daemon Server] - 2025-01-13T21:07:25.145Z - [REQUEST]: Responding to the client. project-graph
[NX Daemon Server] - 2025-01-13T21:07:25.145Z - Time taken for 'total for creating and serializing project graph' 0.05729200039058924ms
[NX Daemon Server] - 2025-01-13T21:07:25.145Z - Done responding to the client project-graph
[NX Daemon Server] - 2025-01-13T21:07:25.145Z - Handled REQUEST_PROJECT_GRAPH. Handling time: 1. Response time: 0.
[NX Daemon Server] - 2025-01-13T21:07:25.146Z - Established a connection. Number of open connections: 2
[NX Daemon Server] - 2025-01-13T21:07:46.723Z - [WATCHER]: 0 file(s) created or restored, 0 file(s) modified, 10 file(s) deleted
[NX Daemon Server] - 2025-01-13T21:07:46.724Z - [REQUEST]: Responding to the client. File watch changed
[NX Daemon Server] - 2025-01-13T21:07:46.724Z - Done responding to the client File watch changed
[NX Daemon Server] - 2025-01-13T21:07:46.724Z - Handled FILE-WATCH-CHANGED. Handling time: 0. Response time: 0.
[NX Daemon Server] - 2025-01-13T21:07:46.725Z - [WATCHER]: Processing file changes in outputs
[NX Daemon Server] - 2025-01-13T21:07:46.725Z - Time taken for 'changed-projects' 0.2211659997701645ms
[NX Daemon Server] - 2025-01-13T21:07:46.825Z - [REQUEST]: Updated workspace context based on watched changes, recomputing project graph...
[NX Daemon Server] - 2025-01-13T21:07:46.825Z - [REQUEST]: 
[NX Daemon Server] - 2025-01-13T21:07:46.825Z - [REQUEST]: libs/utils/coverage/favicon.png,libs/utils/coverage/prettify.css,libs/utils/coverage/sort-arrow-sprite.png,libs/utils/coverage/prettify.js,libs/utils/coverage/sorter.js,libs/utils/coverage/index.html,libs/utils/coverage/base.css,libs/utils/coverage/slugify.ts.html,libs/utils/coverage/block-navigation.js,libs/utils/coverage/coverage-final.json
[NX Daemon Server] - 2025-01-13T21:07:46.829Z - Time taken for 'hash changed files from watcher' 0.3667909996584058ms
[NX Daemon Server] - 2025-01-13T21:07:46.837Z - Time taken for 'build-project-configs' 9.894874999299645ms
[NX Daemon Server] - 2025-01-13T21:07:46.844Z - [SYNC]: collect registered sync generators
[NX Daemon Server] - 2025-01-13T21:07:46.844Z - [SYNC]: project graph hash is the same, not collecting task sync generators
[NX Daemon Server] - 2025-01-13T21:07:46.844Z - [SYNC]: nx.json hash is the same, not collecting global sync generators
[NX Daemon Server] - 2025-01-13T21:07:46.844Z - Time taken for 'total execution time for createProjectGraph()' 6.080500000156462ms
[NX Daemon Server] - 2025-01-13T21:07:47.735Z - Established a connection. Number of open connections: 3
[NX Daemon Server] - 2025-01-13T21:07:47.736Z - [REQUEST]: Client Request for Project Graph Received
[NX Daemon Server] - 2025-01-13T21:07:47.736Z - [REQUEST]: Responding to the client. project-graph
[NX Daemon Server] - 2025-01-13T21:07:47.736Z - Time taken for 'total for creating and serializing project graph' 0.12308300007134676ms
[NX Daemon Server] - 2025-01-13T21:07:47.737Z - Closed a connection. Number of open connections: 2
[NX Daemon Server] - 2025-01-13T21:07:47.738Z - Done responding to the client project-graph
[NX Daemon Server] - 2025-01-13T21:07:47.738Z - Handled REQUEST_PROJECT_GRAPH. Handling time: 0. Response time: 2.
[NX Daemon Server] - 2025-01-13T21:07:47.741Z - [REQUEST]: Responding to the client. handleContextFileData
[NX Daemon Server] - 2025-01-13T21:07:47.741Z - Done responding to the client handleContextFileData
[NX Daemon Server] - 2025-01-13T21:07:47.741Z - Handled GET_CONTEXT_FILE_DATA. Handling time: 1. Response time: 0.
[NX Daemon Server] - 2025-01-13T21:07:47.741Z - Closed a connection. Number of open connections: 1
[NX Daemon Server] - 2025-01-13T21:07:47.744Z - Closed a connection. Number of open connections: 0
[NX Daemon Server] - 2025-01-13T21:07:47.745Z - Established a connection. Number of open connections: 1
[NX Daemon Server] - 2025-01-13T21:07:47.745Z - Established a connection. Number of open connections: 2
[NX Daemon Server] - 2025-01-13T21:07:47.745Z - Closed a connection. Number of open connections: 1
[NX Daemon Server] - 2025-01-13T21:07:47.745Z - [REQUEST]: Client Request for Project Graph Received
[NX Daemon Server] - 2025-01-13T21:07:47.745Z - [REQUEST]: Responding to the client. project-graph
[NX Daemon Server] - 2025-01-13T21:07:47.746Z - Time taken for 'total for creating and serializing project graph' 0.06604199949651957ms
[NX Daemon Server] - 2025-01-13T21:07:47.746Z - Done responding to the client project-graph
[NX Daemon Server] - 2025-01-13T21:07:47.746Z - Handled REQUEST_PROJECT_GRAPH. Handling time: 0. Response time: 1.
[NX Daemon Server] - 2025-01-13T21:07:47.747Z - [REQUEST]: Client Request for Project Graph Received
[NX Daemon Server] - 2025-01-13T21:07:47.747Z - [REQUEST]: Responding to the client. project-graph
[NX Daemon Server] - 2025-01-13T21:07:47.747Z - Time taken for 'total for creating and serializing project graph' 0.05537499953061342ms
[NX Daemon Server] - 2025-01-13T21:07:47.748Z - Done responding to the client project-graph
[NX Daemon Server] - 2025-01-13T21:07:47.748Z - Handled REQUEST_PROJECT_GRAPH. Handling time: 0. Response time: 1.
[NX Daemon Server] - 2025-01-13T21:07:47.749Z - Established a connection. Number of open connections: 2
[NX Daemon Server] - 2025-01-13T21:07:47.803Z - [WATCHER]: libs/utils/coverage/.tmp/coverage-0.json was created or restored
[NX Daemon Server] - 2025-01-13T21:07:47.803Z - [WATCHER]: Processing file changes in outputs
[NX Daemon Server] - 2025-01-13T21:07:47.859Z - [WATCHER]: 15 file(s) created or restored, 0 file(s) modified, 1 file(s) deleted
[NX Daemon Server] - 2025-01-13T21:07:47.859Z - [REQUEST]: Responding to the client. File watch changed
[NX Daemon Server] - 2025-01-13T21:07:47.859Z - Done responding to the client File watch changed
[NX Daemon Server] - 2025-01-13T21:07:47.860Z - Handled FILE-WATCH-CHANGED. Handling time: 0. Response time: 1.
[NX Daemon Server] - 2025-01-13T21:07:47.860Z - [WATCHER]: Processing file changes in outputs
[NX Daemon Server] - 2025-01-13T21:07:47.860Z - Time taken for 'changed-projects' 0.043333000503480434ms
[NX Daemon Server] - 2025-01-13T21:07:47.905Z - [REQUEST]: Updated workspace context based on watched changes, recomputing project graph...
[NX Daemon Server] - 2025-01-13T21:07:47.905Z - [REQUEST]: libs/utils/coverage/src/index.html,libs/utils/coverage/index.html,libs/utils/coverage/src/components/slugify.ts.html,libs/utils/coverage/src/index.ts.html,libs/utils/coverage/base.css,libs/utils/coverage/coverage-final.json,libs/utils/coverage/src/components/index.html,libs/utils/coverage/src/is/index.html,libs/utils/coverage/sort-arrow-sprite.png,libs/utils/coverage/sorter.js,libs/utils/coverage/src/is/index.ts.html,libs/utils/coverage/favicon.png,libs/utils/coverage/prettify.css,libs/utils/coverage/block-navigation.js,libs/utils/coverage/prettify.js
[NX Daemon Server] - 2025-01-13T21:07:47.905Z - [REQUEST]: libs/utils/coverage/.tmp/coverage-0.json
[NX Daemon Server] - 2025-01-13T21:07:47.906Z - Time taken for 'hash changed files from watcher' 0.7764999996870756ms
[NX Daemon Server] - 2025-01-13T21:07:47.911Z - Time taken for 'build-project-configs' 3.6084999991580844ms
[NX Daemon Server] - 2025-01-13T21:07:47.920Z - [SYNC]: collect registered sync generators
[NX Daemon Server] - 2025-01-13T21:07:47.920Z - [SYNC]: project graph hash is the same, not collecting task sync generators
[NX Daemon Server] - 2025-01-13T21:07:47.920Z - [SYNC]: nx.json hash is the same, not collecting global sync generators
[NX Daemon Server] - 2025-01-13T21:07:47.920Z - [REQUEST]: Responding to the client. File watch changed
[NX Daemon Server] - 2025-01-13T21:07:47.920Z - Done responding to the client File watch changed
[NX Daemon Server] - 2025-01-13T21:07:47.920Z - Handled FILE-WATCH-CHANGED. Handling time: 0. Response time: 0.
[NX Daemon Server] - 2025-01-13T21:07:47.920Z - Time taken for 'total execution time for createProjectGraph()' 7.329458000138402ms
[NX Daemon Server] - 2025-01-13T21:07:48.925Z - Established a connection. Number of open connections: 3
[NX Daemon Server] - 2025-01-13T21:07:48.926Z - [REQUEST]: Client Request for Project Graph Received
[NX Daemon Server] - 2025-01-13T21:07:48.926Z - [REQUEST]: Responding to the client. project-graph
[NX Daemon Server] - 2025-01-13T21:07:48.927Z - Time taken for 'total for creating and serializing project graph' 0.26287500001490116ms
[NX Daemon Server] - 2025-01-13T21:07:48.927Z - Closed a connection. Number of open connections: 2
[NX Daemon Server] - 2025-01-13T21:07:48.928Z - Done responding to the client project-graph
[NX Daemon Server] - 2025-01-13T21:07:48.928Z - Handled REQUEST_PROJECT_GRAPH. Handling time: 0. Response time: 2.
[NX Daemon Server] - 2025-01-13T21:07:48.931Z - [REQUEST]: Responding to the client. handleContextFileData
[NX Daemon Server] - 2025-01-13T21:07:48.932Z - Done responding to the client handleContextFileData
[NX Daemon Server] - 2025-01-13T21:07:48.932Z - Handled GET_CONTEXT_FILE_DATA. Handling time: 0. Response time: 1.
[NX Daemon Server] - 2025-01-13T21:07:48.932Z - Closed a connection. Number of open connections: 1
[NX Daemon Server] - 2025-01-13T21:07:48.936Z - Closed a connection. Number of open connections: 0
[NX Daemon Server] - 2025-01-13T21:07:48.937Z - Established a connection. Number of open connections: 1
[NX Daemon Server] - 2025-01-13T21:07:48.937Z - Established a connection. Number of open connections: 2
[NX Daemon Server] - 2025-01-13T21:07:48.937Z - Closed a connection. Number of open connections: 1
[NX Daemon Server] - 2025-01-13T21:07:48.937Z - [REQUEST]: Client Request for Project Graph Received
[NX Daemon Server] - 2025-01-13T21:07:48.937Z - [REQUEST]: Responding to the client. project-graph
[NX Daemon Server] - 2025-01-13T21:07:48.937Z - Time taken for 'total for creating and serializing project graph' 0.09845900069922209ms
[NX Daemon Server] - 2025-01-13T21:07:48.938Z - Done responding to the client project-graph
[NX Daemon Server] - 2025-01-13T21:07:48.938Z - Handled REQUEST_PROJECT_GRAPH. Handling time: 0. Response time: 1.
[NX Daemon Server] - 2025-01-13T21:07:48.939Z - [REQUEST]: Client Request for Project Graph Received
[NX Daemon Server] - 2025-01-13T21:07:48.939Z - [REQUEST]: Responding to the client. project-graph
[NX Daemon Server] - 2025-01-13T21:07:48.939Z - Time taken for 'total for creating and serializing project graph' 0.05525000020861626ms
[NX Daemon Server] - 2025-01-13T21:07:48.940Z - Done responding to the client project-graph
[NX Daemon Server] - 2025-01-13T21:07:48.940Z - Handled REQUEST_PROJECT_GRAPH. Handling time: 0. Response time: 1.
[NX Daemon Server] - 2025-01-13T21:07:48.941Z - Established a connection. Number of open connections: 2
[NX Daemon Server] - 2025-01-13T21:07:59.042Z - [WATCHER]: 0 file(s) created or restored, 0 file(s) modified, 15 file(s) deleted
[NX Daemon Server] - 2025-01-13T21:07:59.043Z - [REQUEST]: Responding to the client. File watch changed
[NX Daemon Server] - 2025-01-13T21:07:59.043Z - Done responding to the client File watch changed
[NX Daemon Server] - 2025-01-13T21:07:59.043Z - Handled FILE-WATCH-CHANGED. Handling time: 0. Response time: 0.
[NX Daemon Server] - 2025-01-13T21:07:59.043Z - [WATCHER]: Processing file changes in outputs
[NX Daemon Server] - 2025-01-13T21:07:59.044Z - Time taken for 'changed-projects' 0.1359160002321005ms
[NX Daemon Server] - 2025-01-13T21:07:59.144Z - [REQUEST]: Updated workspace context based on watched changes, recomputing project graph...
[NX Daemon Server] - 2025-01-13T21:07:59.144Z - [REQUEST]: 
[NX Daemon Server] - 2025-01-13T21:07:59.144Z - [REQUEST]: libs/utils/coverage/src/index.ts.html,libs/utils/coverage/src/index.html,libs/utils/coverage/index.html,libs/utils/coverage/src/is/index.ts.html,libs/utils/coverage/sorter.js,libs/utils/coverage/block-navigation.js,libs/utils/coverage/src/components/index.html,libs/utils/coverage/src/is/index.html,libs/utils/coverage/prettify.css,libs/utils/coverage/coverage-final.json,libs/utils/coverage/src/components/slugify.ts.html,libs/utils/coverage/base.css,libs/utils/coverage/sort-arrow-sprite.png,libs/utils/coverage/prettify.js,libs/utils/coverage/favicon.png
[NX Daemon Server] - 2025-01-13T21:07:59.146Z - Time taken for 'hash changed files from watcher' 0.17833399958908558ms
[NX Daemon Server] - 2025-01-13T21:07:59.152Z - Time taken for 'build-project-configs' 5.97083400003612ms
[NX Daemon Server] - 2025-01-13T21:07:59.159Z - [SYNC]: collect registered sync generators
[NX Daemon Server] - 2025-01-13T21:07:59.160Z - [SYNC]: project graph hash is the same, not collecting task sync generators
[NX Daemon Server] - 2025-01-13T21:07:59.160Z - [SYNC]: nx.json hash is the same, not collecting global sync generators
[NX Daemon Server] - 2025-01-13T21:07:59.160Z - Time taken for 'total execution time for createProjectGraph()' 5.946167000569403ms
[NX Daemon Server] - 2025-01-13T21:08:00.047Z - Established a connection. Number of open connections: 3
[NX Daemon Server] - 2025-01-13T21:08:00.049Z - [REQUEST]: Client Request for Project Graph Received
[NX Daemon Server] - 2025-01-13T21:08:00.049Z - [REQUEST]: Responding to the client. project-graph
[NX Daemon Server] - 2025-01-13T21:08:00.050Z - Time taken for 'total for creating and serializing project graph' 0.27549999952316284ms
[NX Daemon Server] - 2025-01-13T21:08:00.050Z - Closed a connection. Number of open connections: 2
[NX Daemon Server] - 2025-01-13T21:08:00.051Z - Done responding to the client project-graph
[NX Daemon Server] - 2025-01-13T21:08:00.051Z - Handled REQUEST_PROJECT_GRAPH. Handling time: 0. Response time: 2.
[NX Daemon Server] - 2025-01-13T21:08:00.053Z - [REQUEST]: Responding to the client. handleContextFileData
[NX Daemon Server] - 2025-01-13T21:08:00.053Z - Done responding to the client handleContextFileData
[NX Daemon Server] - 2025-01-13T21:08:00.053Z - Handled GET_CONTEXT_FILE_DATA. Handling time: 0. Response time: 0.
[NX Daemon Server] - 2025-01-13T21:08:00.054Z - Closed a connection. Number of open connections: 1
[NX Daemon Server] - 2025-01-13T21:08:00.059Z - Closed a connection. Number of open connections: 0
[NX Daemon Server] - 2025-01-13T21:08:00.060Z - Established a connection. Number of open connections: 1
[NX Daemon Server] - 2025-01-13T21:08:00.061Z - Closed a connection. Number of open connections: 0
[NX Daemon Server] - 2025-01-13T21:08:00.061Z - Established a connection. Number of open connections: 1
[NX Daemon Server] - 2025-01-13T21:08:00.061Z - [REQUEST]: Client Request for Project Graph Received
[NX Daemon Server] - 2025-01-13T21:08:00.061Z - [REQUEST]: Responding to the client. project-graph
[NX Daemon Server] - 2025-01-13T21:08:00.061Z - Time taken for 'total for creating and serializing project graph' 0.12937500048428774ms
[NX Daemon Server] - 2025-01-13T21:08:00.064Z - Done responding to the client project-graph
[NX Daemon Server] - 2025-01-13T21:08:00.064Z - Handled REQUEST_PROJECT_GRAPH. Handling time: 0. Response time: 3.
[NX Daemon Server] - 2025-01-13T21:08:00.065Z - [REQUEST]: Client Request for Project Graph Received
[NX Daemon Server] - 2025-01-13T21:08:00.065Z - [REQUEST]: Responding to the client. project-graph
[NX Daemon Server] - 2025-01-13T21:08:00.065Z - Time taken for 'total for creating and serializing project graph' 0.08079199958592653ms
[NX Daemon Server] - 2025-01-13T21:08:00.065Z - Done responding to the client project-graph
[NX Daemon Server] - 2025-01-13T21:08:00.065Z - Handled REQUEST_PROJECT_GRAPH. Handling time: 0. Response time: 0.
[NX Daemon Server] - 2025-01-13T21:08:00.067Z - Established a connection. Number of open connections: 2
[NX Daemon Server] - 2025-01-13T21:08:00.194Z - [WATCHER]: Processing file changes in outputs
[NX Daemon Server] - 2025-01-13T21:08:00.195Z - [WATCHER]: libs/utils/coverage/.tmp/coverage-0.json was created or restored
[NX Daemon Server] - 2025-01-13T21:08:00.249Z - [WATCHER]: 15 file(s) created or restored, 0 file(s) modified, 1 file(s) deleted
[NX Daemon Server] - 2025-01-13T21:08:00.249Z - [REQUEST]: Responding to the client. File watch changed
[NX Daemon Server] - 2025-01-13T21:08:00.249Z - Done responding to the client File watch changed
[NX Daemon Server] - 2025-01-13T21:08:00.249Z - Handled FILE-WATCH-CHANGED. Handling time: 0. Response time: 0.
[NX Daemon Server] - 2025-01-13T21:08:00.249Z - [WATCHER]: Processing file changes in outputs
[NX Daemon Server] - 2025-01-13T21:08:00.249Z - Time taken for 'changed-projects' 0.04337500035762787ms
[NX Daemon Server] - 2025-01-13T21:08:00.295Z - [REQUEST]: Updated workspace context based on watched changes, recomputing project graph...
[NX Daemon Server] - 2025-01-13T21:08:00.296Z - [REQUEST]: libs/utils/coverage/base.css,libs/utils/coverage/coverage-final.json,libs/utils/coverage/sort-arrow-sprite.png,libs/utils/coverage/favicon.png,libs/utils/coverage/index.html,libs/utils/coverage/src/components/index.html,libs/utils/coverage/src/index.html,libs/utils/coverage/src/components/slugify.ts.html,libs/utils/coverage/src/index.ts.html,libs/utils/coverage/block-navigation.js,libs/utils/coverage/sorter.js,libs/utils/coverage/src/is/index.html,libs/utils/coverage/prettify.js,libs/utils/coverage/src/is/index.ts.html,libs/utils/coverage/prettify.css
[NX Daemon Server] - 2025-01-13T21:08:00.296Z - [REQUEST]: libs/utils/coverage/.tmp/coverage-0.json
[NX Daemon Server] - 2025-01-13T21:08:00.298Z - Time taken for 'hash changed files from watcher' 0.5491249999031425ms
[NX Daemon Server] - 2025-01-13T21:08:00.305Z - Time taken for 'build-project-configs' 7.711792000569403ms
[NX Daemon Server] - 2025-01-13T21:08:00.314Z - [SYNC]: collect registered sync generators
[NX Daemon Server] - 2025-01-13T21:08:00.314Z - [SYNC]: project graph hash is the same, not collecting task sync generators
[NX Daemon Server] - 2025-01-13T21:08:00.314Z - [SYNC]: nx.json hash is the same, not collecting global sync generators
[NX Daemon Server] - 2025-01-13T21:08:00.314Z - [REQUEST]: Responding to the client. File watch changed
[NX Daemon Server] - 2025-01-13T21:08:00.314Z - Done responding to the client File watch changed
[NX Daemon Server] - 2025-01-13T21:08:00.314Z - Handled FILE-WATCH-CHANGED. Handling time: 0. Response time: 0.
[NX Daemon Server] - 2025-01-13T21:08:00.314Z - Time taken for 'total execution time for createProjectGraph()' 6.832041999325156ms
[NX Daemon Server] - 2025-01-13T21:08:01.318Z - Established a connection. Number of open connections: 3
[NX Daemon Server] - 2025-01-13T21:08:01.320Z - [REQUEST]: Client Request for Project Graph Received
[NX Daemon Server] - 2025-01-13T21:08:01.320Z - [REQUEST]: Responding to the client. project-graph
[NX Daemon Server] - 2025-01-13T21:08:01.320Z - Time taken for 'total for creating and serializing project graph' 0.24333299975842237ms
[NX Daemon Server] - 2025-01-13T21:08:01.320Z - Closed a connection. Number of open connections: 2
[NX Daemon Server] - 2025-01-13T21:08:01.321Z - Done responding to the client project-graph
[NX Daemon Server] - 2025-01-13T21:08:01.321Z - Handled REQUEST_PROJECT_GRAPH. Handling time: 1. Response time: 1.
[NX Daemon Server] - 2025-01-13T21:08:01.324Z - [REQUEST]: Responding to the client. handleContextFileData
[NX Daemon Server] - 2025-01-13T21:08:01.324Z - Done responding to the client handleContextFileData
[NX Daemon Server] - 2025-01-13T21:08:01.324Z - Handled GET_CONTEXT_FILE_DATA. Handling time: 1. Response time: 0.
[NX Daemon Server] - 2025-01-13T21:08:01.324Z - Closed a connection. Number of open connections: 1
[NX Daemon Server] - 2025-01-13T21:08:01.327Z - Closed a connection. Number of open connections: 0
[NX Daemon Server] - 2025-01-13T21:08:01.327Z - Established a connection. Number of open connections: 1
[NX Daemon Server] - 2025-01-13T21:08:01.327Z - Established a connection. Number of open connections: 2
[NX Daemon Server] - 2025-01-13T21:08:01.327Z - Closed a connection. Number of open connections: 1
[NX Daemon Server] - 2025-01-13T21:08:01.327Z - [REQUEST]: Client Request for Project Graph Received
[NX Daemon Server] - 2025-01-13T21:08:01.327Z - [REQUEST]: Responding to the client. project-graph
[NX Daemon Server] - 2025-01-13T21:08:01.327Z - Time taken for 'total for creating and serializing project graph' 0.07141599990427494ms
[NX Daemon Server] - 2025-01-13T21:08:01.328Z - Done responding to the client project-graph
[NX Daemon Server] - 2025-01-13T21:08:01.328Z - Handled REQUEST_PROJECT_GRAPH. Handling time: 0. Response time: 1.
[NX Daemon Server] - 2025-01-13T21:08:01.329Z - [REQUEST]: Client Request for Project Graph Received
[NX Daemon Server] - 2025-01-13T21:08:01.329Z - [REQUEST]: Responding to the client. project-graph
[NX Daemon Server] - 2025-01-13T21:08:01.329Z - Time taken for 'total for creating and serializing project graph' 0.05549999978393316ms
[NX Daemon Server] - 2025-01-13T21:08:01.329Z - Done responding to the client project-graph
[NX Daemon Server] - 2025-01-13T21:08:01.329Z - Handled REQUEST_PROJECT_GRAPH. Handling time: 0. Response time: 0.
[NX Daemon Server] - 2025-01-13T21:08:01.330Z - Established a connection. Number of open connections: 2
[NX Daemon Server] - 2025-01-13T21:08:45.528Z - [WATCHER]: libs/utils/src/components/slugify.ts was modified
[NX Daemon Server] - 2025-01-13T21:08:45.528Z - [REQUEST]: Responding to the client. File watch changed
[NX Daemon Server] - 2025-01-13T21:08:45.528Z - Done responding to the client File watch changed
[NX Daemon Server] - 2025-01-13T21:08:45.528Z - Handled FILE-WATCH-CHANGED. Handling time: 0. Response time: 0.
[NX Daemon Server] - 2025-01-13T21:08:45.528Z - [WATCHER]: Processing file changes in outputs
[NX Daemon Server] - 2025-01-13T21:08:45.529Z - Time taken for 'changed-projects' 0.053499999456107616ms
[NX Daemon Server] - 2025-01-13T21:08:45.630Z - [REQUEST]: Updated workspace context based on watched changes, recomputing project graph...
[NX Daemon Server] - 2025-01-13T21:08:45.630Z - [REQUEST]: libs/utils/src/components/slugify.ts
[NX Daemon Server] - 2025-01-13T21:08:45.630Z - [REQUEST]: 
[NX Daemon Server] - 2025-01-13T21:08:45.633Z - Time taken for 'hash changed files from watcher' 0.17970800027251244ms
[NX Daemon Server] - 2025-01-13T21:08:45.644Z - Time taken for 'build-project-configs' 11.28333400003612ms
[NX Daemon Server] - 2025-01-13T21:08:45.654Z - [SYNC]: collect registered sync generators
[NX Daemon Server] - 2025-01-13T21:08:45.654Z - [SYNC]: project graph hash is the same, not collecting task sync generators
[NX Daemon Server] - 2025-01-13T21:08:45.654Z - [SYNC]: nx.json hash is the same, not collecting global sync generators
[NX Daemon Server] - 2025-01-13T21:08:45.654Z - Time taken for 'total execution time for createProjectGraph()' 8.202374999411404ms
[NX Daemon Server] - 2025-01-13T21:08:45.849Z - [WATCHER]: 0 file(s) created or restored, 0 file(s) modified, 15 file(s) deleted
[NX Daemon Server] - 2025-01-13T21:08:45.850Z - [REQUEST]: Responding to the client. File watch changed
[NX Daemon Server] - 2025-01-13T21:08:45.850Z - Done responding to the client File watch changed
[NX Daemon Server] - 2025-01-13T21:08:45.850Z - Handled FILE-WATCH-CHANGED. Handling time: 0. Response time: 0.
[NX Daemon Server] - 2025-01-13T21:08:45.850Z - [WATCHER]: Processing file changes in outputs
[NX Daemon Server] - 2025-01-13T21:08:45.850Z - Time taken for 'changed-projects' 0.04629200045019388ms
[NX Daemon Server] - 2025-01-13T21:08:46.049Z - [REQUEST]: Updated workspace context based on watched changes, recomputing project graph...
[NX Daemon Server] - 2025-01-13T21:08:46.049Z - [REQUEST]: 
[NX Daemon Server] - 2025-01-13T21:08:46.049Z - [REQUEST]: libs/utils/coverage/coverage-final.json,libs/utils/coverage/prettify.css,libs/utils/coverage/block-navigation.js,libs/utils/coverage/favicon.png,libs/utils/coverage/base.css,libs/utils/coverage/index.html,libs/utils/coverage/sorter.js,libs/utils/coverage/src/is/index.html,libs/utils/coverage/src/is/index.ts.html,libs/utils/coverage/prettify.js,libs/utils/coverage/src/index.html,libs/utils/coverage/sort-arrow-sprite.png,libs/utils/coverage/src/components/index.html,libs/utils/coverage/src/components/slugify.ts.html,libs/utils/coverage/src/index.ts.html
[NX Daemon Server] - 2025-01-13T21:08:46.050Z - Time taken for 'hash changed files from watcher' 0.09308400005102158ms
[NX Daemon Server] - 2025-01-13T21:08:46.056Z - Time taken for 'build-project-configs' 4.801958000287414ms
[NX Daemon Server] - 2025-01-13T21:08:46.065Z - [SYNC]: collect registered sync generators
[NX Daemon Server] - 2025-01-13T21:08:46.065Z - [SYNC]: project graph hash is the same, not collecting task sync generators
[NX Daemon Server] - 2025-01-13T21:08:46.065Z - [SYNC]: nx.json hash is the same, not collecting global sync generators
[NX Daemon Server] - 2025-01-13T21:08:46.065Z - Time taken for 'total execution time for createProjectGraph()' 7.367499999701977ms
[NX Daemon Server] - 2025-01-13T21:08:46.296Z - [WATCHER]: 10 file(s) created or restored, 0 file(s) modified, 1 file(s) deleted
[NX Daemon Server] - 2025-01-13T21:08:46.296Z - [REQUEST]: Responding to the client. File watch changed
[NX Daemon Server] - 2025-01-13T21:08:46.296Z - Done responding to the client File watch changed
[NX Daemon Server] - 2025-01-13T21:08:46.296Z - Handled FILE-WATCH-CHANGED. Handling time: 0. Response time: 0.
[NX Daemon Server] - 2025-01-13T21:08:46.296Z - [WATCHER]: Processing file changes in outputs
[NX Daemon Server] - 2025-01-13T21:08:46.296Z - Time taken for 'changed-projects' 0.05070899985730648ms
[NX Daemon Server] - 2025-01-13T21:08:46.397Z - [REQUEST]: Updated workspace context based on watched changes, recomputing project graph...
[NX Daemon Server] - 2025-01-13T21:08:46.397Z - [REQUEST]: libs/utils/coverage/index.html,libs/utils/coverage/prettify.js,libs/utils/coverage/base.css,libs/utils/coverage/slugify.ts.html,libs/utils/coverage/favicon.png,libs/utils/coverage/prettify.css,libs/utils/coverage/block-navigation.js,libs/utils/coverage/sort-arrow-sprite.png,libs/utils/coverage/sorter.js,libs/utils/coverage/coverage-final.json
[NX Daemon Server] - 2025-01-13T21:08:46.397Z - [REQUEST]: libs/utils/coverage/.tmp/coverage-1.json
[NX Daemon Server] - 2025-01-13T21:08:46.399Z - Time taken for 'hash changed files from watcher' 0.3432080000638962ms
[NX Daemon Server] - 2025-01-13T21:08:46.403Z - Time taken for 'build-project-configs' 5.052416999824345ms
[NX Daemon Server] - 2025-01-13T21:08:46.413Z - [SYNC]: collect registered sync generators
[NX Daemon Server] - 2025-01-13T21:08:46.413Z - [SYNC]: project graph hash is the same, not collecting task sync generators
[NX Daemon Server] - 2025-01-13T21:08:46.413Z - [SYNC]: nx.json hash is the same, not collecting global sync generators
[NX Daemon Server] - 2025-01-13T21:08:46.413Z - [REQUEST]: Responding to the client. File watch changed
[NX Daemon Server] - 2025-01-13T21:08:46.413Z - Done responding to the client File watch changed
[NX Daemon Server] - 2025-01-13T21:08:46.413Z - Handled FILE-WATCH-CHANGED. Handling time: 0. Response time: 0.
[NX Daemon Server] - 2025-01-13T21:08:46.413Z - Time taken for 'total execution time for createProjectGraph()' 8.29920900054276ms
[NX Daemon Server] - 2025-01-13T21:08:47.420Z - Established a connection. Number of open connections: 3
[NX Daemon Server] - 2025-01-13T21:08:47.421Z - [REQUEST]: Client Request for Project Graph Received
[NX Daemon Server] - 2025-01-13T21:08:47.421Z - [REQUEST]: Responding to the client. project-graph
[NX Daemon Server] - 2025-01-13T21:08:47.421Z - Time taken for 'total for creating and serializing project graph' 0.18729200027883053ms
[NX Daemon Server] - 2025-01-13T21:08:47.421Z - Closed a connection. Number of open connections: 2
[NX Daemon Server] - 2025-01-13T21:08:47.423Z - Done responding to the client project-graph
[NX Daemon Server] - 2025-01-13T21:08:47.423Z - Handled REQUEST_PROJECT_GRAPH. Handling time: 0. Response time: 2.
[NX Daemon Server] - 2025-01-13T21:08:47.425Z - [REQUEST]: Responding to the client. handleContextFileData
[NX Daemon Server] - 2025-01-13T21:08:47.425Z - Done responding to the client handleContextFileData
[NX Daemon Server] - 2025-01-13T21:08:47.425Z - Handled GET_CONTEXT_FILE_DATA. Handling time: 0. Response time: 0.
[NX Daemon Server] - 2025-01-13T21:08:47.426Z - Closed a connection. Number of open connections: 1
[NX Daemon Server] - 2025-01-13T21:08:47.430Z - Closed a connection. Number of open connections: 0
[NX Daemon Server] - 2025-01-13T21:08:47.431Z - Established a connection. Number of open connections: 1
[NX Daemon Server] - 2025-01-13T21:08:47.431Z - Established a connection. Number of open connections: 2
[NX Daemon Server] - 2025-01-13T21:08:47.431Z - Closed a connection. Number of open connections: 1
[NX Daemon Server] - 2025-01-13T21:08:47.431Z - [REQUEST]: Client Request for Project Graph Received
[NX Daemon Server] - 2025-01-13T21:08:47.431Z - [REQUEST]: Responding to the client. project-graph
[NX Daemon Server] - 2025-01-13T21:08:47.432Z - Time taken for 'total for creating and serializing project graph' 0.07416599988937378ms
[NX Daemon Server] - 2025-01-13T21:08:47.432Z - Done responding to the client project-graph
[NX Daemon Server] - 2025-01-13T21:08:47.432Z - Handled REQUEST_PROJECT_GRAPH. Handling time: 0. Response time: 1.
[NX Daemon Server] - 2025-01-13T21:08:47.433Z - [REQUEST]: Client Request for Project Graph Received
[NX Daemon Server] - 2025-01-13T21:08:47.433Z - [REQUEST]: Responding to the client. project-graph
[NX Daemon Server] - 2025-01-13T21:08:47.433Z - Time taken for 'total for creating and serializing project graph' 0.0460829995572567ms
[NX Daemon Server] - 2025-01-13T21:08:47.434Z - Done responding to the client project-graph
[NX Daemon Server] - 2025-01-13T21:08:47.434Z - Handled REQUEST_PROJECT_GRAPH. Handling time: 0. Response time: 1.
[NX Daemon Server] - 2025-01-13T21:08:47.434Z - Established a connection. Number of open connections: 2
[NX Daemon Server] - 2025-01-13T21:09:16.292Z - [WATCHER]: libs/utils/src/components/slugify.test.ts was modified
[NX Daemon Server] - 2025-01-13T21:09:16.293Z - [REQUEST]: Responding to the client. File watch changed
[NX Daemon Server] - 2025-01-13T21:09:16.294Z - Done responding to the client File watch changed
[NX Daemon Server] - 2025-01-13T21:09:16.294Z - Handled FILE-WATCH-CHANGED. Handling time: 0. Response time: 1.
[NX Daemon Server] - 2025-01-13T21:09:16.294Z - [WATCHER]: Processing file changes in outputs
[NX Daemon Server] - 2025-01-13T21:09:16.294Z - Time taken for 'changed-projects' 0.21570800058543682ms
[NX Daemon Server] - 2025-01-13T21:09:16.394Z - [REQUEST]: Updated workspace context based on watched changes, recomputing project graph...
[NX Daemon Server] - 2025-01-13T21:09:16.394Z - [REQUEST]: libs/utils/src/components/slugify.test.ts
[NX Daemon Server] - 2025-01-13T21:09:16.394Z - [REQUEST]: 
[NX Daemon Server] - 2025-01-13T21:09:16.395Z - Time taken for 'hash changed files from watcher' 0.1575419995933771ms
[NX Daemon Server] - 2025-01-13T21:09:16.405Z - Time taken for 'build-project-configs' 9.030957999639213ms
[NX Daemon Server] - 2025-01-13T21:09:16.415Z - [SYNC]: collect registered sync generators
[NX Daemon Server] - 2025-01-13T21:09:16.415Z - [SYNC]: project graph hash is the same, not collecting task sync generators
[NX Daemon Server] - 2025-01-13T21:09:16.415Z - [SYNC]: nx.json hash is the same, not collecting global sync generators
[NX Daemon Server] - 2025-01-13T21:09:16.415Z - Time taken for 'total execution time for createProjectGraph()' 7.648916999809444ms
[NX Daemon Server] - 2025-01-13T21:09:16.594Z - [WATCHER]: 0 file(s) created or restored, 0 file(s) modified, 10 file(s) deleted
[NX Daemon Server] - 2025-01-13T21:09:16.594Z - [REQUEST]: Responding to the client. File watch changed
[NX Daemon Server] - 2025-01-13T21:09:16.594Z - Done responding to the client File watch changed
[NX Daemon Server] - 2025-01-13T21:09:16.594Z - Handled FILE-WATCH-CHANGED. Handling time: 0. Response time: 0.
[NX Daemon Server] - 2025-01-13T21:09:16.594Z - [WATCHER]: Processing file changes in outputs
[NX Daemon Server] - 2025-01-13T21:09:16.594Z - Time taken for 'changed-projects' 0.04162499960511923ms
[NX Daemon Server] - 2025-01-13T21:09:16.794Z - [REQUEST]: Updated workspace context based on watched changes, recomputing project graph...
[NX Daemon Server] - 2025-01-13T21:09:16.794Z - [REQUEST]: 
[NX Daemon Server] - 2025-01-13T21:09:16.794Z - [REQUEST]: libs/utils/coverage/sort-arrow-sprite.png,libs/utils/coverage/sorter.js,libs/utils/coverage/prettify.js,libs/utils/coverage/coverage-final.json,libs/utils/coverage/base.css,libs/utils/coverage/prettify.css,libs/utils/coverage/index.html,libs/utils/coverage/favicon.png,libs/utils/coverage/block-navigation.js,libs/utils/coverage/slugify.ts.html
[NX Daemon Server] - 2025-01-13T21:09:16.795Z - Time taken for 'hash changed files from watcher' 0.08041599951684475ms
[NX Daemon Server] - 2025-01-13T21:09:16.799Z - Time taken for 'build-project-configs' 4.077457999810576ms
[NX Daemon Server] - 2025-01-13T21:09:16.806Z - [SYNC]: collect registered sync generators
[NX Daemon Server] - 2025-01-13T21:09:16.806Z - [SYNC]: project graph hash is the same, not collecting task sync generators
[NX Daemon Server] - 2025-01-13T21:09:16.806Z - [SYNC]: nx.json hash is the same, not collecting global sync generators
[NX Daemon Server] - 2025-01-13T21:09:16.807Z - Time taken for 'total execution time for createProjectGraph()' 5.255416999571025ms
[NX Daemon Server] - 2025-01-13T21:09:16.904Z - [WATCHER]: Processing file changes in outputs
[NX Daemon Server] - 2025-01-13T21:09:16.905Z - [WATCHER]: libs/utils/coverage/.tmp/coverage-2.json was deleted
[NX Daemon Server] - 2025-01-13T21:09:16.905Z - [REQUEST]: Responding to the client. File watch changed
[NX Daemon Server] - 2025-01-13T21:09:16.905Z - Done responding to the client File watch changed
[NX Daemon Server] - 2025-01-13T21:09:16.905Z - Handled FILE-WATCH-CHANGED. Handling time: 0. Response time: 0.
[NX Daemon Server] - 2025-01-13T21:09:16.905Z - Time taken for 'changed-projects' 0.05954200029373169ms
[NX Daemon Server] - 2025-01-13T21:09:17.305Z - [REQUEST]: Updated workspace context based on watched changes, recomputing project graph...
[NX Daemon Server] - 2025-01-13T21:09:17.305Z - [REQUEST]: 
[NX Daemon Server] - 2025-01-13T21:09:17.305Z - [REQUEST]: libs/utils/coverage/.tmp/coverage-2.json
[NX Daemon Server] - 2025-01-13T21:09:17.307Z - Time taken for 'hash changed files from watcher' 0.17287500016391277ms
[NX Daemon Server] - 2025-01-13T21:09:17.312Z - Time taken for 'build-project-configs' 4.850333000533283ms
[NX Daemon Server] - 2025-01-13T21:09:17.319Z - [SYNC]: collect registered sync generators
[NX Daemon Server] - 2025-01-13T21:09:17.319Z - [SYNC]: project graph hash is the same, not collecting task sync generators
[NX Daemon Server] - 2025-01-13T21:09:17.319Z - [SYNC]: nx.json hash is the same, not collecting global sync generators
[NX Daemon Server] - 2025-01-13T21:09:17.319Z - Time taken for 'total execution time for createProjectGraph()' 5.3453330006450415ms
[NX Daemon Server] - 2025-01-13T21:09:17.908Z - Established a connection. Number of open connections: 3
[NX Daemon Server] - 2025-01-13T21:09:17.908Z - [REQUEST]: Client Request for Project Graph Received
[NX Daemon Server] - 2025-01-13T21:09:17.908Z - [REQUEST]: Responding to the client. project-graph
[NX Daemon Server] - 2025-01-13T21:09:17.909Z - Time taken for 'total for creating and serializing project graph' 0.11179200001060963ms
[NX Daemon Server] - 2025-01-13T21:09:17.909Z - Closed a connection. Number of open connections: 2
[NX Daemon Server] - 2025-01-13T21:09:17.909Z - Done responding to the client project-graph
[NX Daemon Server] - 2025-01-13T21:09:17.909Z - Handled REQUEST_PROJECT_GRAPH. Handling time: 0. Response time: 1.
[NX Daemon Server] - 2025-01-13T21:09:17.911Z - [REQUEST]: Responding to the client. handleContextFileData
[NX Daemon Server] - 2025-01-13T21:09:17.911Z - Done responding to the client handleContextFileData
[NX Daemon Server] - 2025-01-13T21:09:17.911Z - Handled GET_CONTEXT_FILE_DATA. Handling time: 0. Response time: 0.
[NX Daemon Server] - 2025-01-13T21:09:17.912Z - Closed a connection. Number of open connections: 1
[NX Daemon Server] - 2025-01-13T21:09:17.914Z - Closed a connection. Number of open connections: 0
[NX Daemon Server] - 2025-01-13T21:09:17.915Z - Established a connection. Number of open connections: 1
[NX Daemon Server] - 2025-01-13T21:09:17.915Z - Established a connection. Number of open connections: 2
[NX Daemon Server] - 2025-01-13T21:09:17.915Z - Closed a connection. Number of open connections: 1
[NX Daemon Server] - 2025-01-13T21:09:17.915Z - [REQUEST]: Client Request for Project Graph Received
[NX Daemon Server] - 2025-01-13T21:09:17.915Z - [REQUEST]: Responding to the client. project-graph
[NX Daemon Server] - 2025-01-13T21:09:17.915Z - Time taken for 'total for creating and serializing project graph' 0.054250000044703484ms
[NX Daemon Server] - 2025-01-13T21:09:17.916Z - Done responding to the client project-graph
[NX Daemon Server] - 2025-01-13T21:09:17.916Z - Handled REQUEST_PROJECT_GRAPH. Handling time: 0. Response time: 1.
[NX Daemon Server] - 2025-01-13T21:09:17.916Z - [REQUEST]: Client Request for Project Graph Received
[NX Daemon Server] - 2025-01-13T21:09:17.916Z - [REQUEST]: Responding to the client. project-graph
[NX Daemon Server] - 2025-01-13T21:09:17.917Z - Time taken for 'total for creating and serializing project graph' 0.05679200030863285ms
[NX Daemon Server] - 2025-01-13T21:09:17.917Z - Done responding to the client project-graph
[NX Daemon Server] - 2025-01-13T21:09:17.917Z - Handled REQUEST_PROJECT_GRAPH. Handling time: 0. Response time: 1.
[NX Daemon Server] - 2025-01-13T21:09:17.918Z - Established a connection. Number of open connections: 2
[NX Daemon Server] - 2025-01-13T21:09:29.698Z - [WATCHER]: libs/utils/src/components/slugify.test.ts was modified
[NX Daemon Server] - 2025-01-13T21:09:29.698Z - [REQUEST]: Responding to the client. File watch changed
[NX Daemon Server] - 2025-01-13T21:09:29.698Z - Done responding to the client File watch changed
[NX Daemon Server] - 2025-01-13T21:09:29.698Z - Handled FILE-WATCH-CHANGED. Handling time: 0. Response time: 0.
[NX Daemon Server] - 2025-01-13T21:09:29.698Z - [WATCHER]: Processing file changes in outputs
[NX Daemon Server] - 2025-01-13T21:09:29.698Z - Time taken for 'changed-projects' 0.0493330005556345ms
[NX Daemon Server] - 2025-01-13T21:09:29.798Z - [REQUEST]: Updated workspace context based on watched changes, recomputing project graph...
[NX Daemon Server] - 2025-01-13T21:09:29.798Z - [REQUEST]: libs/utils/src/components/slugify.test.ts
[NX Daemon Server] - 2025-01-13T21:09:29.798Z - [REQUEST]: 
[NX Daemon Server] - 2025-01-13T21:09:29.800Z - Time taken for 'hash changed files from watcher' 0.1625419994816184ms
[NX Daemon Server] - 2025-01-13T21:09:29.809Z - Time taken for 'build-project-configs' 7.787208000198007ms
[NX Daemon Server] - 2025-01-13T21:09:29.819Z - [SYNC]: collect registered sync generators
[NX Daemon Server] - 2025-01-13T21:09:29.820Z - [SYNC]: project graph hash is the same, not collecting task sync generators
[NX Daemon Server] - 2025-01-13T21:09:29.820Z - [SYNC]: nx.json hash is the same, not collecting global sync generators
[NX Daemon Server] - 2025-01-13T21:09:29.820Z - Time taken for 'total execution time for createProjectGraph()' 9.179041999392211ms
[NX Daemon Server] - 2025-01-13T21:09:30.190Z - [WATCHER]: libs/utils/coverage/.tmp/coverage-3.json was deleted
[NX Daemon Server] - 2025-01-13T21:09:30.190Z - [REQUEST]: Responding to the client. File watch changed
[NX Daemon Server] - 2025-01-13T21:09:30.191Z - Done responding to the client File watch changed
[NX Daemon Server] - 2025-01-13T21:09:30.191Z - Handled FILE-WATCH-CHANGED. Handling time: 0. Response time: 1.
[NX Daemon Server] - 2025-01-13T21:09:30.191Z - [WATCHER]: Processing file changes in outputs
[NX Daemon Server] - 2025-01-13T21:09:30.191Z - Time taken for 'changed-projects' 0.03316699992865324ms
[NX Daemon Server] - 2025-01-13T21:09:30.390Z - [REQUEST]: Updated workspace context based on watched changes, recomputing project graph...
[NX Daemon Server] - 2025-01-13T21:09:30.390Z - [REQUEST]: 
[NX Daemon Server] - 2025-01-13T21:09:30.390Z - [REQUEST]: libs/utils/coverage/.tmp/coverage-3.json
[NX Daemon Server] - 2025-01-13T21:09:30.392Z - Time taken for 'hash changed files from watcher' 0.16933299973607063ms
[NX Daemon Server] - 2025-01-13T21:09:30.397Z - Time taken for 'build-project-configs' 4.58245800063014ms
[NX Daemon Server] - 2025-01-13T21:09:30.403Z - [SYNC]: collect registered sync generators
[NX Daemon Server] - 2025-01-13T21:09:30.403Z - [SYNC]: project graph hash is the same, not collecting task sync generators
[NX Daemon Server] - 2025-01-13T21:09:30.403Z - [SYNC]: nx.json hash is the same, not collecting global sync generators
[NX Daemon Server] - 2025-01-13T21:09:30.403Z - Time taken for 'total execution time for createProjectGraph()' 4.537375000305474ms
[NX Daemon Server] - 2025-01-13T21:09:31.193Z - Established a connection. Number of open connections: 3
[NX Daemon Server] - 2025-01-13T21:09:31.193Z - [REQUEST]: Client Request for Project Graph Received
[NX Daemon Server] - 2025-01-13T21:09:31.193Z - [REQUEST]: Responding to the client. project-graph
[NX Daemon Server] - 2025-01-13T21:09:31.194Z - Time taken for 'total for creating and serializing project graph' 0.12045800033956766ms
[NX Daemon Server] - 2025-01-13T21:09:31.194Z - Closed a connection. Number of open connections: 2
[NX Daemon Server] - 2025-01-13T21:09:31.194Z - Done responding to the client project-graph
[NX Daemon Server] - 2025-01-13T21:09:31.194Z - Handled REQUEST_PROJECT_GRAPH. Handling time: 0. Response time: 1.
[NX Daemon Server] - 2025-01-13T21:09:31.196Z - [REQUEST]: Responding to the client. handleContextFileData
[NX Daemon Server] - 2025-01-13T21:09:31.196Z - Done responding to the client handleContextFileData
[NX Daemon Server] - 2025-01-13T21:09:31.196Z - Handled GET_CONTEXT_FILE_DATA. Handling time: 0. Response time: 0.
[NX Daemon Server] - 2025-01-13T21:09:31.196Z - Closed a connection. Number of open connections: 1
[NX Daemon Server] - 2025-01-13T21:09:31.200Z - Closed a connection. Number of open connections: 0
[NX Daemon Server] - 2025-01-13T21:09:31.202Z - Established a connection. Number of open connections: 1
[NX Daemon Server] - 2025-01-13T21:09:31.202Z - Established a connection. Number of open connections: 2
[NX Daemon Server] - 2025-01-13T21:09:31.202Z - Closed a connection. Number of open connections: 1
[NX Daemon Server] - 2025-01-13T21:09:31.202Z - [REQUEST]: Client Request for Project Graph Received
[NX Daemon Server] - 2025-01-13T21:09:31.202Z - [REQUEST]: Responding to the client. project-graph
[NX Daemon Server] - 2025-01-13T21:09:31.202Z - Time taken for 'total for creating and serializing project graph' 0.1344590000808239ms
[NX Daemon Server] - 2025-01-13T21:09:31.203Z - Done responding to the client project-graph
[NX Daemon Server] - 2025-01-13T21:09:31.203Z - Handled REQUEST_PROJECT_GRAPH. Handling time: 0. Response time: 1.
[NX Daemon Server] - 2025-01-13T21:09:31.204Z - [REQUEST]: Client Request for Project Graph Received
[NX Daemon Server] - 2025-01-13T21:09:31.204Z - [REQUEST]: Responding to the client. project-graph
[NX Daemon Server] - 2025-01-13T21:09:31.204Z - Time taken for 'total for creating and serializing project graph' 0.05708399973809719ms
[NX Daemon Server] - 2025-01-13T21:09:31.205Z - Done responding to the client project-graph
[NX Daemon Server] - 2025-01-13T21:09:31.205Z - Handled REQUEST_PROJECT_GRAPH. Handling time: 0. Response time: 1.
[NX Daemon Server] - 2025-01-13T21:09:31.206Z - Established a connection. Number of open connections: 2
[NX Daemon Server] - 2025-01-13T21:09:31.791Z - [WATCHER]: libs/utils/src/components/slugify.test.ts was modified
[NX Daemon Server] - 2025-01-13T21:09:31.791Z - [REQUEST]: Responding to the client. File watch changed
[NX Daemon Server] - 2025-01-13T21:09:31.791Z - Done responding to the client File watch changed
[NX Daemon Server] - 2025-01-13T21:09:31.791Z - Handled FILE-WATCH-CHANGED. Handling time: 0. Response time: 0.
[NX Daemon Server] - 2025-01-13T21:09:31.791Z - [WATCHER]: Processing file changes in outputs
[NX Daemon Server] - 2025-01-13T21:09:31.791Z - Time taken for 'changed-projects' 0.03754099924117327ms
[NX Daemon Server] - 2025-01-13T21:09:31.891Z - [REQUEST]: Updated workspace context based on watched changes, recomputing project graph...
[NX Daemon Server] - 2025-01-13T21:09:31.891Z - [REQUEST]: libs/utils/src/components/slugify.test.ts
[NX Daemon Server] - 2025-01-13T21:09:31.891Z - [REQUEST]: 
[NX Daemon Server] - 2025-01-13T21:09:31.893Z - Time taken for 'hash changed files from watcher' 0.16754100006073713ms
[NX Daemon Server] - 2025-01-13T21:09:31.899Z - Time taken for 'build-project-configs' 6.260792000219226ms
[NX Daemon Server] - 2025-01-13T21:09:31.913Z - [SYNC]: collect registered sync generators
[NX Daemon Server] - 2025-01-13T21:09:31.914Z - [SYNC]: project graph hash is the same, not collecting task sync generators
[NX Daemon Server] - 2025-01-13T21:09:31.914Z - [SYNC]: nx.json hash is the same, not collecting global sync generators
[NX Daemon Server] - 2025-01-13T21:09:31.914Z - Time taken for 'total execution time for createProjectGraph()' 11.949125000275671ms
[NX Daemon Server] - 2025-01-13T21:09:32.346Z - [WATCHER]: libs/utils/coverage/.tmp/coverage-4.json was deleted
[NX Daemon Server] - 2025-01-13T21:09:32.346Z - [REQUEST]: Responding to the client. File watch changed
[NX Daemon Server] - 2025-01-13T21:09:32.346Z - Done responding to the client File watch changed
[NX Daemon Server] - 2025-01-13T21:09:32.346Z - Handled FILE-WATCH-CHANGED. Handling time: 0. Response time: 0.
[NX Daemon Server] - 2025-01-13T21:09:32.346Z - [WATCHER]: Processing file changes in outputs
[NX Daemon Server] - 2025-01-13T21:09:32.346Z - Time taken for 'changed-projects' 0.024000000208616257ms
[NX Daemon Server] - 2025-01-13T21:09:32.547Z - [REQUEST]: Updated workspace context based on watched changes, recomputing project graph...
[NX Daemon Server] - 2025-01-13T21:09:32.547Z - [REQUEST]: 
[NX Daemon Server] - 2025-01-13T21:09:32.547Z - [REQUEST]: libs/utils/coverage/.tmp/coverage-4.json
[NX Daemon Server] - 2025-01-13T21:09:32.548Z - Time taken for 'hash changed files from watcher' 0.09566699992865324ms
[NX Daemon Server] - 2025-01-13T21:09:32.553Z - Time taken for 'build-project-configs' 4.1243750005960464ms
[NX Daemon Server] - 2025-01-13T21:09:32.560Z - [SYNC]: collect registered sync generators
[NX Daemon Server] - 2025-01-13T21:09:32.560Z - [SYNC]: project graph hash is the same, not collecting task sync generators
[NX Daemon Server] - 2025-01-13T21:09:32.560Z - [SYNC]: nx.json hash is the same, not collecting global sync generators
[NX Daemon Server] - 2025-01-13T21:09:32.560Z - Time taken for 'total execution time for createProjectGraph()' 5.70437499973923ms
[NX Daemon Server] - 2025-01-13T21:09:33.348Z - Established a connection. Number of open connections: 3
[NX Daemon Server] - 2025-01-13T21:09:33.348Z - [REQUEST]: Client Request for Project Graph Received
[NX Daemon Server] - 2025-01-13T21:09:33.349Z - [REQUEST]: Responding to the client. project-graph
[NX Daemon Server] - 2025-01-13T21:09:33.349Z - Time taken for 'total for creating and serializing project graph' 0.11783299967646599ms
[NX Daemon Server] - 2025-01-13T21:09:33.349Z - Closed a connection. Number of open connections: 2
[NX Daemon Server] - 2025-01-13T21:09:33.349Z - Done responding to the client project-graph
[NX Daemon Server] - 2025-01-13T21:09:33.349Z - Handled REQUEST_PROJECT_GRAPH. Handling time: 1. Response time: 0.
[NX Daemon Server] - 2025-01-13T21:09:33.351Z - [REQUEST]: Responding to the client. handleContextFileData
[NX Daemon Server] - 2025-01-13T21:09:33.351Z - Done responding to the client handleContextFileData
[NX Daemon Server] - 2025-01-13T21:09:33.351Z - Handled GET_CONTEXT_FILE_DATA. Handling time: 0. Response time: 0.
[NX Daemon Server] - 2025-01-13T21:09:33.351Z - Closed a connection. Number of open connections: 1
[NX Daemon Server] - 2025-01-13T21:09:33.353Z - Closed a connection. Number of open connections: 0
[NX Daemon Server] - 2025-01-13T21:09:33.354Z - Established a connection. Number of open connections: 1
[NX Daemon Server] - 2025-01-13T21:09:33.354Z - Established a connection. Number of open connections: 2
[NX Daemon Server] - 2025-01-13T21:09:33.354Z - Closed a connection. Number of open connections: 1
[NX Daemon Server] - 2025-01-13T21:09:33.354Z - [REQUEST]: Client Request for Project Graph Received
[NX Daemon Server] - 2025-01-13T21:09:33.354Z - [REQUEST]: Responding to the client. project-graph
[NX Daemon Server] - 2025-01-13T21:09:33.354Z - Time taken for 'total for creating and serializing project graph' 0.0641250004991889ms
[NX Daemon Server] - 2025-01-13T21:09:33.355Z - Done responding to the client project-graph
[NX Daemon Server] - 2025-01-13T21:09:33.355Z - Handled REQUEST_PROJECT_GRAPH. Handling time: 0. Response time: 1.
[NX Daemon Server] - 2025-01-13T21:09:33.356Z - [REQUEST]: Client Request for Project Graph Received
[NX Daemon Server] - 2025-01-13T21:09:33.356Z - [REQUEST]: Responding to the client. project-graph
[NX Daemon Server] - 2025-01-13T21:09:33.356Z - Time taken for 'total for creating and serializing project graph' 0.06562499981373549ms
[NX Daemon Server] - 2025-01-13T21:09:33.356Z - Done responding to the client project-graph
[NX Daemon Server] - 2025-01-13T21:09:33.356Z - Handled REQUEST_PROJECT_GRAPH. Handling time: 0. Response time: 0.
[NX Daemon Server] - 2025-01-13T21:09:33.357Z - Established a connection. Number of open connections: 2
[NX Daemon Server] - 2025-01-13T21:09:35.201Z - [WATCHER]: libs/utils/src/components/slugify.test.ts was modified
[NX Daemon Server] - 2025-01-13T21:09:35.202Z - [REQUEST]: Responding to the client. File watch changed
[NX Daemon Server] - 2025-01-13T21:09:35.202Z - Done responding to the client File watch changed
[NX Daemon Server] - 2025-01-13T21:09:35.202Z - Handled FILE-WATCH-CHANGED. Handling time: 0. Response time: 0.
[NX Daemon Server] - 2025-01-13T21:09:35.202Z - [WATCHER]: Processing file changes in outputs
[NX Daemon Server] - 2025-01-13T21:09:35.202Z - Time taken for 'changed-projects' 0.05166700016707182ms
[NX Daemon Server] - 2025-01-13T21:09:35.302Z - [REQUEST]: Updated workspace context based on watched changes, recomputing project graph...
[NX Daemon Server] - 2025-01-13T21:09:35.302Z - [REQUEST]: libs/utils/src/components/slugify.test.ts
[NX Daemon Server] - 2025-01-13T21:09:35.302Z - [REQUEST]: 
[NX Daemon Server] - 2025-01-13T21:09:35.303Z - Time taken for 'hash changed files from watcher' 0.16087500005960464ms
[NX Daemon Server] - 2025-01-13T21:09:35.310Z - Time taken for 'build-project-configs' 6.010416999459267ms
[NX Daemon Server] - 2025-01-13T21:09:35.321Z - [SYNC]: collect registered sync generators
[NX Daemon Server] - 2025-01-13T21:09:35.321Z - [SYNC]: project graph hash is the same, not collecting task sync generators
[NX Daemon Server] - 2025-01-13T21:09:35.321Z - [SYNC]: nx.json hash is the same, not collecting global sync generators
[NX Daemon Server] - 2025-01-13T21:09:35.321Z - Time taken for 'total execution time for createProjectGraph()' 8.204958000220358ms
[NX Daemon Server] - 2025-01-13T21:09:35.698Z - [WATCHER]: Processing file changes in outputs
[NX Daemon Server] - 2025-01-13T21:09:35.699Z - [WATCHER]: libs/utils/coverage/.tmp/coverage-5.json was deleted
[NX Daemon Server] - 2025-01-13T21:09:35.699Z - [REQUEST]: Responding to the client. File watch changed
[NX Daemon Server] - 2025-01-13T21:09:35.699Z - Done responding to the client File watch changed
[NX Daemon Server] - 2025-01-13T21:09:35.699Z - Handled FILE-WATCH-CHANGED. Handling time: 0. Response time: 0.
[NX Daemon Server] - 2025-01-13T21:09:35.699Z - Time taken for 'changed-projects' 0.03054200019687414ms
[NX Daemon Server] - 2025-01-13T21:09:35.900Z - [REQUEST]: Updated workspace context based on watched changes, recomputing project graph...
[NX Daemon Server] - 2025-01-13T21:09:35.900Z - [REQUEST]: 
[NX Daemon Server] - 2025-01-13T21:09:35.900Z - [REQUEST]: libs/utils/coverage/.tmp/coverage-5.json
[NX Daemon Server] - 2025-01-13T21:09:35.901Z - Time taken for 'hash changed files from watcher' 0.09729199949651957ms
[NX Daemon Server] - 2025-01-13T21:09:35.906Z - Time taken for 'build-project-configs' 4.359875000081956ms
[NX Daemon Server] - 2025-01-13T21:09:35.913Z - [SYNC]: collect registered sync generators
[NX Daemon Server] - 2025-01-13T21:09:35.913Z - [SYNC]: project graph hash is the same, not collecting task sync generators
[NX Daemon Server] - 2025-01-13T21:09:35.913Z - [SYNC]: nx.json hash is the same, not collecting global sync generators
[NX Daemon Server] - 2025-01-13T21:09:35.913Z - Time taken for 'total execution time for createProjectGraph()' 5.995249999687076ms
[NX Daemon Server] - 2025-01-13T21:09:36.703Z - Established a connection. Number of open connections: 3
[NX Daemon Server] - 2025-01-13T21:09:36.705Z - [REQUEST]: Client Request for Project Graph Received
[NX Daemon Server] - 2025-01-13T21:09:36.705Z - [REQUEST]: Responding to the client. project-graph
[NX Daemon Server] - 2025-01-13T21:09:36.706Z - Time taken for 'total for creating and serializing project graph' 0.23612499982118607ms
[NX Daemon Server] - 2025-01-13T21:09:36.706Z - Closed a connection. Number of open connections: 2
[NX Daemon Server] - 2025-01-13T21:09:36.707Z - Done responding to the client project-graph
[NX Daemon Server] - 2025-01-13T21:09:36.707Z - Handled REQUEST_PROJECT_GRAPH. Handling time: 0. Response time: 2.
[NX Daemon Server] - 2025-01-13T21:09:36.710Z - [REQUEST]: Responding to the client. handleContextFileData
[NX Daemon Server] - 2025-01-13T21:09:36.710Z - Done responding to the client handleContextFileData
[NX Daemon Server] - 2025-01-13T21:09:36.710Z - Handled GET_CONTEXT_FILE_DATA. Handling time: 1. Response time: 0.
[NX Daemon Server] - 2025-01-13T21:09:36.710Z - Closed a connection. Number of open connections: 1
[NX Daemon Server] - 2025-01-13T21:09:36.713Z - Closed a connection. Number of open connections: 0
[NX Daemon Server] - 2025-01-13T21:09:36.714Z - Established a connection. Number of open connections: 1
[NX Daemon Server] - 2025-01-13T21:09:36.714Z - Established a connection. Number of open connections: 2
[NX Daemon Server] - 2025-01-13T21:09:36.714Z - Closed a connection. Number of open connections: 1
[NX Daemon Server] - 2025-01-13T21:09:36.714Z - [REQUEST]: Client Request for Project Graph Received
[NX Daemon Server] - 2025-01-13T21:09:36.714Z - [REQUEST]: Responding to the client. project-graph
[NX Daemon Server] - 2025-01-13T21:09:36.714Z - Time taken for 'total for creating and serializing project graph' 0.06970899924635887ms
[NX Daemon Server] - 2025-01-13T21:09:36.714Z - Done responding to the client project-graph
[NX Daemon Server] - 2025-01-13T21:09:36.714Z - Handled REQUEST_PROJECT_GRAPH. Handling time: 0. Response time: 0.
[NX Daemon Server] - 2025-01-13T21:09:36.715Z - [REQUEST]: Client Request for Project Graph Received
[NX Daemon Server] - 2025-01-13T21:09:36.715Z - [REQUEST]: Responding to the client. project-graph
[NX Daemon Server] - 2025-01-13T21:09:36.715Z - Time taken for 'total for creating and serializing project graph' 0.056750000454485416ms
[NX Daemon Server] - 2025-01-13T21:09:36.716Z - Done responding to the client project-graph
[NX Daemon Server] - 2025-01-13T21:09:36.716Z - Handled REQUEST_PROJECT_GRAPH. Handling time: 0. Response time: 1.
[NX Daemon Server] - 2025-01-13T21:09:36.717Z - Established a connection. Number of open connections: 2
[NX Daemon Server] - 2025-01-13T21:09:54.083Z - [WATCHER]: libs/utils/src/components/slugify.test.ts was modified
[NX Daemon Server] - 2025-01-13T21:09:54.083Z - [REQUEST]: Responding to the client. File watch changed
[NX Daemon Server] - 2025-01-13T21:09:54.083Z - Done responding to the client File watch changed
[NX Daemon Server] - 2025-01-13T21:09:54.083Z - Handled FILE-WATCH-CHANGED. Handling time: 0. Response time: 0.
[NX Daemon Server] - 2025-01-13T21:09:54.083Z - [WATCHER]: Processing file changes in outputs
[NX Daemon Server] - 2025-01-13T21:09:54.083Z - Time taken for 'changed-projects' 0.03183299954980612ms
[NX Daemon Server] - 2025-01-13T21:09:54.184Z - [REQUEST]: Updated workspace context based on watched changes, recomputing project graph...
[NX Daemon Server] - 2025-01-13T21:09:54.184Z - [REQUEST]: libs/utils/src/components/slugify.test.ts
[NX Daemon Server] - 2025-01-13T21:09:54.184Z - [REQUEST]: 
[NX Daemon Server] - 2025-01-13T21:09:54.185Z - Time taken for 'hash changed files from watcher' 0.15037500020116568ms
[NX Daemon Server] - 2025-01-13T21:09:54.190Z - Time taken for 'build-project-configs' 4.559000000357628ms
[NX Daemon Server] - 2025-01-13T21:09:54.198Z - [SYNC]: collect registered sync generators
[NX Daemon Server] - 2025-01-13T21:09:54.198Z - [SYNC]: project graph hash is the same, not collecting task sync generators
[NX Daemon Server] - 2025-01-13T21:09:54.199Z - [SYNC]: nx.json hash is the same, not collecting global sync generators
[NX Daemon Server] - 2025-01-13T21:09:54.199Z - Time taken for 'total execution time for createProjectGraph()' 7.059999999590218ms
[NX Daemon Server] - 2025-01-13T21:09:54.767Z - [WATCHER]: libs/utils/coverage/.tmp/coverage-6.json was deleted
[NX Daemon Server] - 2025-01-13T21:09:54.767Z - [REQUEST]: Responding to the client. File watch changed
[NX Daemon Server] - 2025-01-13T21:09:54.767Z - Done responding to the client File watch changed
[NX Daemon Server] - 2025-01-13T21:09:54.767Z - Handled FILE-WATCH-CHANGED. Handling time: 0. Response time: 0.
[NX Daemon Server] - 2025-01-13T21:09:54.767Z - [WATCHER]: Processing file changes in outputs
[NX Daemon Server] - 2025-01-13T21:09:54.767Z - Time taken for 'changed-projects' 0.02987500000745058ms
[NX Daemon Server] - 2025-01-13T21:09:54.967Z - [REQUEST]: Updated workspace context based on watched changes, recomputing project graph...
[NX Daemon Server] - 2025-01-13T21:09:54.968Z - [REQUEST]: 
[NX Daemon Server] - 2025-01-13T21:09:54.968Z - [REQUEST]: libs/utils/coverage/.tmp/coverage-6.json
[NX Daemon Server] - 2025-01-13T21:09:54.970Z - Time taken for 'hash changed files from watcher' 0.20562500040978193ms
[NX Daemon Server] - 2025-01-13T21:09:54.975Z - Time taken for 'build-project-configs' 5.393458000384271ms
[NX Daemon Server] - 2025-01-13T21:09:54.981Z - [SYNC]: collect registered sync generators
[NX Daemon Server] - 2025-01-13T21:09:54.981Z - [SYNC]: project graph hash is the same, not collecting task sync generators
[NX Daemon Server] - 2025-01-13T21:09:54.981Z - [SYNC]: nx.json hash is the same, not collecting global sync generators
[NX Daemon Server] - 2025-01-13T21:09:54.981Z - Time taken for 'total execution time for createProjectGraph()' 4.699709000065923ms
[NX Daemon Server] - 2025-01-13T21:09:55.772Z - Established a connection. Number of open connections: 3
[NX Daemon Server] - 2025-01-13T21:09:55.774Z - [REQUEST]: Client Request for Project Graph Received
[NX Daemon Server] - 2025-01-13T21:09:55.774Z - [REQUEST]: Responding to the client. project-graph
[NX Daemon Server] - 2025-01-13T21:09:55.775Z - Time taken for 'total for creating and serializing project graph' 0.29841599985957146ms
[NX Daemon Server] - 2025-01-13T21:09:55.775Z - Closed a connection. Number of open connections: 2
[NX Daemon Server] - 2025-01-13T21:09:55.776Z - Done responding to the client project-graph
[NX Daemon Server] - 2025-01-13T21:09:55.776Z - Handled REQUEST_PROJECT_GRAPH. Handling time: 0. Response time: 2.
[NX Daemon Server] - 2025-01-13T21:09:55.778Z - [REQUEST]: Responding to the client. handleContextFileData
[NX Daemon Server] - 2025-01-13T21:09:55.778Z - Done responding to the client handleContextFileData
[NX Daemon Server] - 2025-01-13T21:09:55.778Z - Handled GET_CONTEXT_FILE_DATA. Handling time: 0. Response time: 0.
[NX Daemon Server] - 2025-01-13T21:09:55.778Z - Closed a connection. Number of open connections: 1
[NX Daemon Server] - 2025-01-13T21:09:55.782Z - Closed a connection. Number of open connections: 0
[NX Daemon Server] - 2025-01-13T21:09:55.782Z - Established a connection. Number of open connections: 1
[NX Daemon Server] - 2025-01-13T21:09:55.782Z - Established a connection. Number of open connections: 2
[NX Daemon Server] - 2025-01-13T21:09:55.782Z - Closed a connection. Number of open connections: 1
[NX Daemon Server] - 2025-01-13T21:09:55.783Z - [REQUEST]: Client Request for Project Graph Received
[NX Daemon Server] - 2025-01-13T21:09:55.783Z - [REQUEST]: Responding to the client. project-graph
[NX Daemon Server] - 2025-01-13T21:09:55.783Z - Time taken for 'total for creating and serializing project graph' 0.07329099997878075ms
[NX Daemon Server] - 2025-01-13T21:09:55.783Z - Done responding to the client project-graph
[NX Daemon Server] - 2025-01-13T21:09:55.783Z - Handled REQUEST_PROJECT_GRAPH. Handling time: 0. Response time: 0.
[NX Daemon Server] - 2025-01-13T21:09:55.785Z - [REQUEST]: Client Request for Project Graph Received
[NX Daemon Server] - 2025-01-13T21:09:55.785Z - [REQUEST]: Responding to the client. project-graph
[NX Daemon Server] - 2025-01-13T21:09:55.785Z - Time taken for 'total for creating and serializing project graph' 0.06499999947845936ms
[NX Daemon Server] - 2025-01-13T21:09:55.786Z - Done responding to the client project-graph
[NX Daemon Server] - 2025-01-13T21:09:55.786Z - Handled REQUEST_PROJECT_GRAPH. Handling time: 0. Response time: 1.
[NX Daemon Server] - 2025-01-13T21:09:55.787Z - Established a connection. Number of open connections: 2
[NX Daemon Server] - 2025-01-13T21:13:14.491Z - [WATCHER]: libs/utils/src/components/slugify.ts was modified
[NX Daemon Server] - 2025-01-13T21:13:14.492Z - [REQUEST]: Responding to the client. File watch changed
[NX Daemon Server] - 2025-01-13T21:13:14.492Z - Done responding to the client File watch changed
[NX Daemon Server] - 2025-01-13T21:13:14.492Z - Handled FILE-WATCH-CHANGED. Handling time: 0. Response time: 0.
[NX Daemon Server] - 2025-01-13T21:13:14.492Z - [WATCHER]: Processing file changes in outputs
[NX Daemon Server] - 2025-01-13T21:13:14.492Z - Time taken for 'changed-projects' 0.046833000145852566ms
[NX Daemon Server] - 2025-01-13T21:13:14.592Z - [REQUEST]: Updated workspace context based on watched changes, recomputing project graph...
[NX Daemon Server] - 2025-01-13T21:13:14.592Z - [REQUEST]: libs/utils/src/components/slugify.ts
[NX Daemon Server] - 2025-01-13T21:13:14.592Z - [REQUEST]: 
[NX Daemon Server] - 2025-01-13T21:13:14.593Z - Time taken for 'hash changed files from watcher' 0.09708300046622753ms
[NX Daemon Server] - 2025-01-13T21:13:14.602Z - Time taken for 'build-project-configs' 7.500291000120342ms
[NX Daemon Server] - 2025-01-13T21:13:14.613Z - [SYNC]: collect registered sync generators
[NX Daemon Server] - 2025-01-13T21:13:14.613Z - [SYNC]: project graph hash is the same, not collecting task sync generators
[NX Daemon Server] - 2025-01-13T21:13:14.613Z - [SYNC]: nx.json hash is the same, not collecting global sync generators
[NX Daemon Server] - 2025-01-13T21:13:14.613Z - Time taken for 'total execution time for createProjectGraph()' 9.05016600061208ms
[NX Daemon Server] - 2025-01-13T21:13:15.266Z - [WATCHER]: libs/utils/coverage/.tmp/coverage-7.json was deleted
[NX Daemon Server] - 2025-01-13T21:13:15.266Z - [REQUEST]: Responding to the client. File watch changed
[NX Daemon Server] - 2025-01-13T21:13:15.267Z - Done responding to the client File watch changed
[NX Daemon Server] - 2025-01-13T21:13:15.267Z - Handled FILE-WATCH-CHANGED. Handling time: 0. Response time: 1.
[NX Daemon Server] - 2025-01-13T21:13:15.267Z - [WATCHER]: Processing file changes in outputs
[NX Daemon Server] - 2025-01-13T21:13:15.267Z - Time taken for 'changed-projects' 0.03300000075250864ms
[NX Daemon Server] - 2025-01-13T21:13:15.467Z - [REQUEST]: Updated workspace context based on watched changes, recomputing project graph...
[NX Daemon Server] - 2025-01-13T21:13:15.467Z - [REQUEST]: 
[NX Daemon Server] - 2025-01-13T21:13:15.467Z - [REQUEST]: libs/utils/coverage/.tmp/coverage-7.json
[NX Daemon Server] - 2025-01-13T21:13:15.470Z - Time taken for 'hash changed files from watcher' 0.09787499997764826ms
[NX Daemon Server] - 2025-01-13T21:13:15.478Z - Time taken for 'build-project-configs' 8.292915999889374ms
[NX Daemon Server] - 2025-01-13T21:13:15.486Z - [SYNC]: collect registered sync generators
[NX Daemon Server] - 2025-01-13T21:13:15.486Z - [SYNC]: project graph hash is the same, not collecting task sync generators
[NX Daemon Server] - 2025-01-13T21:13:15.486Z - [SYNC]: nx.json hash is the same, not collecting global sync generators
[NX Daemon Server] - 2025-01-13T21:13:15.486Z - Time taken for 'total execution time for createProjectGraph()' 7.308333000168204ms
[NX Daemon Server] - 2025-01-13T21:13:16.278Z - Established a connection. Number of open connections: 3
[NX Daemon Server] - 2025-01-13T21:13:16.278Z - Closed a connection. Number of open connections: 2
[NX Daemon Server] - 2025-01-13T21:13:16.279Z - [REQUEST]: Client Request for Project Graph Received
[NX Daemon Server] - 2025-01-13T21:13:16.279Z - [REQUEST]: Responding to the client. project-graph
[NX Daemon Server] - 2025-01-13T21:13:16.279Z - Time taken for 'total for creating and serializing project graph' 0.20029200054705143ms
[NX Daemon Server] - 2025-01-13T21:13:16.282Z - Done responding to the client project-graph
[NX Daemon Server] - 2025-01-13T21:13:16.282Z - Handled REQUEST_PROJECT_GRAPH. Handling time: 0. Response time: 3.
[NX Daemon Server] - 2025-01-13T21:13:16.285Z - [REQUEST]: Responding to the client. handleContextFileData
[NX Daemon Server] - 2025-01-13T21:13:16.285Z - Done responding to the client handleContextFileData
[NX Daemon Server] - 2025-01-13T21:13:16.285Z - Handled GET_CONTEXT_FILE_DATA. Handling time: 0. Response time: 0.
[NX Daemon Server] - 2025-01-13T21:13:16.286Z - Closed a connection. Number of open connections: 1
[NX Daemon Server] - 2025-01-13T21:13:16.291Z - Closed a connection. Number of open connections: 0
[NX Daemon Server] - 2025-01-13T21:13:16.292Z - Established a connection. Number of open connections: 1
[NX Daemon Server] - 2025-01-13T21:13:16.292Z - Established a connection. Number of open connections: 2
[NX Daemon Server] - 2025-01-13T21:13:16.292Z - Closed a connection. Number of open connections: 1
[NX Daemon Server] - 2025-01-13T21:13:16.292Z - [REQUEST]: Client Request for Project Graph Received
[NX Daemon Server] - 2025-01-13T21:13:16.293Z - [REQUEST]: Responding to the client. project-graph
[NX Daemon Server] - 2025-01-13T21:13:16.293Z - Time taken for 'total for creating and serializing project graph' 0.11175000015646219ms
[NX Daemon Server] - 2025-01-13T21:13:16.293Z - Done responding to the client project-graph
[NX Daemon Server] - 2025-01-13T21:13:16.293Z - Handled REQUEST_PROJECT_GRAPH. Handling time: 1. Response time: 0.
[NX Daemon Server] - 2025-01-13T21:13:16.295Z - [REQUEST]: Client Request for Project Graph Received
[NX Daemon Server] - 2025-01-13T21:13:16.295Z - [REQUEST]: Responding to the client. project-graph
[NX Daemon Server] - 2025-01-13T21:13:16.295Z - Time taken for 'total for creating and serializing project graph' 0.07987499982118607ms
[NX Daemon Server] - 2025-01-13T21:13:16.296Z - Done responding to the client project-graph
[NX Daemon Server] - 2025-01-13T21:13:16.296Z - Handled REQUEST_PROJECT_GRAPH. Handling time: 0. Response time: 1.
[NX Daemon Server] - 2025-01-13T21:13:16.297Z - Established a connection. Number of open connections: 2
[NX Daemon Server] - 2025-01-13T21:14:16.172Z - [WATCHER]: Processing file changes in outputs
[NX Daemon Server] - 2025-01-13T21:14:16.174Z - [WATCHER]: libs/utils/src/components/slugify.test.ts was modified
[NX Daemon Server] - 2025-01-13T21:14:16.174Z - [REQUEST]: Responding to the client. File watch changed
[NX Daemon Server] - 2025-01-13T21:14:16.174Z - Done responding to the client File watch changed
[NX Daemon Server] - 2025-01-13T21:14:16.174Z - Handled FILE-WATCH-CHANGED. Handling time: 0. Response time: 0.
[NX Daemon Server] - 2025-01-13T21:14:16.174Z - Time taken for 'changed-projects' 0.06187499966472387ms
[NX Daemon Server] - 2025-01-13T21:14:16.274Z - [REQUEST]: Updated workspace context based on watched changes, recomputing project graph...
[NX Daemon Server] - 2025-01-13T21:14:16.275Z - [REQUEST]: libs/utils/src/components/slugify.test.ts
[NX Daemon Server] - 2025-01-13T21:14:16.275Z - [REQUEST]: 
[NX Daemon Server] - 2025-01-13T21:14:16.276Z - Time taken for 'hash changed files from watcher' 0.14375000074505806ms
[NX Daemon Server] - 2025-01-13T21:14:16.285Z - Time taken for 'build-project-configs' 8.693709000013769ms
[NX Daemon Server] - 2025-01-13T21:14:16.293Z - [SYNC]: collect registered sync generators
[NX Daemon Server] - 2025-01-13T21:14:16.293Z - [SYNC]: project graph hash is the same, not collecting task sync generators
[NX Daemon Server] - 2025-01-13T21:14:16.294Z - [SYNC]: nx.json hash is the same, not collecting global sync generators
[NX Daemon Server] - 2025-01-13T21:14:16.294Z - Time taken for 'total execution time for createProjectGraph()' 6.717000000178814ms
[NX Daemon Server] - 2025-01-13T21:14:16.825Z - [WATCHER]: Processing file changes in outputs
[NX Daemon Server] - 2025-01-13T21:14:16.825Z - [WATCHER]: libs/utils/coverage/.tmp/coverage-8.json was deleted
[NX Daemon Server] - 2025-01-13T21:14:16.825Z - [REQUEST]: Responding to the client. File watch changed
[NX Daemon Server] - 2025-01-13T21:14:16.825Z - Done responding to the client File watch changed
[NX Daemon Server] - 2025-01-13T21:14:16.826Z - Handled FILE-WATCH-CHANGED. Handling time: 0. Response time: 1.
[NX Daemon Server] - 2025-01-13T21:14:16.826Z - Time taken for 'changed-projects' 0.027166999876499176ms
[NX Daemon Server] - 2025-01-13T21:14:17.026Z - [REQUEST]: Updated workspace context based on watched changes, recomputing project graph...
[NX Daemon Server] - 2025-01-13T21:14:17.027Z - [REQUEST]: 
[NX Daemon Server] - 2025-01-13T21:14:17.027Z - [REQUEST]: libs/utils/coverage/.tmp/coverage-8.json
[NX Daemon Server] - 2025-01-13T21:14:17.028Z - Time taken for 'hash changed files from watcher' 0.09445799980312586ms
[NX Daemon Server] - 2025-01-13T21:14:17.033Z - Time taken for 'build-project-configs' 4.274458000436425ms
[NX Daemon Server] - 2025-01-13T21:14:17.043Z - [SYNC]: collect registered sync generators
[NX Daemon Server] - 2025-01-13T21:14:17.043Z - [SYNC]: project graph hash is the same, not collecting task sync generators
[NX Daemon Server] - 2025-01-13T21:14:17.043Z - [SYNC]: nx.json hash is the same, not collecting global sync generators
[NX Daemon Server] - 2025-01-13T21:14:17.043Z - Time taken for 'total execution time for createProjectGraph()' 8.746584000065923ms
[NX Daemon Server] - 2025-01-13T21:14:17.831Z - Established a connection. Number of open connections: 3
[NX Daemon Server] - 2025-01-13T21:14:17.832Z - [REQUEST]: Client Request for Project Graph Received
[NX Daemon Server] - 2025-01-13T21:14:17.833Z - [REQUEST]: Responding to the client. project-graph
[NX Daemon Server] - 2025-01-13T21:14:17.833Z - Time taken for 'total for creating and serializing project graph' 0.21495799999684095ms
[NX Daemon Server] - 2025-01-13T21:14:17.833Z - Closed a connection. Number of open connections: 2
[NX Daemon Server] - 2025-01-13T21:14:17.833Z - Done responding to the client project-graph
[NX Daemon Server] - 2025-01-13T21:14:17.834Z - Handled REQUEST_PROJECT_GRAPH. Handling time: 1. Response time: 1.
[NX Daemon Server] - 2025-01-13T21:14:17.836Z - [REQUEST]: Responding to the client. handleContextFileData
[NX Daemon Server] - 2025-01-13T21:14:17.836Z - Done responding to the client handleContextFileData
[NX Daemon Server] - 2025-01-13T21:14:17.836Z - Handled GET_CONTEXT_FILE_DATA. Handling time: 0. Response time: 0.
[NX Daemon Server] - 2025-01-13T21:14:17.836Z - Closed a connection. Number of open connections: 1
[NX Daemon Server] - 2025-01-13T21:14:17.842Z - Closed a connection. Number of open connections: 0
[NX Daemon Server] - 2025-01-13T21:14:17.842Z - Established a connection. Number of open connections: 1
[NX Daemon Server] - 2025-01-13T21:14:17.843Z - Established a connection. Number of open connections: 2
[NX Daemon Server] - 2025-01-13T21:14:17.843Z - Closed a connection. Number of open connections: 1
[NX Daemon Server] - 2025-01-13T21:14:17.843Z - [REQUEST]: Client Request for Project Graph Received
[NX Daemon Server] - 2025-01-13T21:14:17.843Z - [REQUEST]: Responding to the client. project-graph
[NX Daemon Server] - 2025-01-13T21:14:17.844Z - Time taken for 'total for creating and serializing project graph' 0.060042000375688076ms
[NX Daemon Server] - 2025-01-13T21:14:17.844Z - Done responding to the client project-graph
[NX Daemon Server] - 2025-01-13T21:14:17.844Z - Handled REQUEST_PROJECT_GRAPH. Handling time: 0. Response time: 1.
[NX Daemon Server] - 2025-01-13T21:14:17.845Z - [REQUEST]: Client Request for Project Graph Received
[NX Daemon Server] - 2025-01-13T21:14:17.845Z - [REQUEST]: Responding to the client. project-graph
[NX Daemon Server] - 2025-01-13T21:14:17.845Z - Time taken for 'total for creating and serializing project graph' 0.04412500001490116ms
[NX Daemon Server] - 2025-01-13T21:14:17.845Z - Done responding to the client project-graph
[NX Daemon Server] - 2025-01-13T21:14:17.845Z - Handled REQUEST_PROJECT_GRAPH. Handling time: 0. Response time: 0.
[NX Daemon Server] - 2025-01-13T21:14:17.846Z - Established a connection. Number of open connections: 2
[NX Daemon Server] - 2025-01-13T21:14:18.984Z - [WATCHER]: libs/utils/src/components/slugify.test.ts was modified
[NX Daemon Server] - 2025-01-13T21:14:18.984Z - [REQUEST]: Responding to the client. File watch changed
[NX Daemon Server] - 2025-01-13T21:14:18.984Z - Done responding to the client File watch changed
[NX Daemon Server] - 2025-01-13T21:14:18.984Z - Handled FILE-WATCH-CHANGED. Handling time: 0. Response time: 0.
[NX Daemon Server] - 2025-01-13T21:14:18.984Z - [WATCHER]: Processing file changes in outputs
[NX Daemon Server] - 2025-01-13T21:14:18.984Z - Time taken for 'changed-projects' 0.028583000414073467ms
[NX Daemon Server] - 2025-01-13T21:14:19.084Z - [REQUEST]: Updated workspace context based on watched changes, recomputing project graph...
[NX Daemon Server] - 2025-01-13T21:14:19.084Z - [REQUEST]: libs/utils/src/components/slugify.test.ts
[NX Daemon Server] - 2025-01-13T21:14:19.084Z - [REQUEST]: 
[NX Daemon Server] - 2025-01-13T21:14:19.085Z - Time taken for 'hash changed files from watcher' 0.14241600036621094ms
[NX Daemon Server] - 2025-01-13T21:14:19.091Z - Time taken for 'build-project-configs' 5.744625000283122ms
[NX Daemon Server] - 2025-01-13T21:14:19.100Z - [SYNC]: collect registered sync generators
[NX Daemon Server] - 2025-01-13T21:14:19.100Z - [SYNC]: project graph hash is the same, not collecting task sync generators
[NX Daemon Server] - 2025-01-13T21:14:19.100Z - [SYNC]: nx.json hash is the same, not collecting global sync generators
[NX Daemon Server] - 2025-01-13T21:14:19.100Z - Time taken for 'total execution time for createProjectGraph()' 7.0408330000936985ms
[NX Daemon Server] - 2025-01-13T21:14:19.593Z - [WATCHER]: libs/utils/coverage/.tmp/coverage-9.json was deleted
[NX Daemon Server] - 2025-01-13T21:14:19.593Z - [REQUEST]: Responding to the client. File watch changed
[NX Daemon Server] - 2025-01-13T21:14:19.594Z - Done responding to the client File watch changed
[NX Daemon Server] - 2025-01-13T21:14:19.594Z - Handled FILE-WATCH-CHANGED. Handling time: 0. Response time: 1.
[NX Daemon Server] - 2025-01-13T21:14:19.594Z - [WATCHER]: Processing file changes in outputs
[NX Daemon Server] - 2025-01-13T21:14:19.594Z - Time taken for 'changed-projects' 0.040749999694526196ms
[NX Daemon Server] - 2025-01-13T21:14:19.794Z - [REQUEST]: Updated workspace context based on watched changes, recomputing project graph...
[NX Daemon Server] - 2025-01-13T21:14:19.794Z - [REQUEST]: 
[NX Daemon Server] - 2025-01-13T21:14:19.794Z - [REQUEST]: libs/utils/coverage/.tmp/coverage-9.json
[NX Daemon Server] - 2025-01-13T21:14:19.795Z - Time taken for 'hash changed files from watcher' 0.08766699954867363ms
[NX Daemon Server] - 2025-01-13T21:14:19.800Z - Time taken for 'build-project-configs' 4.485708000138402ms
[NX Daemon Server] - 2025-01-13T21:14:19.806Z - [SYNC]: collect registered sync generators
[NX Daemon Server] - 2025-01-13T21:14:19.806Z - [SYNC]: project graph hash is the same, not collecting task sync generators
[NX Daemon Server] - 2025-01-13T21:14:19.806Z - [SYNC]: nx.json hash is the same, not collecting global sync generators
[NX Daemon Server] - 2025-01-13T21:14:19.806Z - Time taken for 'total execution time for createProjectGraph()' 4.74791599996388ms
[NX Daemon Server] - 2025-01-13T21:14:20.598Z - Established a connection. Number of open connections: 3
[NX Daemon Server] - 2025-01-13T21:14:20.599Z - [REQUEST]: Client Request for Project Graph Received
[NX Daemon Server] - 2025-01-13T21:14:20.600Z - [REQUEST]: Responding to the client. project-graph
[NX Daemon Server] - 2025-01-13T21:14:20.600Z - Time taken for 'total for creating and serializing project graph' 0.304042000323534ms
[NX Daemon Server] - 2025-01-13T21:14:20.600Z - Closed a connection. Number of open connections: 2
[NX Daemon Server] - 2025-01-13T21:14:20.602Z - Done responding to the client project-graph
[NX Daemon Server] - 2025-01-13T21:14:20.602Z - Handled REQUEST_PROJECT_GRAPH. Handling time: 1. Response time: 2.
[NX Daemon Server] - 2025-01-13T21:14:20.604Z - [REQUEST]: Responding to the client. handleContextFileData
[NX Daemon Server] - 2025-01-13T21:14:20.604Z - Done responding to the client handleContextFileData
[NX Daemon Server] - 2025-01-13T21:14:20.604Z - Handled GET_CONTEXT_FILE_DATA. Handling time: 0. Response time: 0.
[NX Daemon Server] - 2025-01-13T21:14:20.605Z - Closed a connection. Number of open connections: 1
[NX Daemon Server] - 2025-01-13T21:14:20.608Z - Closed a connection. Number of open connections: 0
[NX Daemon Server] - 2025-01-13T21:14:20.608Z - Established a connection. Number of open connections: 1
[NX Daemon Server] - 2025-01-13T21:14:20.608Z - Closed a connection. Number of open connections: 0
[NX Daemon Server] - 2025-01-13T21:14:20.608Z - Established a connection. Number of open connections: 1
[NX Daemon Server] - 2025-01-13T21:14:20.609Z - [REQUEST]: Client Request for Project Graph Received
[NX Daemon Server] - 2025-01-13T21:14:20.609Z - [REQUEST]: Responding to the client. project-graph
[NX Daemon Server] - 2025-01-13T21:14:20.609Z - Time taken for 'total for creating and serializing project graph' 0.07979200035333633ms
[NX Daemon Server] - 2025-01-13T21:14:20.613Z - Done responding to the client project-graph
[NX Daemon Server] - 2025-01-13T21:14:20.613Z - Handled REQUEST_PROJECT_GRAPH. Handling time: 0. Response time: 4.
[NX Daemon Server] - 2025-01-13T21:14:20.614Z - [REQUEST]: Client Request for Project Graph Received
[NX Daemon Server] - 2025-01-13T21:14:20.614Z - [REQUEST]: Responding to the client. project-graph
[NX Daemon Server] - 2025-01-13T21:14:20.614Z - Time taken for 'total for creating and serializing project graph' 0.08370900060981512ms
[NX Daemon Server] - 2025-01-13T21:14:20.614Z - Done responding to the client project-graph
[NX Daemon Server] - 2025-01-13T21:14:20.614Z - Handled REQUEST_PROJECT_GRAPH. Handling time: 0. Response time: 0.
[NX Daemon Server] - 2025-01-13T21:14:20.615Z - Established a connection. Number of open connections: 2
[NX Daemon Server] - 2025-01-13T21:14:45.376Z - [WATCHER]: libs/utils/src/components/slugify.ts was modified
[NX Daemon Server] - 2025-01-13T21:14:45.376Z - [REQUEST]: Responding to the client. File watch changed
[NX Daemon Server] - 2025-01-13T21:14:45.376Z - Done responding to the client File watch changed
[NX Daemon Server] - 2025-01-13T21:14:45.376Z - Handled FILE-WATCH-CHANGED. Handling time: 0. Response time: 0.
[NX Daemon Server] - 2025-01-13T21:14:45.376Z - [WATCHER]: Processing file changes in outputs
[NX Daemon Server] - 2025-01-13T21:14:45.376Z - Time taken for 'changed-projects' 0.047249999828636646ms
[NX Daemon Server] - 2025-01-13T21:14:45.478Z - [REQUEST]: Updated workspace context based on watched changes, recomputing project graph...
[NX Daemon Server] - 2025-01-13T21:14:45.478Z - [REQUEST]: libs/utils/src/components/slugify.ts
[NX Daemon Server] - 2025-01-13T21:14:45.478Z - [REQUEST]: 
[NX Daemon Server] - 2025-01-13T21:14:45.479Z - Time taken for 'hash changed files from watcher' 0.23337499983608723ms
[NX Daemon Server] - 2025-01-13T21:14:45.489Z - Time taken for 'build-project-configs' 8.209917000494897ms
[NX Daemon Server] - 2025-01-13T21:14:45.500Z - [SYNC]: collect registered sync generators
[NX Daemon Server] - 2025-01-13T21:14:45.500Z - [SYNC]: project graph hash is the same, not collecting task sync generators
[NX Daemon Server] - 2025-01-13T21:14:45.500Z - [SYNC]: nx.json hash is the same, not collecting global sync generators
[NX Daemon Server] - 2025-01-13T21:14:45.500Z - Time taken for 'total execution time for createProjectGraph()' 9.636582999490201ms
[NX Daemon Server] - 2025-01-13T21:14:46.088Z - [WATCHER]: libs/utils/coverage/.tmp/coverage-10.json was deleted
[NX Daemon Server] - 2025-01-13T21:14:46.088Z - [REQUEST]: Responding to the client. File watch changed
[NX Daemon Server] - 2025-01-13T21:14:46.088Z - Done responding to the client File watch changed
[NX Daemon Server] - 2025-01-13T21:14:46.088Z - Handled FILE-WATCH-CHANGED. Handling time: 0. Response time: 0.
[NX Daemon Server] - 2025-01-13T21:14:46.088Z - [WATCHER]: Processing file changes in outputs
[NX Daemon Server] - 2025-01-13T21:14:46.088Z - Time taken for 'changed-projects' 0.0304169999435544ms
[NX Daemon Server] - 2025-01-13T21:14:46.289Z - [REQUEST]: Updated workspace context based on watched changes, recomputing project graph...
[NX Daemon Server] - 2025-01-13T21:14:46.289Z - [REQUEST]: 
[NX Daemon Server] - 2025-01-13T21:14:46.289Z - [REQUEST]: libs/utils/coverage/.tmp/coverage-10.json
[NX Daemon Server] - 2025-01-13T21:14:46.290Z - Time taken for 'hash changed files from watcher' 0.09991699922829866ms
[NX Daemon Server] - 2025-01-13T21:14:46.294Z - Time taken for 'build-project-configs' 3.5782500002533197ms
[NX Daemon Server] - 2025-01-13T21:14:46.301Z - [SYNC]: collect registered sync generators
[NX Daemon Server] - 2025-01-13T21:14:46.301Z - [SYNC]: project graph hash is the same, not collecting task sync generators
[NX Daemon Server] - 2025-01-13T21:14:46.301Z - [SYNC]: nx.json hash is the same, not collecting global sync generators
[NX Daemon Server] - 2025-01-13T21:14:46.301Z - Time taken for 'total execution time for createProjectGraph()' 5.315042000263929ms
[NX Daemon Server] - 2025-01-13T21:14:46.302Z - [WATCHER]: libs/utils/src/components/slugify.ts was modified
[NX Daemon Server] - 2025-01-13T21:14:46.302Z - [REQUEST]: Responding to the client. File watch changed
[NX Daemon Server] - 2025-01-13T21:14:46.302Z - Done responding to the client File watch changed
[NX Daemon Server] - 2025-01-13T21:14:46.302Z - Handled FILE-WATCH-CHANGED. Handling time: 0. Response time: 0.
[NX Daemon Server] - 2025-01-13T21:14:46.302Z - [WATCHER]: Processing file changes in outputs
[NX Daemon Server] - 2025-01-13T21:14:46.302Z - Time taken for 'changed-projects' 0.028458000160753727ms
[NX Daemon Server] - 2025-01-13T21:14:46.705Z - [REQUEST]: Updated workspace context based on watched changes, recomputing project graph...
[NX Daemon Server] - 2025-01-13T21:14:46.705Z - [REQUEST]: libs/utils/src/components/slugify.ts
[NX Daemon Server] - 2025-01-13T21:14:46.705Z - [REQUEST]: 
[NX Daemon Server] - 2025-01-13T21:14:46.708Z - Time taken for 'hash changed files from watcher' 1.493750000372529ms
[NX Daemon Server] - 2025-01-13T21:14:46.715Z - Time taken for 'build-project-configs' 5.98995800036937ms
[NX Daemon Server] - 2025-01-13T21:14:46.724Z - [SYNC]: collect registered sync generators
[NX Daemon Server] - 2025-01-13T21:14:46.724Z - [SYNC]: project graph hash is the same, not collecting task sync generators
[NX Daemon Server] - 2025-01-13T21:14:46.724Z - [SYNC]: nx.json hash is the same, not collecting global sync generators
[NX Daemon Server] - 2025-01-13T21:14:46.725Z - Time taken for 'total execution time for createProjectGraph()' 7.96875ms
[NX Daemon Server] - 2025-01-13T21:14:46.746Z - [WATCHER]: libs/utils/coverage/.tmp/coverage-11.json was deleted
[NX Daemon Server] - 2025-01-13T21:14:46.746Z - [REQUEST]: Responding to the client. File watch changed
[NX Daemon Server] - 2025-01-13T21:14:46.746Z - Done responding to the client File watch changed
[NX Daemon Server] - 2025-01-13T21:14:46.746Z - Handled FILE-WATCH-CHANGED. Handling time: 0. Response time: 0.
[NX Daemon Server] - 2025-01-13T21:14:46.746Z - [WATCHER]: Processing file changes in outputs
[NX Daemon Server] - 2025-01-13T21:14:46.747Z - Time taken for 'changed-projects' 0.021290999837219715ms
[NX Daemon Server] - 2025-01-13T21:14:47.547Z - [REQUEST]: Updated workspace context based on watched changes, recomputing project graph...
[NX Daemon Server] - 2025-01-13T21:14:47.547Z - [REQUEST]: 
[NX Daemon Server] - 2025-01-13T21:14:47.547Z - [REQUEST]: libs/utils/coverage/.tmp/coverage-11.json
[NX Daemon Server] - 2025-01-13T21:14:47.550Z - Time taken for 'hash changed files from watcher' 0.23987499997019768ms
[NX Daemon Server] - 2025-01-13T21:14:47.560Z - Time taken for 'build-project-configs' 9.427040999755263ms
[NX Daemon Server] - 2025-01-13T21:14:47.570Z - [SYNC]: collect registered sync generators
[NX Daemon Server] - 2025-01-13T21:14:47.571Z - [SYNC]: project graph hash is the same, not collecting task sync generators
[NX Daemon Server] - 2025-01-13T21:14:47.571Z - [SYNC]: nx.json hash is the same, not collecting global sync generators
[NX Daemon Server] - 2025-01-13T21:14:47.571Z - Time taken for 'total execution time for createProjectGraph()' 8.885666999965906ms
[NX Daemon Server] - 2025-01-13T21:14:47.751Z - Established a connection. Number of open connections: 3
[NX Daemon Server] - 2025-01-13T21:14:47.751Z - [REQUEST]: Client Request for Project Graph Received
[NX Daemon Server] - 2025-01-13T21:14:47.752Z - [REQUEST]: Responding to the client. project-graph
[NX Daemon Server] - 2025-01-13T21:14:47.752Z - Time taken for 'total for creating and serializing project graph' 0.2419590000063181ms
[NX Daemon Server] - 2025-01-13T21:14:47.752Z - Closed a connection. Number of open connections: 2
[NX Daemon Server] - 2025-01-13T21:14:47.753Z - Done responding to the client project-graph
[NX Daemon Server] - 2025-01-13T21:14:47.753Z - Handled REQUEST_PROJECT_GRAPH. Handling time: 1. Response time: 1.
[NX Daemon Server] - 2025-01-13T21:14:47.757Z - [REQUEST]: Responding to the client. handleContextFileData
[NX Daemon Server] - 2025-01-13T21:14:47.757Z - Done responding to the client handleContextFileData
[NX Daemon Server] - 2025-01-13T21:14:47.757Z - Handled GET_CONTEXT_FILE_DATA. Handling time: 1. Response time: 0.
[NX Daemon Server] - 2025-01-13T21:14:47.757Z - Closed a connection. Number of open connections: 1
[NX Daemon Server] - 2025-01-13T21:14:47.763Z - Closed a connection. Number of open connections: 0
[NX Daemon Server] - 2025-01-13T21:14:47.764Z - Established a connection. Number of open connections: 1
[NX Daemon Server] - 2025-01-13T21:14:47.764Z - Closed a connection. Number of open connections: 0
[NX Daemon Server] - 2025-01-13T21:14:47.764Z - Established a connection. Number of open connections: 1
[NX Daemon Server] - 2025-01-13T21:14:47.764Z - [REQUEST]: Client Request for Project Graph Received
[NX Daemon Server] - 2025-01-13T21:14:47.764Z - [REQUEST]: Responding to the client. project-graph
[NX Daemon Server] - 2025-01-13T21:14:47.764Z - Time taken for 'total for creating and serializing project graph' 0.10400000028312206ms
[NX Daemon Server] - 2025-01-13T21:14:47.765Z - Done responding to the client project-graph
[NX Daemon Server] - 2025-01-13T21:14:47.765Z - Handled REQUEST_PROJECT_GRAPH. Handling time: 0. Response time: 1.
[NX Daemon Server] - 2025-01-13T21:14:47.766Z - [REQUEST]: Client Request for Project Graph Received
[NX Daemon Server] - 2025-01-13T21:14:47.767Z - [REQUEST]: Responding to the client. project-graph
[NX Daemon Server] - 2025-01-13T21:14:47.767Z - Time taken for 'total for creating and serializing project graph' 0.11070900037884712ms
[NX Daemon Server] - 2025-01-13T21:14:47.767Z - Done responding to the client project-graph
[NX Daemon Server] - 2025-01-13T21:14:47.767Z - Handled REQUEST_PROJECT_GRAPH. Handling time: 1. Response time: 0.
[NX Daemon Server] - 2025-01-13T21:14:47.769Z - Established a connection. Number of open connections: 2
[NX Daemon Server] - 2025-01-13T21:15:05.669Z - [WATCHER]: libs/utils/src/components/slugify.ts was modified
[NX Daemon Server] - 2025-01-13T21:15:05.670Z - [REQUEST]: Responding to the client. File watch changed
[NX Daemon Server] - 2025-01-13T21:15:05.670Z - Done responding to the client File watch changed
[NX Daemon Server] - 2025-01-13T21:15:05.670Z - Handled FILE-WATCH-CHANGED. Handling time: 0. Response time: 0.
[NX Daemon Server] - 2025-01-13T21:15:05.670Z - [WATCHER]: Processing file changes in outputs
[NX Daemon Server] - 2025-01-13T21:15:05.670Z - Time taken for 'changed-projects' 0.1416670000180602ms
[NX Daemon Server] - 2025-01-13T21:15:05.773Z - [REQUEST]: Updated workspace context based on watched changes, recomputing project graph...
[NX Daemon Server] - 2025-01-13T21:15:05.773Z - [REQUEST]: libs/utils/src/components/slugify.ts
[NX Daemon Server] - 2025-01-13T21:15:05.773Z - [REQUEST]: 
[NX Daemon Server] - 2025-01-13T21:15:05.780Z - Time taken for 'hash changed files from watcher' 0.2939999997615814ms
[NX Daemon Server] - 2025-01-13T21:15:05.794Z - Time taken for 'build-project-configs' 14.824291999451816ms
[NX Daemon Server] - 2025-01-13T21:15:05.805Z - [SYNC]: collect registered sync generators
[NX Daemon Server] - 2025-01-13T21:15:05.805Z - [SYNC]: project graph hash is the same, not collecting task sync generators
[NX Daemon Server] - 2025-01-13T21:15:05.806Z - [SYNC]: nx.json hash is the same, not collecting global sync generators
[NX Daemon Server] - 2025-01-13T21:15:05.806Z - Time taken for 'total execution time for createProjectGraph()' 9.716749999672174ms
[NX Daemon Server] - 2025-01-13T21:15:06.340Z - [WATCHER]: libs/utils/coverage/.tmp/coverage-12.json was deleted
[NX Daemon Server] - 2025-01-13T21:15:06.340Z - [REQUEST]: Responding to the client. File watch changed
[NX Daemon Server] - 2025-01-13T21:15:06.340Z - Done responding to the client File watch changed
[NX Daemon Server] - 2025-01-13T21:15:06.340Z - Handled FILE-WATCH-CHANGED. Handling time: 0. Response time: 0.
[NX Daemon Server] - 2025-01-13T21:15:06.340Z - [WATCHER]: Processing file changes in outputs
[NX Daemon Server] - 2025-01-13T21:15:06.341Z - Time taken for 'changed-projects' 0.06429200060665607ms
[NX Daemon Server] - 2025-01-13T21:15:06.542Z - [REQUEST]: Updated workspace context based on watched changes, recomputing project graph...
[NX Daemon Server] - 2025-01-13T21:15:06.542Z - [REQUEST]: 
[NX Daemon Server] - 2025-01-13T21:15:06.542Z - [REQUEST]: libs/utils/coverage/.tmp/coverage-12.json
[NX Daemon Server] - 2025-01-13T21:15:06.545Z - Time taken for 'hash changed files from watcher' 0.49183399975299835ms
[NX Daemon Server] - 2025-01-13T21:15:06.553Z - Time taken for 'build-project-configs' 8.54041700065136ms
[NX Daemon Server] - 2025-01-13T21:15:06.563Z - [SYNC]: collect registered sync generators
[NX Daemon Server] - 2025-01-13T21:15:06.563Z - [SYNC]: project graph hash is the same, not collecting task sync generators
[NX Daemon Server] - 2025-01-13T21:15:06.563Z - [SYNC]: nx.json hash is the same, not collecting global sync generators
[NX Daemon Server] - 2025-01-13T21:15:06.563Z - Time taken for 'total execution time for createProjectGraph()' 7.069083999842405ms
[NX Daemon Server] - 2025-01-13T21:15:07.348Z - Established a connection. Number of open connections: 3
[NX Daemon Server] - 2025-01-13T21:15:07.349Z - [REQUEST]: Client Request for Project Graph Received
[NX Daemon Server] - 2025-01-13T21:15:07.349Z - [REQUEST]: Responding to the client. project-graph
[NX Daemon Server] - 2025-01-13T21:15:07.350Z - Time taken for 'total for creating and serializing project graph' 0.26337500009685755ms
[NX Daemon Server] - 2025-01-13T21:15:07.350Z - Closed a connection. Number of open connections: 2
[NX Daemon Server] - 2025-01-13T21:15:07.353Z - Done responding to the client project-graph
[NX Daemon Server] - 2025-01-13T21:15:07.353Z - Handled REQUEST_PROJECT_GRAPH. Handling time: 0. Response time: 4.
[NX Daemon Server] - 2025-01-13T21:15:07.357Z - [REQUEST]: Responding to the client. handleContextFileData
[NX Daemon Server] - 2025-01-13T21:15:07.357Z - Done responding to the client handleContextFileData
[NX Daemon Server] - 2025-01-13T21:15:07.357Z - Handled GET_CONTEXT_FILE_DATA. Handling time: 1. Response time: 0.
[NX Daemon Server] - 2025-01-13T21:15:07.357Z - Closed a connection. Number of open connections: 1
[NX Daemon Server] - 2025-01-13T21:15:07.367Z - Closed a connection. Number of open connections: 0
[NX Daemon Server] - 2025-01-13T21:15:07.368Z - Established a connection. Number of open connections: 1
[NX Daemon Server] - 2025-01-13T21:15:07.369Z - Established a connection. Number of open connections: 2
[NX Daemon Server] - 2025-01-13T21:15:07.370Z - Closed a connection. Number of open connections: 1
[NX Daemon Server] - 2025-01-13T21:15:07.370Z - [REQUEST]: Client Request for Project Graph Received
[NX Daemon Server] - 2025-01-13T21:15:07.371Z - [REQUEST]: Responding to the client. project-graph
[NX Daemon Server] - 2025-01-13T21:15:07.371Z - Time taken for 'total for creating and serializing project graph' 0.13729200046509504ms
[NX Daemon Server] - 2025-01-13T21:15:07.371Z - Done responding to the client project-graph
[NX Daemon Server] - 2025-01-13T21:15:07.372Z - Handled REQUEST_PROJECT_GRAPH. Handling time: 1. Response time: 1.
[NX Daemon Server] - 2025-01-13T21:15:07.374Z - [REQUEST]: Client Request for Project Graph Received
[NX Daemon Server] - 2025-01-13T21:15:07.374Z - [REQUEST]: Responding to the client. project-graph
[NX Daemon Server] - 2025-01-13T21:15:07.374Z - Time taken for 'total for creating and serializing project graph' 0.0999159999191761ms
[NX Daemon Server] - 2025-01-13T21:15:07.375Z - Done responding to the client project-graph
[NX Daemon Server] - 2025-01-13T21:15:07.375Z - Handled REQUEST_PROJECT_GRAPH. Handling time: 0. Response time: 1.
[NX Daemon Server] - 2025-01-13T21:15:07.377Z - Established a connection. Number of open connections: 2
[NX Daemon Server] - 2025-01-13T21:15:10.354Z - [WATCHER]: libs/utils/src/components/slugify.ts was modified
[NX Daemon Server] - 2025-01-13T21:15:10.354Z - [REQUEST]: Responding to the client. File watch changed
[NX Daemon Server] - 2025-01-13T21:15:10.354Z - Done responding to the client File watch changed
[NX Daemon Server] - 2025-01-13T21:15:10.354Z - Handled FILE-WATCH-CHANGED. Handling time: 0. Response time: 0.
[NX Daemon Server] - 2025-01-13T21:15:10.354Z - [WATCHER]: Processing file changes in outputs
[NX Daemon Server] - 2025-01-13T21:15:10.354Z - Time taken for 'changed-projects' 0.05616599973291159ms
[NX Daemon Server] - 2025-01-13T21:15:10.455Z - [REQUEST]: Updated workspace context based on watched changes, recomputing project graph...
[NX Daemon Server] - 2025-01-13T21:15:10.455Z - [REQUEST]: libs/utils/src/components/slugify.ts
[NX Daemon Server] - 2025-01-13T21:15:10.455Z - [REQUEST]: 
[NX Daemon Server] - 2025-01-13T21:15:10.456Z - Time taken for 'hash changed files from watcher' 0.14579199999570847ms
[NX Daemon Server] - 2025-01-13T21:15:10.463Z - Time taken for 'build-project-configs' 5.992333999834955ms
[NX Daemon Server] - 2025-01-13T21:15:10.474Z - [SYNC]: collect registered sync generators
[NX Daemon Server] - 2025-01-13T21:15:10.475Z - [SYNC]: project graph hash is the same, not collecting task sync generators
[NX Daemon Server] - 2025-01-13T21:15:10.475Z - [SYNC]: nx.json hash is the same, not collecting global sync generators
[NX Daemon Server] - 2025-01-13T21:15:10.475Z - Time taken for 'total execution time for createProjectGraph()' 9.190999999642372ms
[NX Daemon Server] - 2025-01-13T21:15:10.829Z - [WATCHER]: libs/utils/coverage/.tmp/coverage-13.json was deleted
[NX Daemon Server] - 2025-01-13T21:15:10.829Z - [REQUEST]: Responding to the client. File watch changed
[NX Daemon Server] - 2025-01-13T21:15:10.829Z - Done responding to the client File watch changed
[NX Daemon Server] - 2025-01-13T21:15:10.829Z - Handled FILE-WATCH-CHANGED. Handling time: 0. Response time: 0.
[NX Daemon Server] - 2025-01-13T21:15:10.829Z - [WATCHER]: Processing file changes in outputs
[NX Daemon Server] - 2025-01-13T21:15:10.829Z - Time taken for 'changed-projects' 0.035458000376820564ms
[NX Daemon Server] - 2025-01-13T21:15:11.030Z - [REQUEST]: Updated workspace context based on watched changes, recomputing project graph...
[NX Daemon Server] - 2025-01-13T21:15:11.031Z - [REQUEST]: 
[NX Daemon Server] - 2025-01-13T21:15:11.031Z - [REQUEST]: libs/utils/coverage/.tmp/coverage-13.json
[NX Daemon Server] - 2025-01-13T21:15:11.034Z - Time taken for 'hash changed files from watcher' 0.456708999350667ms
[NX Daemon Server] - 2025-01-13T21:15:11.042Z - Time taken for 'build-project-configs' 7.478707999922335ms
[NX Daemon Server] - 2025-01-13T21:15:11.050Z - [SYNC]: collect registered sync generators
[NX Daemon Server] - 2025-01-13T21:15:11.050Z - [SYNC]: project graph hash is the same, not collecting task sync generators
[NX Daemon Server] - 2025-01-13T21:15:11.050Z - [SYNC]: nx.json hash is the same, not collecting global sync generators
[NX Daemon Server] - 2025-01-13T21:15:11.050Z - Time taken for 'total execution time for createProjectGraph()' 6.671499999240041ms
[NX Daemon Server] - 2025-01-13T21:15:11.833Z - Established a connection. Number of open connections: 3
[NX Daemon Server] - 2025-01-13T21:15:11.834Z - [REQUEST]: Client Request for Project Graph Received
[NX Daemon Server] - 2025-01-13T21:15:11.834Z - [REQUEST]: Responding to the client. project-graph
[NX Daemon Server] - 2025-01-13T21:15:11.835Z - Time taken for 'total for creating and serializing project graph' 0.24720799922943115ms
[NX Daemon Server] - 2025-01-13T21:15:11.835Z - Closed a connection. Number of open connections: 2
[NX Daemon Server] - 2025-01-13T21:15:11.836Z - Done responding to the client project-graph
[NX Daemon Server] - 2025-01-13T21:15:11.836Z - Handled REQUEST_PROJECT_GRAPH. Handling time: 0. Response time: 2.
[NX Daemon Server] - 2025-01-13T21:15:11.839Z - [REQUEST]: Responding to the client. handleContextFileData
[NX Daemon Server] - 2025-01-13T21:15:11.839Z - Done responding to the client handleContextFileData
[NX Daemon Server] - 2025-01-13T21:15:11.839Z - Handled GET_CONTEXT_FILE_DATA. Handling time: 0. Response time: 0.
[NX Daemon Server] - 2025-01-13T21:15:11.840Z - Closed a connection. Number of open connections: 1
[NX Daemon Server] - 2025-01-13T21:15:11.843Z - Closed a connection. Number of open connections: 0
[NX Daemon Server] - 2025-01-13T21:15:11.844Z - Established a connection. Number of open connections: 1
[NX Daemon Server] - 2025-01-13T21:15:11.844Z - Established a connection. Number of open connections: 2
[NX Daemon Server] - 2025-01-13T21:15:11.846Z - Closed a connection. Number of open connections: 1
[NX Daemon Server] - 2025-01-13T21:15:11.846Z - [REQUEST]: Client Request for Project Graph Received
[NX Daemon Server] - 2025-01-13T21:15:11.846Z - [REQUEST]: Responding to the client. project-graph
[NX Daemon Server] - 2025-01-13T21:15:11.846Z - Time taken for 'total for creating and serializing project graph' 0.11458299960941076ms
[NX Daemon Server] - 2025-01-13T21:15:11.847Z - Done responding to the client project-graph
[NX Daemon Server] - 2025-01-13T21:15:11.847Z - Handled REQUEST_PROJECT_GRAPH. Handling time: 0. Response time: 1.
[NX Daemon Server] - 2025-01-13T21:15:11.849Z - [REQUEST]: Client Request for Project Graph Received
[NX Daemon Server] - 2025-01-13T21:15:11.849Z - [REQUEST]: Responding to the client. project-graph
[NX Daemon Server] - 2025-01-13T21:15:11.849Z - Time taken for 'total for creating and serializing project graph' 0.09100000001490116ms
[NX Daemon Server] - 2025-01-13T21:15:11.850Z - Done responding to the client project-graph
[NX Daemon Server] - 2025-01-13T21:15:11.850Z - Handled REQUEST_PROJECT_GRAPH. Handling time: 0. Response time: 1.
[NX Daemon Server] - 2025-01-13T21:15:11.851Z - Established a connection. Number of open connections: 2
[NX Daemon Server] - 2025-01-13T21:15:12.806Z - [WATCHER]: libs/utils/src/components/slugify.ts was modified
[NX Daemon Server] - 2025-01-13T21:15:12.806Z - [REQUEST]: Responding to the client. File watch changed
[NX Daemon Server] - 2025-01-13T21:15:12.806Z - Done responding to the client File watch changed
[NX Daemon Server] - 2025-01-13T21:15:12.806Z - Handled FILE-WATCH-CHANGED. Handling time: 0. Response time: 0.
[NX Daemon Server] - 2025-01-13T21:15:12.806Z - [WATCHER]: Processing file changes in outputs
[NX Daemon Server] - 2025-01-13T21:15:12.806Z - Time taken for 'changed-projects' 0.07470900006592274ms
[NX Daemon Server] - 2025-01-13T21:15:12.907Z - [REQUEST]: Updated workspace context based on watched changes, recomputing project graph...
[NX Daemon Server] - 2025-01-13T21:15:12.907Z - [REQUEST]: libs/utils/src/components/slugify.ts
[NX Daemon Server] - 2025-01-13T21:15:12.907Z - [REQUEST]: 
[NX Daemon Server] - 2025-01-13T21:15:12.909Z - Time taken for 'hash changed files from watcher' 0.19337499979883432ms
[NX Daemon Server] - 2025-01-13T21:15:12.918Z - Time taken for 'build-project-configs' 8.36829200014472ms
[NX Daemon Server] - 2025-01-13T21:15:12.929Z - [SYNC]: collect registered sync generators
[NX Daemon Server] - 2025-01-13T21:15:12.929Z - [SYNC]: project graph hash is the same, not collecting task sync generators
[NX Daemon Server] - 2025-01-13T21:15:12.929Z - [SYNC]: nx.json hash is the same, not collecting global sync generators
[NX Daemon Server] - 2025-01-13T21:15:12.929Z - Time taken for 'total execution time for createProjectGraph()' 8.36625000089407ms
[NX Daemon Server] - 2025-01-13T21:15:13.329Z - [WATCHER]: libs/utils/coverage/.tmp/coverage-14.json was deleted
[NX Daemon Server] - 2025-01-13T21:15:13.330Z - [REQUEST]: Responding to the client. File watch changed
[NX Daemon Server] - 2025-01-13T21:15:13.330Z - Done responding to the client File watch changed
[NX Daemon Server] - 2025-01-13T21:15:13.330Z - Handled FILE-WATCH-CHANGED. Handling time: 0. Response time: 0.
[NX Daemon Server] - 2025-01-13T21:15:13.330Z - [WATCHER]: Processing file changes in outputs
[NX Daemon Server] - 2025-01-13T21:15:13.330Z - Time taken for 'changed-projects' 0.04058299958705902ms
[NX Daemon Server] - 2025-01-13T21:15:13.529Z - [REQUEST]: Updated workspace context based on watched changes, recomputing project graph...
[NX Daemon Server] - 2025-01-13T21:15:13.529Z - [REQUEST]: 
[NX Daemon Server] - 2025-01-13T21:15:13.529Z - [REQUEST]: libs/utils/coverage/.tmp/coverage-14.json
[NX Daemon Server] - 2025-01-13T21:15:13.530Z - Time taken for 'hash changed files from watcher' 0.09387499932199717ms
[NX Daemon Server] - 2025-01-13T21:15:13.536Z - Time taken for 'build-project-configs' 4.330708999186754ms
[NX Daemon Server] - 2025-01-13T21:15:13.543Z - [SYNC]: collect registered sync generators
[NX Daemon Server] - 2025-01-13T21:15:13.543Z - [SYNC]: project graph hash is the same, not collecting task sync generators
[NX Daemon Server] - 2025-01-13T21:15:13.543Z - [SYNC]: nx.json hash is the same, not collecting global sync generators
[NX Daemon Server] - 2025-01-13T21:15:13.543Z - Time taken for 'total execution time for createProjectGraph()' 6.595874999649823ms
[NX Daemon Server] - 2025-01-13T21:15:14.309Z - [WATCHER]: libs/utils/src/components/slugify.ts was modified
[NX Daemon Server] - 2025-01-13T21:15:14.309Z - [REQUEST]: Responding to the client. File watch changed
[NX Daemon Server] - 2025-01-13T21:15:14.309Z - Done responding to the client File watch changed
[NX Daemon Server] - 2025-01-13T21:15:14.309Z - Handled FILE-WATCH-CHANGED. Handling time: 0. Response time: 0.
[NX Daemon Server] - 2025-01-13T21:15:14.309Z - [WATCHER]: Processing file changes in outputs
[NX Daemon Server] - 2025-01-13T21:15:14.309Z - Time taken for 'changed-projects' 0.05120799969881773ms
[NX Daemon Server] - 2025-01-13T21:15:14.709Z - [REQUEST]: Updated workspace context based on watched changes, recomputing project graph...
[NX Daemon Server] - 2025-01-13T21:15:14.709Z - [REQUEST]: libs/utils/src/components/slugify.ts
[NX Daemon Server] - 2025-01-13T21:15:14.709Z - [REQUEST]: 
[NX Daemon Server] - 2025-01-13T21:15:14.710Z - Time taken for 'hash changed files from watcher' 0.09404199942946434ms
[NX Daemon Server] - 2025-01-13T21:15:14.716Z - Time taken for 'build-project-configs' 4.720499999821186ms
[NX Daemon Server] - 2025-01-13T21:15:14.723Z - [SYNC]: collect registered sync generators
[NX Daemon Server] - 2025-01-13T21:15:14.723Z - [SYNC]: project graph hash is the same, not collecting task sync generators
[NX Daemon Server] - 2025-01-13T21:15:14.723Z - [SYNC]: nx.json hash is the same, not collecting global sync generators
[NX Daemon Server] - 2025-01-13T21:15:14.723Z - Time taken for 'total execution time for createProjectGraph()' 6.013708999380469ms
[NX Daemon Server] - 2025-01-13T21:15:14.835Z - [WATCHER]: libs/utils/coverage/.tmp/coverage-15.json was deleted
[NX Daemon Server] - 2025-01-13T21:15:14.835Z - [REQUEST]: Responding to the client. File watch changed
[NX Daemon Server] - 2025-01-13T21:15:14.835Z - Done responding to the client File watch changed
[NX Daemon Server] - 2025-01-13T21:15:14.835Z - Handled FILE-WATCH-CHANGED. Handling time: 0. Response time: 0.
[NX Daemon Server] - 2025-01-13T21:15:14.835Z - [WATCHER]: Processing file changes in outputs
[NX Daemon Server] - 2025-01-13T21:15:14.836Z - Time taken for 'changed-projects' 0.13079199939966202ms
[NX Daemon Server] - 2025-01-13T21:15:15.194Z - [WATCHER]: Processing file changes in outputs
[NX Daemon Server] - 2025-01-13T21:15:15.194Z - [WATCHER]: libs/utils/src/components/slugify.ts was modified
[NX Daemon Server] - 2025-01-13T21:15:15.194Z - [REQUEST]: Responding to the client. File watch changed
[NX Daemon Server] - 2025-01-13T21:15:15.194Z - Done responding to the client File watch changed
[NX Daemon Server] - 2025-01-13T21:15:15.194Z - Handled FILE-WATCH-CHANGED. Handling time: 0. Response time: 0.
[NX Daemon Server] - 2025-01-13T21:15:15.194Z - Time taken for 'changed-projects' 0.032917000353336334ms
[NX Daemon Server] - 2025-01-13T21:15:15.635Z - [REQUEST]: Updated workspace context based on watched changes, recomputing project graph...
[NX Daemon Server] - 2025-01-13T21:15:15.636Z - [REQUEST]: libs/utils/src/components/slugify.ts
[NX Daemon Server] - 2025-01-13T21:15:15.636Z - [REQUEST]: libs/utils/coverage/.tmp/coverage-15.json
[NX Daemon Server] - 2025-01-13T21:15:15.637Z - Time taken for 'hash changed files from watcher' 0.13854200020432472ms
[NX Daemon Server] - 2025-01-13T21:15:15.641Z - Time taken for 'build-project-configs' 4.315542000345886ms
[NX Daemon Server] - 2025-01-13T21:15:15.648Z - [SYNC]: collect registered sync generators
[NX Daemon Server] - 2025-01-13T21:15:15.648Z - [SYNC]: project graph hash is the same, not collecting task sync generators
[NX Daemon Server] - 2025-01-13T21:15:15.648Z - [SYNC]: nx.json hash is the same, not collecting global sync generators
[NX Daemon Server] - 2025-01-13T21:15:15.648Z - Time taken for 'total execution time for createProjectGraph()' 5.067292000167072ms
[NX Daemon Server] - 2025-01-13T21:15:15.702Z - [WATCHER]: libs/utils/coverage/.tmp/coverage-16.json was deleted
[NX Daemon Server] - 2025-01-13T21:15:15.702Z - [REQUEST]: Responding to the client. File watch changed
[NX Daemon Server] - 2025-01-13T21:15:15.702Z - Done responding to the client File watch changed
[NX Daemon Server] - 2025-01-13T21:15:15.702Z - Handled FILE-WATCH-CHANGED. Handling time: 0. Response time: 0.
[NX Daemon Server] - 2025-01-13T21:15:15.702Z - [WATCHER]: Processing file changes in outputs
[NX Daemon Server] - 2025-01-13T21:15:15.702Z - Time taken for 'changed-projects' 0.04304200038313866ms
[NX Daemon Server] - 2025-01-13T21:15:15.756Z - [WATCHER]: libs/utils/src/components/slugify.ts was modified
[NX Daemon Server] - 2025-01-13T21:15:15.756Z - [REQUEST]: Responding to the client. File watch changed
[NX Daemon Server] - 2025-01-13T21:15:15.756Z - Done responding to the client File watch changed
[NX Daemon Server] - 2025-01-13T21:15:15.756Z - Handled FILE-WATCH-CHANGED. Handling time: 0. Response time: 0.
[NX Daemon Server] - 2025-01-13T21:15:15.756Z - [WATCHER]: Processing file changes in outputs
[NX Daemon Server] - 2025-01-13T21:15:15.757Z - Time taken for 'changed-projects' 0.03391699958592653ms
[NX Daemon Server] - 2025-01-13T21:15:16.253Z - [WATCHER]: libs/utils/coverage/.tmp/coverage-17.json was deleted
[NX Daemon Server] - 2025-01-13T21:15:16.253Z - [REQUEST]: Responding to the client. File watch changed
[NX Daemon Server] - 2025-01-13T21:15:16.253Z - Done responding to the client File watch changed
[NX Daemon Server] - 2025-01-13T21:15:16.253Z - Handled FILE-WATCH-CHANGED. Handling time: 0. Response time: 0.
[NX Daemon Server] - 2025-01-13T21:15:16.253Z - [WATCHER]: Processing file changes in outputs
[NX Daemon Server] - 2025-01-13T21:15:16.253Z - Time taken for 'changed-projects' 0.0330419996753335ms
[NX Daemon Server] - 2025-01-13T21:15:17.259Z - Established a connection. Number of open connections: 3
[NX Daemon Server] - 2025-01-13T21:15:17.260Z - [REQUEST]: Client Request for Project Graph Received
[NX Daemon Server] - 2025-01-13T21:15:17.261Z - [REQUEST]: Updated workspace context based on watched changes, recomputing project graph...
[NX Daemon Server] - 2025-01-13T21:15:17.261Z - [REQUEST]: libs/utils/src/components/slugify.ts
[NX Daemon Server] - 2025-01-13T21:15:17.261Z - [REQUEST]: libs/utils/coverage/.tmp/coverage-16.json,libs/utils/coverage/.tmp/coverage-17.json
[NX Daemon Server] - 2025-01-13T21:15:17.264Z - Time taken for 'hash changed files from watcher' 0.31474999990314245ms
[NX Daemon Server] - 2025-01-13T21:15:17.264Z - Closed a connection. Number of open connections: 2
[NX Daemon Server] - 2025-01-13T21:15:17.273Z - Time taken for 'build-project-configs' 9.28145799972117ms
[NX Daemon Server] - 2025-01-13T21:15:17.285Z - [SYNC]: collect registered sync generators
[NX Daemon Server] - 2025-01-13T21:15:17.285Z - [SYNC]: project graph hash is the same, not collecting task sync generators
[NX Daemon Server] - 2025-01-13T21:15:17.286Z - [SYNC]: nx.json hash is the same, not collecting global sync generators
[NX Daemon Server] - 2025-01-13T21:15:17.286Z - [REQUEST]: Responding to the client. project-graph
[NX Daemon Server] - 2025-01-13T21:15:17.286Z - Time taken for 'total for creating and serializing project graph' 25.352541000582278ms
[NX Daemon Server] - 2025-01-13T21:15:17.287Z - Done responding to the client project-graph
[NX Daemon Server] - 2025-01-13T21:15:17.287Z - Handled REQUEST_PROJECT_GRAPH. Handling time: 26. Response time: 1.
[NX Daemon Server] - 2025-01-13T21:15:17.290Z - [REQUEST]: Responding to the client. handleContextFileData
[NX Daemon Server] - 2025-01-13T21:15:17.290Z - Done responding to the client handleContextFileData
[NX Daemon Server] - 2025-01-13T21:15:17.290Z - Handled GET_CONTEXT_FILE_DATA. Handling time: 0. Response time: 0.
[NX Daemon Server] - 2025-01-13T21:15:17.291Z - Closed a connection. Number of open connections: 1
[NX Daemon Server] - 2025-01-13T21:15:17.293Z - Closed a connection. Number of open connections: 0
[NX Daemon Server] - 2025-01-13T21:15:17.294Z - Established a connection. Number of open connections: 1
[NX Daemon Server] - 2025-01-13T21:15:17.294Z - Established a connection. Number of open connections: 2
[NX Daemon Server] - 2025-01-13T21:15:17.295Z - Closed a connection. Number of open connections: 1
[NX Daemon Server] - 2025-01-13T21:15:17.295Z - [REQUEST]: Client Request for Project Graph Received
[NX Daemon Server] - 2025-01-13T21:15:17.295Z - [REQUEST]: Responding to the client. project-graph
[NX Daemon Server] - 2025-01-13T21:15:17.295Z - Time taken for 'total for creating and serializing project graph' 0.0964580001309514ms
[NX Daemon Server] - 2025-01-13T21:15:17.295Z - Done responding to the client project-graph
[NX Daemon Server] - 2025-01-13T21:15:17.295Z - Handled REQUEST_PROJECT_GRAPH. Handling time: 0. Response time: 0.
[NX Daemon Server] - 2025-01-13T21:15:17.297Z - [REQUEST]: Client Request for Project Graph Received
[NX Daemon Server] - 2025-01-13T21:15:17.298Z - [REQUEST]: Responding to the client. project-graph
[NX Daemon Server] - 2025-01-13T21:15:17.298Z - Time taken for 'total for creating and serializing project graph' 0.13170900009572506ms
[NX Daemon Server] - 2025-01-13T21:15:17.298Z - Done responding to the client project-graph
[NX Daemon Server] - 2025-01-13T21:15:17.298Z - Handled REQUEST_PROJECT_GRAPH. Handling time: 1. Response time: 0.
[NX Daemon Server] - 2025-01-13T21:15:17.299Z - Established a connection. Number of open connections: 2
[NX Daemon Server] - 2025-01-13T21:15:25.699Z - [WATCHER]: libs/utils/src/components/slugify.ts was modified
[NX Daemon Server] - 2025-01-13T21:15:25.700Z - [REQUEST]: Responding to the client. File watch changed
[NX Daemon Server] - 2025-01-13T21:15:25.700Z - Done responding to the client File watch changed
[NX Daemon Server] - 2025-01-13T21:15:25.700Z - Handled FILE-WATCH-CHANGED. Handling time: 0. Response time: 0.
[NX Daemon Server] - 2025-01-13T21:15:25.700Z - [WATCHER]: Processing file changes in outputs
[NX Daemon Server] - 2025-01-13T21:15:25.700Z - Time taken for 'changed-projects' 0.06462500058114529ms
[NX Daemon Server] - 2025-01-13T21:15:25.801Z - [REQUEST]: Updated workspace context based on watched changes, recomputing project graph...
[NX Daemon Server] - 2025-01-13T21:15:25.801Z - [REQUEST]: libs/utils/src/components/slugify.ts
[NX Daemon Server] - 2025-01-13T21:15:25.801Z - [REQUEST]: 
[NX Daemon Server] - 2025-01-13T21:15:25.802Z - Time taken for 'hash changed files from watcher' 0.1552079999819398ms
[NX Daemon Server] - 2025-01-13T21:15:25.809Z - Time taken for 'build-project-configs' 6.030458999797702ms
[NX Daemon Server] - 2025-01-13T21:15:25.819Z - [SYNC]: collect registered sync generators
[NX Daemon Server] - 2025-01-13T21:15:25.819Z - [SYNC]: project graph hash is the same, not collecting task sync generators
[NX Daemon Server] - 2025-01-13T21:15:25.819Z - [SYNC]: nx.json hash is the same, not collecting global sync generators
[NX Daemon Server] - 2025-01-13T21:15:25.819Z - Time taken for 'total execution time for createProjectGraph()' 8.24875000026077ms
[NX Daemon Server] - 2025-01-13T21:15:26.301Z - [WATCHER]: Processing file changes in outputs
[NX Daemon Server] - 2025-01-13T21:15:26.302Z - [WATCHER]: libs/utils/coverage/.tmp/coverage-18.json was deleted
[NX Daemon Server] - 2025-01-13T21:15:26.302Z - [REQUEST]: Responding to the client. File watch changed
[NX Daemon Server] - 2025-01-13T21:15:26.302Z - Done responding to the client File watch changed
[NX Daemon Server] - 2025-01-13T21:15:26.302Z - Handled FILE-WATCH-CHANGED. Handling time: 0. Response time: 0.
[NX Daemon Server] - 2025-01-13T21:15:26.302Z - Time taken for 'changed-projects' 0.08633300010114908ms
[NX Daemon Server] - 2025-01-13T21:15:26.503Z - [REQUEST]: Updated workspace context based on watched changes, recomputing project graph...
[NX Daemon Server] - 2025-01-13T21:15:26.503Z - [REQUEST]: 
[NX Daemon Server] - 2025-01-13T21:15:26.504Z - [REQUEST]: libs/utils/coverage/.tmp/coverage-18.json
[NX Daemon Server] - 2025-01-13T21:15:26.508Z - Time taken for 'hash changed files from watcher' 0.4327090000733733ms
[NX Daemon Server] - 2025-01-13T21:15:26.514Z - Time taken for 'build-project-configs' 7.892457999289036ms
[NX Daemon Server] - 2025-01-13T21:15:26.526Z - [SYNC]: collect registered sync generators
[NX Daemon Server] - 2025-01-13T21:15:26.526Z - [SYNC]: project graph hash is the same, not collecting task sync generators
[NX Daemon Server] - 2025-01-13T21:15:26.526Z - [SYNC]: nx.json hash is the same, not collecting global sync generators
[NX Daemon Server] - 2025-01-13T21:15:26.526Z - Time taken for 'total execution time for createProjectGraph()' 11.025249999947846ms
[NX Daemon Server] - 2025-01-13T21:15:27.306Z - Established a connection. Number of open connections: 3
[NX Daemon Server] - 2025-01-13T21:15:27.306Z - [REQUEST]: Client Request for Project Graph Received
[NX Daemon Server] - 2025-01-13T21:15:27.306Z - [REQUEST]: Responding to the client. project-graph
[NX Daemon Server] - 2025-01-13T21:15:27.306Z - Time taken for 'total for creating and serializing project graph' 0.10633399989455938ms
[NX Daemon Server] - 2025-01-13T21:15:27.306Z - Closed a connection. Number of open connections: 2
[NX Daemon Server] - 2025-01-13T21:15:27.307Z - Done responding to the client project-graph
[NX Daemon Server] - 2025-01-13T21:15:27.307Z - Handled REQUEST_PROJECT_GRAPH. Handling time: 0. Response time: 1.
[NX Daemon Server] - 2025-01-13T21:15:27.308Z - [REQUEST]: Responding to the client. handleContextFileData
[NX Daemon Server] - 2025-01-13T21:15:27.308Z - Done responding to the client handleContextFileData
[NX Daemon Server] - 2025-01-13T21:15:27.308Z - Handled GET_CONTEXT_FILE_DATA. Handling time: 0. Response time: 0.
[NX Daemon Server] - 2025-01-13T21:15:27.309Z - Closed a connection. Number of open connections: 1
[NX Daemon Server] - 2025-01-13T21:15:27.312Z - Closed a connection. Number of open connections: 0
[NX Daemon Server] - 2025-01-13T21:15:27.313Z - Established a connection. Number of open connections: 1
[NX Daemon Server] - 2025-01-13T21:15:27.313Z - Established a connection. Number of open connections: 2
[NX Daemon Server] - 2025-01-13T21:15:27.314Z - Closed a connection. Number of open connections: 1
[NX Daemon Server] - 2025-01-13T21:15:27.314Z - [REQUEST]: Client Request for Project Graph Received
[NX Daemon Server] - 2025-01-13T21:15:27.314Z - [REQUEST]: Responding to the client. project-graph
[NX Daemon Server] - 2025-01-13T21:15:27.314Z - Time taken for 'total for creating and serializing project graph' 0.05320899933576584ms
[NX Daemon Server] - 2025-01-13T21:15:27.314Z - Done responding to the client project-graph
[NX Daemon Server] - 2025-01-13T21:15:27.314Z - Handled REQUEST_PROJECT_GRAPH. Handling time: 0. Response time: 0.
[NX Daemon Server] - 2025-01-13T21:15:27.315Z - [REQUEST]: Client Request for Project Graph Received
[NX Daemon Server] - 2025-01-13T21:15:27.315Z - [REQUEST]: Responding to the client. project-graph
[NX Daemon Server] - 2025-01-13T21:15:27.315Z - Time taken for 'total for creating and serializing project graph' 0.05095799919217825ms
[NX Daemon Server] - 2025-01-13T21:15:27.316Z - Done responding to the client project-graph
[NX Daemon Server] - 2025-01-13T21:15:27.316Z - Handled REQUEST_PROJECT_GRAPH. Handling time: 0. Response time: 1.
[NX Daemon Server] - 2025-01-13T21:15:27.317Z - Established a connection. Number of open connections: 2
[NX Daemon Server] - 2025-01-13T21:15:28.024Z - [WATCHER]: libs/utils/src/components/slugify.ts was modified
[NX Daemon Server] - 2025-01-13T21:15:28.024Z - [REQUEST]: Responding to the client. File watch changed
[NX Daemon Server] - 2025-01-13T21:15:28.024Z - Done responding to the client File watch changed
[NX Daemon Server] - 2025-01-13T21:15:28.024Z - Handled FILE-WATCH-CHANGED. Handling time: 0. Response time: 0.
[NX Daemon Server] - 2025-01-13T21:15:28.024Z - [WATCHER]: Processing file changes in outputs
[NX Daemon Server] - 2025-01-13T21:15:28.024Z - Time taken for 'changed-projects' 0.06833299994468689ms
[NX Daemon Server] - 2025-01-13T21:15:28.124Z - [REQUEST]: Updated workspace context based on watched changes, recomputing project graph...
[NX Daemon Server] - 2025-01-13T21:15:28.124Z - [REQUEST]: libs/utils/src/components/slugify.ts
[NX Daemon Server] - 2025-01-13T21:15:28.124Z - [REQUEST]: 
[NX Daemon Server] - 2025-01-13T21:15:28.126Z - Time taken for 'hash changed files from watcher' 0.16970799956470728ms
[NX Daemon Server] - 2025-01-13T21:15:28.141Z - Time taken for 'build-project-configs' 14.662208000198007ms
[NX Daemon Server] - 2025-01-13T21:15:28.155Z - [SYNC]: collect registered sync generators
[NX Daemon Server] - 2025-01-13T21:15:28.155Z - [SYNC]: project graph hash is the same, not collecting task sync generators
[NX Daemon Server] - 2025-01-13T21:15:28.155Z - [SYNC]: nx.json hash is the same, not collecting global sync generators
[NX Daemon Server] - 2025-01-13T21:15:28.155Z - Time taken for 'total execution time for createProjectGraph()' 10.637249999679625ms
[NX Daemon Server] - 2025-01-13T21:15:28.556Z - [WATCHER]: libs/utils/coverage/.tmp/coverage-19.json was deleted
[NX Daemon Server] - 2025-01-13T21:15:28.556Z - [REQUEST]: Responding to the client. File watch changed
[NX Daemon Server] - 2025-01-13T21:15:28.556Z - Done responding to the client File watch changed
[NX Daemon Server] - 2025-01-13T21:15:28.556Z - Handled FILE-WATCH-CHANGED. Handling time: 0. Response time: 0.
[NX Daemon Server] - 2025-01-13T21:15:28.556Z - [WATCHER]: Processing file changes in outputs
[NX Daemon Server] - 2025-01-13T21:15:28.557Z - Time taken for 'changed-projects' 0.0997919999063015ms
[NX Daemon Server] - 2025-01-13T21:15:28.757Z - [REQUEST]: Updated workspace context based on watched changes, recomputing project graph...
[NX Daemon Server] - 2025-01-13T21:15:28.757Z - [REQUEST]: 
[NX Daemon Server] - 2025-01-13T21:15:28.757Z - [REQUEST]: libs/utils/coverage/.tmp/coverage-19.json
[NX Daemon Server] - 2025-01-13T21:15:28.762Z - Time taken for 'hash changed files from watcher' 0.30900000035762787ms
[NX Daemon Server] - 2025-01-13T21:15:28.768Z - Time taken for 'build-project-configs' 8.377375000156462ms
[NX Daemon Server] - 2025-01-13T21:15:28.776Z - [SYNC]: collect registered sync generators
[NX Daemon Server] - 2025-01-13T21:15:28.776Z - [SYNC]: project graph hash is the same, not collecting task sync generators
[NX Daemon Server] - 2025-01-13T21:15:28.776Z - [SYNC]: nx.json hash is the same, not collecting global sync generators
[NX Daemon Server] - 2025-01-13T21:15:28.776Z - Time taken for 'total execution time for createProjectGraph()' 6.367166000418365ms
[NX Daemon Server] - 2025-01-13T21:15:29.561Z - Established a connection. Number of open connections: 3
[NX Daemon Server] - 2025-01-13T21:15:29.563Z - [REQUEST]: Client Request for Project Graph Received
[NX Daemon Server] - 2025-01-13T21:15:29.563Z - [REQUEST]: Responding to the client. project-graph
[NX Daemon Server] - 2025-01-13T21:15:29.564Z - Time taken for 'total for creating and serializing project graph' 0.27000000048428774ms
[NX Daemon Server] - 2025-01-13T21:15:29.564Z - Closed a connection. Number of open connections: 2
[NX Daemon Server] - 2025-01-13T21:15:29.566Z - Done responding to the client project-graph
[NX Daemon Server] - 2025-01-13T21:15:29.566Z - Handled REQUEST_PROJECT_GRAPH. Handling time: 0. Response time: 3.
[NX Daemon Server] - 2025-01-13T21:15:29.568Z - [REQUEST]: Responding to the client. handleContextFileData
[NX Daemon Server] - 2025-01-13T21:15:29.568Z - Done responding to the client handleContextFileData
[NX Daemon Server] - 2025-01-13T21:15:29.568Z - Handled GET_CONTEXT_FILE_DATA. Handling time: 0. Response time: 0.
[NX Daemon Server] - 2025-01-13T21:15:29.569Z - Closed a connection. Number of open connections: 1
[NX Daemon Server] - 2025-01-13T21:15:29.572Z - Closed a connection. Number of open connections: 0
[NX Daemon Server] - 2025-01-13T21:15:29.573Z - Established a connection. Number of open connections: 1
[NX Daemon Server] - 2025-01-13T21:15:29.573Z - Established a connection. Number of open connections: 2
[NX Daemon Server] - 2025-01-13T21:15:29.573Z - Closed a connection. Number of open connections: 1
[NX Daemon Server] - 2025-01-13T21:15:29.574Z - [REQUEST]: Client Request for Project Graph Received
[NX Daemon Server] - 2025-01-13T21:15:29.574Z - [REQUEST]: Responding to the client. project-graph
[NX Daemon Server] - 2025-01-13T21:15:29.574Z - Time taken for 'total for creating and serializing project graph' 0.10224999953061342ms
[NX Daemon Server] - 2025-01-13T21:15:29.574Z - Done responding to the client project-graph
[NX Daemon Server] - 2025-01-13T21:15:29.574Z - Handled REQUEST_PROJECT_GRAPH. Handling time: 0. Response time: 0.
[NX Daemon Server] - 2025-01-13T21:15:29.576Z - [REQUEST]: Client Request for Project Graph Received
[NX Daemon Server] - 2025-01-13T21:15:29.576Z - [REQUEST]: Responding to the client. project-graph
[NX Daemon Server] - 2025-01-13T21:15:29.576Z - Time taken for 'total for creating and serializing project graph' 0.09325000084936619ms
[NX Daemon Server] - 2025-01-13T21:15:29.577Z - Done responding to the client project-graph
[NX Daemon Server] - 2025-01-13T21:15:29.577Z - Handled REQUEST_PROJECT_GRAPH. Handling time: 0. Response time: 1.
[NX Daemon Server] - 2025-01-13T21:15:29.578Z - Established a connection. Number of open connections: 2
[NX Daemon Server] - 2025-01-13T21:16:31.476Z - [WATCHER]: libs/utils/src/components/slugify.ts was modified
[NX Daemon Server] - 2025-01-13T21:16:31.477Z - [REQUEST]: Responding to the client. File watch changed
[NX Daemon Server] - 2025-01-13T21:16:31.477Z - Done responding to the client File watch changed
[NX Daemon Server] - 2025-01-13T21:16:31.477Z - Handled FILE-WATCH-CHANGED. Handling time: 0. Response time: 0.
[NX Daemon Server] - 2025-01-13T21:16:31.477Z - [WATCHER]: Processing file changes in outputs
[NX Daemon Server] - 2025-01-13T21:16:31.478Z - Time taken for 'changed-projects' 0.39025000017136335ms
[NX Daemon Server] - 2025-01-13T21:16:31.577Z - [REQUEST]: Updated workspace context based on watched changes, recomputing project graph...
[NX Daemon Server] - 2025-01-13T21:16:31.577Z - [REQUEST]: libs/utils/src/components/slugify.ts
[NX Daemon Server] - 2025-01-13T21:16:31.577Z - [REQUEST]: 
[NX Daemon Server] - 2025-01-13T21:16:31.579Z - Time taken for 'hash changed files from watcher' 0.17045900039374828ms
[NX Daemon Server] - 2025-01-13T21:16:31.589Z - Time taken for 'build-project-configs' 9.474917000159621ms
[NX Daemon Server] - 2025-01-13T21:16:31.600Z - [SYNC]: collect registered sync generators
[NX Daemon Server] - 2025-01-13T21:16:31.600Z - [SYNC]: project graph hash is the same, not collecting task sync generators
[NX Daemon Server] - 2025-01-13T21:16:31.600Z - [SYNC]: nx.json hash is the same, not collecting global sync generators
[NX Daemon Server] - 2025-01-13T21:16:31.600Z - Time taken for 'total execution time for createProjectGraph()' 9.433957999572158ms
[NX Daemon Server] - 2025-01-13T21:16:32.392Z - [WATCHER]: libs/utils/coverage/.tmp/coverage-20.json was deleted
[NX Daemon Server] - 2025-01-13T21:16:32.392Z - [REQUEST]: Responding to the client. File watch changed
[NX Daemon Server] - 2025-01-13T21:16:32.392Z - Done responding to the client File watch changed
[NX Daemon Server] - 2025-01-13T21:16:32.392Z - Handled FILE-WATCH-CHANGED. Handling time: 0. Response time: 0.
[NX Daemon Server] - 2025-01-13T21:16:32.392Z - [WATCHER]: Processing file changes in outputs
[NX Daemon Server] - 2025-01-13T21:16:32.392Z - Time taken for 'changed-projects' 0.06020799931138754ms
[NX Daemon Server] - 2025-01-13T21:16:32.593Z - [REQUEST]: Updated workspace context based on watched changes, recomputing project graph...
[NX Daemon Server] - 2025-01-13T21:16:32.593Z - [REQUEST]: 
[NX Daemon Server] - 2025-01-13T21:16:32.593Z - [REQUEST]: libs/utils/coverage/.tmp/coverage-20.json
[NX Daemon Server] - 2025-01-13T21:16:32.595Z - Time taken for 'hash changed files from watcher' 0.3070000000298023ms
[NX Daemon Server] - 2025-01-13T21:16:32.605Z - Time taken for 'build-project-configs' 7.662584000267088ms
[NX Daemon Server] - 2025-01-13T21:16:32.613Z - [SYNC]: collect registered sync generators
[NX Daemon Server] - 2025-01-13T21:16:32.613Z - [SYNC]: project graph hash is the same, not collecting task sync generators
[NX Daemon Server] - 2025-01-13T21:16:32.613Z - [SYNC]: nx.json hash is the same, not collecting global sync generators
[NX Daemon Server] - 2025-01-13T21:16:32.613Z - Time taken for 'total execution time for createProjectGraph()' 7.923499999567866ms
[NX Daemon Server] - 2025-01-13T21:16:33.401Z - Established a connection. Number of open connections: 3
[NX Daemon Server] - 2025-01-13T21:16:33.402Z - [REQUEST]: Client Request for Project Graph Received
[NX Daemon Server] - 2025-01-13T21:16:33.402Z - [REQUEST]: Responding to the client. project-graph
[NX Daemon Server] - 2025-01-13T21:16:33.403Z - Time taken for 'total for creating and serializing project graph' 0.21491700038313866ms
[NX Daemon Server] - 2025-01-13T21:16:33.403Z - Closed a connection. Number of open connections: 2
[NX Daemon Server] - 2025-01-13T21:16:33.404Z - Done responding to the client project-graph
[NX Daemon Server] - 2025-01-13T21:16:33.404Z - Handled REQUEST_PROJECT_GRAPH. Handling time: 0. Response time: 2.
[NX Daemon Server] - 2025-01-13T21:16:33.415Z - [REQUEST]: Responding to the client. handleContextFileData
[NX Daemon Server] - 2025-01-13T21:16:33.415Z - Done responding to the client handleContextFileData
[NX Daemon Server] - 2025-01-13T21:16:33.415Z - Handled GET_CONTEXT_FILE_DATA. Handling time: 0. Response time: 0.
[NX Daemon Server] - 2025-01-13T21:16:33.416Z - Closed a connection. Number of open connections: 1
[NX Daemon Server] - 2025-01-13T21:16:33.423Z - Closed a connection. Number of open connections: 0
[NX Daemon Server] - 2025-01-13T21:16:33.423Z - Established a connection. Number of open connections: 1
[NX Daemon Server] - 2025-01-13T21:16:33.424Z - Established a connection. Number of open connections: 2
[NX Daemon Server] - 2025-01-13T21:16:33.424Z - Closed a connection. Number of open connections: 1
[NX Daemon Server] - 2025-01-13T21:16:33.424Z - [REQUEST]: Client Request for Project Graph Received
[NX Daemon Server] - 2025-01-13T21:16:33.424Z - [REQUEST]: Responding to the client. project-graph
[NX Daemon Server] - 2025-01-13T21:16:33.424Z - Time taken for 'total for creating and serializing project graph' 0.08341600000858307ms
[NX Daemon Server] - 2025-01-13T21:16:33.424Z - Done responding to the client project-graph
[NX Daemon Server] - 2025-01-13T21:16:33.424Z - Handled REQUEST_PROJECT_GRAPH. Handling time: 0. Response time: 0.
[NX Daemon Server] - 2025-01-13T21:16:33.426Z - [REQUEST]: Client Request for Project Graph Received
[NX Daemon Server] - 2025-01-13T21:16:33.426Z - [REQUEST]: Responding to the client. project-graph
[NX Daemon Server] - 2025-01-13T21:16:33.426Z - Time taken for 'total for creating and serializing project graph' 0.08237499929964542ms
[NX Daemon Server] - 2025-01-13T21:16:33.426Z - Done responding to the client project-graph
[NX Daemon Server] - 2025-01-13T21:16:33.426Z - Handled REQUEST_PROJECT_GRAPH. Handling time: 0. Response time: 0.
[NX Daemon Server] - 2025-01-13T21:16:33.428Z - Established a connection. Number of open connections: 2
[NX Daemon Server] - 2025-01-13T21:16:37.980Z - [WATCHER]: libs/utils/src/components/slugify.ts was modified
[NX Daemon Server] - 2025-01-13T21:16:37.980Z - [REQUEST]: Responding to the client. File watch changed
[NX Daemon Server] - 2025-01-13T21:16:37.981Z - Done responding to the client File watch changed
[NX Daemon Server] - 2025-01-13T21:16:37.981Z - Handled FILE-WATCH-CHANGED. Handling time: 0. Response time: 1.
[NX Daemon Server] - 2025-01-13T21:16:37.981Z - [WATCHER]: Processing file changes in outputs
[NX Daemon Server] - 2025-01-13T21:16:37.981Z - Time taken for 'changed-projects' 0.06633300054818392ms
[NX Daemon Server] - 2025-01-13T21:16:38.080Z - [REQUEST]: Updated workspace context based on watched changes, recomputing project graph...
[NX Daemon Server] - 2025-01-13T21:16:38.080Z - [REQUEST]: libs/utils/src/components/slugify.ts
[NX Daemon Server] - 2025-01-13T21:16:38.081Z - [REQUEST]: 
[NX Daemon Server] - 2025-01-13T21:16:38.082Z - Time taken for 'hash changed files from watcher' 0.20754100009799004ms
[NX Daemon Server] - 2025-01-13T21:16:38.093Z - Time taken for 'build-project-configs' 10.311582999303937ms
[NX Daemon Server] - 2025-01-13T21:16:38.108Z - [SYNC]: collect registered sync generators
[NX Daemon Server] - 2025-01-13T21:16:38.108Z - [SYNC]: project graph hash is the same, not collecting task sync generators
[NX Daemon Server] - 2025-01-13T21:16:38.108Z - [SYNC]: nx.json hash is the same, not collecting global sync generators
[NX Daemon Server] - 2025-01-13T21:16:38.108Z - Time taken for 'total execution time for createProjectGraph()' 13.403791999444366ms
[NX Daemon Server] - 2025-01-13T21:16:38.544Z - [WATCHER]: libs/utils/coverage/.tmp/coverage-21.json was deleted
[NX Daemon Server] - 2025-01-13T21:16:38.545Z - [REQUEST]: Responding to the client. File watch changed
[NX Daemon Server] - 2025-01-13T21:16:38.545Z - Done responding to the client File watch changed
[NX Daemon Server] - 2025-01-13T21:16:38.545Z - Handled FILE-WATCH-CHANGED. Handling time: 0. Response time: 0.
[NX Daemon Server] - 2025-01-13T21:16:38.545Z - [WATCHER]: Processing file changes in outputs
[NX Daemon Server] - 2025-01-13T21:16:38.545Z - Time taken for 'changed-projects' 0.03749999962747097ms
[NX Daemon Server] - 2025-01-13T21:16:38.745Z - [REQUEST]: Updated workspace context based on watched changes, recomputing project graph...
[NX Daemon Server] - 2025-01-13T21:16:38.745Z - [REQUEST]: 
[NX Daemon Server] - 2025-01-13T21:16:38.746Z - [REQUEST]: libs/utils/coverage/.tmp/coverage-21.json
[NX Daemon Server] - 2025-01-13T21:16:38.748Z - Time taken for 'hash changed files from watcher' 0.39137500058859587ms
[NX Daemon Server] - 2025-01-13T21:16:38.756Z - Time taken for 'build-project-configs' 7.049375000409782ms
[NX Daemon Server] - 2025-01-13T21:16:38.764Z - [SYNC]: collect registered sync generators
[NX Daemon Server] - 2025-01-13T21:16:38.764Z - [SYNC]: project graph hash is the same, not collecting task sync generators
[NX Daemon Server] - 2025-01-13T21:16:38.764Z - [SYNC]: nx.json hash is the same, not collecting global sync generators
[NX Daemon Server] - 2025-01-13T21:16:38.764Z - Time taken for 'total execution time for createProjectGraph()' 6.543082999996841ms
[NX Daemon Server] - 2025-01-13T21:16:39.549Z - Established a connection. Number of open connections: 3
[NX Daemon Server] - 2025-01-13T21:16:39.550Z - [REQUEST]: Client Request for Project Graph Received
[NX Daemon Server] - 2025-01-13T21:16:39.550Z - [REQUEST]: Responding to the client. project-graph
[NX Daemon Server] - 2025-01-13T21:16:39.551Z - Time taken for 'total for creating and serializing project graph' 0.23474999982863665ms
[NX Daemon Server] - 2025-01-13T21:16:39.551Z - Closed a connection. Number of open connections: 2
[NX Daemon Server] - 2025-01-13T21:16:39.551Z - Done responding to the client project-graph
[NX Daemon Server] - 2025-01-13T21:16:39.551Z - Handled REQUEST_PROJECT_GRAPH. Handling time: 0. Response time: 1.
[NX Daemon Server] - 2025-01-13T21:16:39.555Z - [REQUEST]: Responding to the client. handleContextFileData
[NX Daemon Server] - 2025-01-13T21:16:39.555Z - Done responding to the client handleContextFileData
[NX Daemon Server] - 2025-01-13T21:16:39.555Z - Handled GET_CONTEXT_FILE_DATA. Handling time: 0. Response time: 0.
[NX Daemon Server] - 2025-01-13T21:16:39.556Z - Closed a connection. Number of open connections: 1
[NX Daemon Server] - 2025-01-13T21:16:39.561Z - Closed a connection. Number of open connections: 0
[NX Daemon Server] - 2025-01-13T21:16:39.562Z - Established a connection. Number of open connections: 1
[NX Daemon Server] - 2025-01-13T21:16:39.562Z - Established a connection. Number of open connections: 2
[NX Daemon Server] - 2025-01-13T21:16:39.563Z - Closed a connection. Number of open connections: 1
[NX Daemon Server] - 2025-01-13T21:16:39.563Z - [REQUEST]: Client Request for Project Graph Received
[NX Daemon Server] - 2025-01-13T21:16:39.563Z - [REQUEST]: Responding to the client. project-graph
[NX Daemon Server] - 2025-01-13T21:16:39.564Z - Time taken for 'total for creating and serializing project graph' 0.15358399972319603ms
[NX Daemon Server] - 2025-01-13T21:16:39.565Z - Done responding to the client project-graph
[NX Daemon Server] - 2025-01-13T21:16:39.565Z - Handled REQUEST_PROJECT_GRAPH. Handling time: 0. Response time: 2.
[NX Daemon Server] - 2025-01-13T21:16:39.569Z - [REQUEST]: Client Request for Project Graph Received
[NX Daemon Server] - 2025-01-13T21:16:39.570Z - [REQUEST]: Responding to the client. project-graph
[NX Daemon Server] - 2025-01-13T21:16:39.570Z - Time taken for 'total for creating and serializing project graph' 0.20775000005960464ms
[NX Daemon Server] - 2025-01-13T21:16:39.577Z - Done responding to the client project-graph
[NX Daemon Server] - 2025-01-13T21:16:39.577Z - Handled REQUEST_PROJECT_GRAPH. Handling time: 1. Response time: 7.
[NX Daemon Server] - 2025-01-13T21:16:39.579Z - Established a connection. Number of open connections: 2
[NX Daemon Server] - 2025-01-13T21:16:55.484Z - [WATCHER]: libs/utils/src/components/slugify.ts was modified
[NX Daemon Server] - 2025-01-13T21:16:55.485Z - [REQUEST]: Responding to the client. File watch changed
[NX Daemon Server] - 2025-01-13T21:16:55.485Z - Done responding to the client File watch changed
[NX Daemon Server] - 2025-01-13T21:16:55.485Z - Handled FILE-WATCH-CHANGED. Handling time: 0. Response time: 0.
[NX Daemon Server] - 2025-01-13T21:16:55.485Z - [WATCHER]: Processing file changes in outputs
[NX Daemon Server] - 2025-01-13T21:16:55.485Z - Time taken for 'changed-projects' 0.04495800007134676ms
[NX Daemon Server] - 2025-01-13T21:16:55.585Z - [REQUEST]: Updated workspace context based on watched changes, recomputing project graph...
[NX Daemon Server] - 2025-01-13T21:16:55.585Z - [REQUEST]: libs/utils/src/components/slugify.ts
[NX Daemon Server] - 2025-01-13T21:16:55.585Z - [REQUEST]: 
[NX Daemon Server] - 2025-01-13T21:16:55.586Z - Time taken for 'hash changed files from watcher' 0.18895800039172173ms
[NX Daemon Server] - 2025-01-13T21:16:55.594Z - Time taken for 'build-project-configs' 6.221958000212908ms
[NX Daemon Server] - 2025-01-13T21:16:55.611Z - [SYNC]: collect registered sync generators
[NX Daemon Server] - 2025-01-13T21:16:55.611Z - [SYNC]: project graph hash is the same, not collecting task sync generators
[NX Daemon Server] - 2025-01-13T21:16:55.611Z - [SYNC]: nx.json hash is the same, not collecting global sync generators
[NX Daemon Server] - 2025-01-13T21:16:55.611Z - Time taken for 'total execution time for createProjectGraph()' 9.467791000381112ms
[NX Daemon Server] - 2025-01-13T21:16:56.155Z - [WATCHER]: Processing file changes in outputs
[NX Daemon Server] - 2025-01-13T21:16:56.157Z - [WATCHER]: libs/utils/coverage/.tmp/coverage-22.json was deleted
[NX Daemon Server] - 2025-01-13T21:16:56.157Z - [REQUEST]: Responding to the client. File watch changed
[NX Daemon Server] - 2025-01-13T21:16:56.157Z - Done responding to the client File watch changed
[NX Daemon Server] - 2025-01-13T21:16:56.157Z - Handled FILE-WATCH-CHANGED. Handling time: 0. Response time: 0.
[NX Daemon Server] - 2025-01-13T21:16:56.157Z - Time taken for 'changed-projects' 0.043875000439584255ms
[NX Daemon Server] - 2025-01-13T21:16:56.357Z - [REQUEST]: Updated workspace context based on watched changes, recomputing project graph...
[NX Daemon Server] - 2025-01-13T21:16:56.358Z - [REQUEST]: 
[NX Daemon Server] - 2025-01-13T21:16:56.358Z - [REQUEST]: libs/utils/coverage/.tmp/coverage-22.json
[NX Daemon Server] - 2025-01-13T21:16:56.361Z - Time taken for 'hash changed files from watcher' 0.2559159994125366ms
[NX Daemon Server] - 2025-01-13T21:16:56.367Z - Time taken for 'build-project-configs' 7.47116700001061ms
[NX Daemon Server] - 2025-01-13T21:16:56.374Z - [SYNC]: collect registered sync generators
[NX Daemon Server] - 2025-01-13T21:16:56.374Z - [SYNC]: project graph hash is the same, not collecting task sync generators
[NX Daemon Server] - 2025-01-13T21:16:56.374Z - [SYNC]: nx.json hash is the same, not collecting global sync generators
[NX Daemon Server] - 2025-01-13T21:16:56.374Z - Time taken for 'total execution time for createProjectGraph()' 5.276374999433756ms
[NX Daemon Server] - 2025-01-13T21:16:57.159Z - Established a connection. Number of open connections: 3
[NX Daemon Server] - 2025-01-13T21:16:57.159Z - [REQUEST]: Client Request for Project Graph Received
[NX Daemon Server] - 2025-01-13T21:16:57.159Z - [REQUEST]: Responding to the client. project-graph
[NX Daemon Server] - 2025-01-13T21:16:57.159Z - Time taken for 'total for creating and serializing project graph' 0.081666000187397ms
[NX Daemon Server] - 2025-01-13T21:16:57.159Z - Closed a connection. Number of open connections: 2
[NX Daemon Server] - 2025-01-13T21:16:57.160Z - Done responding to the client project-graph
[NX Daemon Server] - 2025-01-13T21:16:57.160Z - Handled REQUEST_PROJECT_GRAPH. Handling time: 0. Response time: 1.
[NX Daemon Server] - 2025-01-13T21:16:57.162Z - [REQUEST]: Responding to the client. handleContextFileData
[NX Daemon Server] - 2025-01-13T21:16:57.162Z - Done responding to the client handleContextFileData
[NX Daemon Server] - 2025-01-13T21:16:57.162Z - Handled GET_CONTEXT_FILE_DATA. Handling time: 0. Response time: 0.
[NX Daemon Server] - 2025-01-13T21:16:57.162Z - Closed a connection. Number of open connections: 1
[NX Daemon Server] - 2025-01-13T21:16:57.164Z - Closed a connection. Number of open connections: 0
[NX Daemon Server] - 2025-01-13T21:16:57.165Z - Established a connection. Number of open connections: 1
[NX Daemon Server] - 2025-01-13T21:16:57.165Z - Established a connection. Number of open connections: 2
[NX Daemon Server] - 2025-01-13T21:16:57.165Z - Closed a connection. Number of open connections: 1
[NX Daemon Server] - 2025-01-13T21:16:57.165Z - [REQUEST]: Client Request for Project Graph Received
[NX Daemon Server] - 2025-01-13T21:16:57.165Z - [REQUEST]: Responding to the client. project-graph
[NX Daemon Server] - 2025-01-13T21:16:57.165Z - Time taken for 'total for creating and serializing project graph' 0.055333999916911125ms
[NX Daemon Server] - 2025-01-13T21:16:57.166Z - Done responding to the client project-graph
[NX Daemon Server] - 2025-01-13T21:16:57.166Z - Handled REQUEST_PROJECT_GRAPH. Handling time: 0. Response time: 1.
[NX Daemon Server] - 2025-01-13T21:16:57.167Z - [REQUEST]: Client Request for Project Graph Received
[NX Daemon Server] - 2025-01-13T21:16:57.167Z - [REQUEST]: Responding to the client. project-graph
[NX Daemon Server] - 2025-01-13T21:16:57.167Z - Time taken for 'total for creating and serializing project graph' 0.05324999988079071ms
[NX Daemon Server] - 2025-01-13T21:16:57.167Z - Done responding to the client project-graph
[NX Daemon Server] - 2025-01-13T21:16:57.167Z - Handled REQUEST_PROJECT_GRAPH. Handling time: 0. Response time: 0.
[NX Daemon Server] - 2025-01-13T21:16:57.168Z - Established a connection. Number of open connections: 2
[NX Daemon Server] - 2025-01-13T21:16:57.521Z - [WATCHER]: libs/utils/src/components/slugify.ts was modified
[NX Daemon Server] - 2025-01-13T21:16:57.521Z - [REQUEST]: Responding to the client. File watch changed
[NX Daemon Server] - 2025-01-13T21:16:57.521Z - Done responding to the client File watch changed
[NX Daemon Server] - 2025-01-13T21:16:57.521Z - Handled FILE-WATCH-CHANGED. Handling time: 0. Response time: 0.
[NX Daemon Server] - 2025-01-13T21:16:57.521Z - [WATCHER]: Processing file changes in outputs
[NX Daemon Server] - 2025-01-13T21:16:57.521Z - Time taken for 'changed-projects' 0.03399999998509884ms
[NX Daemon Server] - 2025-01-13T21:16:57.621Z - [REQUEST]: Updated workspace context based on watched changes, recomputing project graph...
[NX Daemon Server] - 2025-01-13T21:16:57.621Z - [REQUEST]: libs/utils/src/components/slugify.ts
[NX Daemon Server] - 2025-01-13T21:16:57.621Z - [REQUEST]: 
[NX Daemon Server] - 2025-01-13T21:16:57.622Z - Time taken for 'hash changed files from watcher' 0.09008400049060583ms
[NX Daemon Server] - 2025-01-13T21:16:57.628Z - Time taken for 'build-project-configs' 4.4549169996753335ms
[NX Daemon Server] - 2025-01-13T21:16:57.642Z - [SYNC]: collect registered sync generators
[NX Daemon Server] - 2025-01-13T21:16:57.642Z - [SYNC]: project graph hash is the same, not collecting task sync generators
[NX Daemon Server] - 2025-01-13T21:16:57.642Z - [SYNC]: nx.json hash is the same, not collecting global sync generators
[NX Daemon Server] - 2025-01-13T21:16:57.642Z - Time taken for 'total execution time for createProjectGraph()' 13.677041999995708ms
[NX Daemon Server] - 2025-01-13T21:16:57.940Z - [WATCHER]: libs/utils/coverage/.tmp/coverage-23.json was deleted
[NX Daemon Server] - 2025-01-13T21:16:57.940Z - [REQUEST]: Responding to the client. File watch changed
[NX Daemon Server] - 2025-01-13T21:16:57.940Z - Done responding to the client File watch changed
[NX Daemon Server] - 2025-01-13T21:16:57.940Z - Handled FILE-WATCH-CHANGED. Handling time: 0. Response time: 0.
[NX Daemon Server] - 2025-01-13T21:16:57.940Z - [WATCHER]: Processing file changes in outputs
[NX Daemon Server] - 2025-01-13T21:16:57.940Z - Time taken for 'changed-projects' 0.053833999671041965ms
[NX Daemon Server] - 2025-01-13T21:16:58.141Z - [REQUEST]: Updated workspace context based on watched changes, recomputing project graph...
[NX Daemon Server] - 2025-01-13T21:16:58.141Z - [REQUEST]: 
[NX Daemon Server] - 2025-01-13T21:16:58.141Z - [REQUEST]: libs/utils/coverage/.tmp/coverage-23.json
[NX Daemon Server] - 2025-01-13T21:16:58.142Z - Time taken for 'hash changed files from watcher' 0.179042000323534ms
[NX Daemon Server] - 2025-01-13T21:16:58.147Z - Time taken for 'build-project-configs' 4.295958999544382ms
[NX Daemon Server] - 2025-01-13T21:16:58.155Z - [SYNC]: collect registered sync generators
[NX Daemon Server] - 2025-01-13T21:16:58.155Z - [SYNC]: project graph hash is the same, not collecting task sync generators
[NX Daemon Server] - 2025-01-13T21:16:58.155Z - [SYNC]: nx.json hash is the same, not collecting global sync generators
[NX Daemon Server] - 2025-01-13T21:16:58.155Z - Time taken for 'total execution time for createProjectGraph()' 5.065167000517249ms
[NX Daemon Server] - 2025-01-13T21:16:58.605Z - [WATCHER]: libs/utils/src/components/slugify.ts was modified
[NX Daemon Server] - 2025-01-13T21:16:58.605Z - [REQUEST]: Responding to the client. File watch changed
[NX Daemon Server] - 2025-01-13T21:16:58.605Z - Done responding to the client File watch changed
[NX Daemon Server] - 2025-01-13T21:16:58.605Z - Handled FILE-WATCH-CHANGED. Handling time: 0. Response time: 0.
[NX Daemon Server] - 2025-01-13T21:16:58.605Z - [WATCHER]: Processing file changes in outputs
[NX Daemon Server] - 2025-01-13T21:16:58.605Z - Time taken for 'changed-projects' 0.03137500025331974ms
[NX Daemon Server] - 2025-01-13T21:16:59.006Z - [REQUEST]: Updated workspace context based on watched changes, recomputing project graph...
[NX Daemon Server] - 2025-01-13T21:16:59.006Z - [REQUEST]: libs/utils/src/components/slugify.ts
[NX Daemon Server] - 2025-01-13T21:16:59.006Z - [REQUEST]: 
[NX Daemon Server] - 2025-01-13T21:16:59.009Z - Time taken for 'hash changed files from watcher' 0.40012500062584877ms
[NX Daemon Server] - 2025-01-13T21:16:59.015Z - Time taken for 'build-project-configs' 4.713750000111759ms
[NX Daemon Server] - 2025-01-13T21:16:59.033Z - [SYNC]: collect registered sync generators
[NX Daemon Server] - 2025-01-13T21:16:59.033Z - [SYNC]: project graph hash is the same, not collecting task sync generators
[NX Daemon Server] - 2025-01-13T21:16:59.033Z - [SYNC]: nx.json hash is the same, not collecting global sync generators
[NX Daemon Server] - 2025-01-13T21:16:59.033Z - Time taken for 'total execution time for createProjectGraph()' 15.913665999658406ms
[NX Daemon Server] - 2025-01-13T21:16:59.064Z - [WATCHER]: libs/utils/coverage/.tmp/coverage-24.json was deleted
[NX Daemon Server] - 2025-01-13T21:16:59.064Z - [REQUEST]: Responding to the client. File watch changed
[NX Daemon Server] - 2025-01-13T21:16:59.064Z - Done responding to the client File watch changed
[NX Daemon Server] - 2025-01-13T21:16:59.064Z - Handled FILE-WATCH-CHANGED. Handling time: 0. Response time: 0.
[NX Daemon Server] - 2025-01-13T21:16:59.064Z - [WATCHER]: Processing file changes in outputs
[NX Daemon Server] - 2025-01-13T21:16:59.064Z - Time taken for 'changed-projects' 0.03104100003838539ms
[NX Daemon Server] - 2025-01-13T21:16:59.117Z - [WATCHER]: libs/utils/coverage/.tmp/coverage-24.json was deleted
[NX Daemon Server] - 2025-01-13T21:16:59.117Z - [REQUEST]: Responding to the client. File watch changed
[NX Daemon Server] - 2025-01-13T21:16:59.117Z - Done responding to the client File watch changed
[NX Daemon Server] - 2025-01-13T21:16:59.117Z - Handled FILE-WATCH-CHANGED. Handling time: 0. Response time: 0.
[NX Daemon Server] - 2025-01-13T21:16:59.117Z - [WATCHER]: Processing file changes in outputs
[NX Daemon Server] - 2025-01-13T21:16:59.117Z - Time taken for 'changed-projects' 0.06950000021606684ms
[NX Daemon Server] - 2025-01-13T21:16:59.864Z - [REQUEST]: Updated workspace context based on watched changes, recomputing project graph...
[NX Daemon Server] - 2025-01-13T21:16:59.864Z - [REQUEST]: 
[NX Daemon Server] - 2025-01-13T21:16:59.864Z - [REQUEST]: libs/utils/coverage/.tmp/coverage-24.json
[NX Daemon Server] - 2025-01-13T21:16:59.866Z - Time taken for 'hash changed files from watcher' 0.17762499954551458ms
[NX Daemon Server] - 2025-01-13T21:16:59.873Z - Time taken for 'build-project-configs' 6.84375ms
[NX Daemon Server] - 2025-01-13T21:16:59.884Z - [SYNC]: collect registered sync generators
[NX Daemon Server] - 2025-01-13T21:16:59.884Z - [SYNC]: project graph hash is the same, not collecting task sync generators
[NX Daemon Server] - 2025-01-13T21:16:59.884Z - [SYNC]: nx.json hash is the same, not collecting global sync generators
[NX Daemon Server] - 2025-01-13T21:16:59.884Z - Time taken for 'total execution time for createProjectGraph()' 8.324000000022352ms
[NX Daemon Server] - 2025-01-13T21:17:00.130Z - Established a connection. Number of open connections: 3
[NX Daemon Server] - 2025-01-13T21:17:00.131Z - Closed a connection. Number of open connections: 2
[NX Daemon Server] - 2025-01-13T21:17:00.131Z - [REQUEST]: Client Request for Project Graph Received
[NX Daemon Server] - 2025-01-13T21:17:00.132Z - [REQUEST]: Responding to the client. project-graph
[NX Daemon Server] - 2025-01-13T21:17:00.132Z - Time taken for 'total for creating and serializing project graph' 0.12987499963492155ms
[NX Daemon Server] - 2025-01-13T21:17:00.133Z - Done responding to the client project-graph
[NX Daemon Server] - 2025-01-13T21:17:00.133Z - Handled REQUEST_PROJECT_GRAPH. Handling time: 1. Response time: 1.
[NX Daemon Server] - 2025-01-13T21:17:00.135Z - [REQUEST]: Responding to the client. handleContextFileData
[NX Daemon Server] - 2025-01-13T21:17:00.135Z - Done responding to the client handleContextFileData
[NX Daemon Server] - 2025-01-13T21:17:00.135Z - Handled GET_CONTEXT_FILE_DATA. Handling time: 0. Response time: 0.
[NX Daemon Server] - 2025-01-13T21:17:00.136Z - Closed a connection. Number of open connections: 1
[NX Daemon Server] - 2025-01-13T21:17:00.138Z - Closed a connection. Number of open connections: 0
[NX Daemon Server] - 2025-01-13T21:17:00.140Z - Established a connection. Number of open connections: 1
[NX Daemon Server] - 2025-01-13T21:17:00.141Z - Closed a connection. Number of open connections: 0
[NX Daemon Server] - 2025-01-13T21:17:00.141Z - Established a connection. Number of open connections: 1
[NX Daemon Server] - 2025-01-13T21:17:00.141Z - [REQUEST]: Client Request for Project Graph Received
[NX Daemon Server] - 2025-01-13T21:17:00.141Z - [REQUEST]: Responding to the client. project-graph
[NX Daemon Server] - 2025-01-13T21:17:00.141Z - Time taken for 'total for creating and serializing project graph' 0.07095799967646599ms
[NX Daemon Server] - 2025-01-13T21:17:00.148Z - Done responding to the client project-graph
[NX Daemon Server] - 2025-01-13T21:17:00.149Z - Handled REQUEST_PROJECT_GRAPH. Handling time: 0. Response time: 8.
[NX Daemon Server] - 2025-01-13T21:17:00.151Z - [REQUEST]: Client Request for Project Graph Received
[NX Daemon Server] - 2025-01-13T21:17:00.151Z - [REQUEST]: Responding to the client. project-graph
[NX Daemon Server] - 2025-01-13T21:17:00.151Z - Time taken for 'total for creating and serializing project graph' 0.20291699934750795ms
[NX Daemon Server] - 2025-01-13T21:17:00.154Z - Done responding to the client project-graph
[NX Daemon Server] - 2025-01-13T21:17:00.155Z - Handled REQUEST_PROJECT_GRAPH. Handling time: 0. Response time: 3.
[NX Daemon Server] - 2025-01-13T21:17:00.157Z - Established a connection. Number of open connections: 2
[NX Daemon Server] - 2025-01-13T21:17:12.732Z - [WATCHER]: libs/utils/src/components/slugify.ts was modified
[NX Daemon Server] - 2025-01-13T21:17:12.732Z - [REQUEST]: Responding to the client. File watch changed
[NX Daemon Server] - 2025-01-13T21:17:12.732Z - Done responding to the client File watch changed
[NX Daemon Server] - 2025-01-13T21:17:12.732Z - Handled FILE-WATCH-CHANGED. Handling time: 0. Response time: 0.
[NX Daemon Server] - 2025-01-13T21:17:12.732Z - [WATCHER]: Processing file changes in outputs
[NX Daemon Server] - 2025-01-13T21:17:12.732Z - Time taken for 'changed-projects' 0.08170800004154444ms
[NX Daemon Server] - 2025-01-13T21:17:12.835Z - [REQUEST]: Updated workspace context based on watched changes, recomputing project graph...
[NX Daemon Server] - 2025-01-13T21:17:12.835Z - [REQUEST]: libs/utils/src/components/slugify.ts
[NX Daemon Server] - 2025-01-13T21:17:12.835Z - [REQUEST]: 
[NX Daemon Server] - 2025-01-13T21:17:12.840Z - Time taken for 'hash changed files from watcher' 0.17379100061953068ms
[NX Daemon Server] - 2025-01-13T21:17:12.856Z - Time taken for 'build-project-configs' 17.14816700015217ms
[NX Daemon Server] - 2025-01-13T21:17:12.872Z - [SYNC]: collect registered sync generators
[NX Daemon Server] - 2025-01-13T21:17:12.872Z - [SYNC]: project graph hash is the same, not collecting task sync generators
[NX Daemon Server] - 2025-01-13T21:17:12.872Z - [SYNC]: nx.json hash is the same, not collecting global sync generators
[NX Daemon Server] - 2025-01-13T21:17:12.872Z - Time taken for 'total execution time for createProjectGraph()' 13.840874999761581ms
[NX Daemon Server] - 2025-01-13T21:17:13.464Z - [WATCHER]: libs/utils/coverage/.tmp/coverage-25.json was deleted
[NX Daemon Server] - 2025-01-13T21:17:13.464Z - [REQUEST]: Responding to the client. File watch changed
[NX Daemon Server] - 2025-01-13T21:17:13.464Z - Done responding to the client File watch changed
[NX Daemon Server] - 2025-01-13T21:17:13.464Z - Handled FILE-WATCH-CHANGED. Handling time: 0. Response time: 0.
[NX Daemon Server] - 2025-01-13T21:17:13.464Z - [WATCHER]: Processing file changes in outputs
[NX Daemon Server] - 2025-01-13T21:17:13.464Z - Time taken for 'changed-projects' 0.02429200056940317ms
[NX Daemon Server] - 2025-01-13T21:17:13.665Z - [REQUEST]: Updated workspace context based on watched changes, recomputing project graph...
[NX Daemon Server] - 2025-01-13T21:17:13.665Z - [REQUEST]: 
[NX Daemon Server] - 2025-01-13T21:17:13.665Z - [REQUEST]: libs/utils/coverage/.tmp/coverage-25.json
[NX Daemon Server] - 2025-01-13T21:17:13.666Z - Time taken for 'hash changed files from watcher' 0.08250000048428774ms
[NX Daemon Server] - 2025-01-13T21:17:13.671Z - Time taken for 'build-project-configs' 5.047333000227809ms
[NX Daemon Server] - 2025-01-13T21:17:13.681Z - [SYNC]: collect registered sync generators
[NX Daemon Server] - 2025-01-13T21:17:13.682Z - [SYNC]: project graph hash is the same, not collecting task sync generators
[NX Daemon Server] - 2025-01-13T21:17:13.682Z - [SYNC]: nx.json hash is the same, not collecting global sync generators
[NX Daemon Server] - 2025-01-13T21:17:13.682Z - Time taken for 'total execution time for createProjectGraph()' 8.833291999995708ms
[NX Daemon Server] - 2025-01-13T21:17:14.472Z - Established a connection. Number of open connections: 3
[NX Daemon Server] - 2025-01-13T21:17:14.474Z - [REQUEST]: Client Request for Project Graph Received
[NX Daemon Server] - 2025-01-13T21:17:14.474Z - [REQUEST]: Responding to the client. project-graph
[NX Daemon Server] - 2025-01-13T21:17:14.475Z - Time taken for 'total for creating and serializing project graph' 0.26079099997878075ms
[NX Daemon Server] - 2025-01-13T21:17:14.475Z - Closed a connection. Number of open connections: 2
[NX Daemon Server] - 2025-01-13T21:17:14.476Z - Done responding to the client project-graph
[NX Daemon Server] - 2025-01-13T21:17:14.477Z - Handled REQUEST_PROJECT_GRAPH. Handling time: 0. Response time: 3.
[NX Daemon Server] - 2025-01-13T21:17:14.480Z - [REQUEST]: Responding to the client. handleContextFileData
[NX Daemon Server] - 2025-01-13T21:17:14.480Z - Done responding to the client handleContextFileData
[NX Daemon Server] - 2025-01-13T21:17:14.480Z - Handled GET_CONTEXT_FILE_DATA. Handling time: 0. Response time: 0.
[NX Daemon Server] - 2025-01-13T21:17:14.481Z - Closed a connection. Number of open connections: 1
[NX Daemon Server] - 2025-01-13T21:17:14.488Z - Closed a connection. Number of open connections: 0
[NX Daemon Server] - 2025-01-13T21:17:14.489Z - Established a connection. Number of open connections: 1
[NX Daemon Server] - 2025-01-13T21:17:14.489Z - Established a connection. Number of open connections: 2
[NX Daemon Server] - 2025-01-13T21:17:14.489Z - Closed a connection. Number of open connections: 1
[NX Daemon Server] - 2025-01-13T21:17:14.490Z - [REQUEST]: Client Request for Project Graph Received
[NX Daemon Server] - 2025-01-13T21:17:14.490Z - [REQUEST]: Responding to the client. project-graph
[NX Daemon Server] - 2025-01-13T21:17:14.490Z - Time taken for 'total for creating and serializing project graph' 0.13466699980199337ms
[NX Daemon Server] - 2025-01-13T21:17:14.492Z - Done responding to the client project-graph
[NX Daemon Server] - 2025-01-13T21:17:14.492Z - Handled REQUEST_PROJECT_GRAPH. Handling time: 0. Response time: 2.
[NX Daemon Server] - 2025-01-13T21:17:14.494Z - [REQUEST]: Client Request for Project Graph Received
[NX Daemon Server] - 2025-01-13T21:17:14.494Z - [REQUEST]: Responding to the client. project-graph
[NX Daemon Server] - 2025-01-13T21:17:14.495Z - Time taken for 'total for creating and serializing project graph' 0.08625000063329935ms
[NX Daemon Server] - 2025-01-13T21:17:14.496Z - Done responding to the client project-graph
[NX Daemon Server] - 2025-01-13T21:17:14.496Z - Handled REQUEST_PROJECT_GRAPH. Handling time: 0. Response time: 2.
[NX Daemon Server] - 2025-01-13T21:17:14.497Z - Established a connection. Number of open connections: 2
[NX Daemon Server] - 2025-01-13T21:17:34.275Z - [WATCHER]: libs/utils/src/components/slugify.ts was modified
[NX Daemon Server] - 2025-01-13T21:17:34.276Z - [REQUEST]: Responding to the client. File watch changed
[NX Daemon Server] - 2025-01-13T21:17:34.276Z - Done responding to the client File watch changed
[NX Daemon Server] - 2025-01-13T21:17:34.276Z - Handled FILE-WATCH-CHANGED. Handling time: 0. Response time: 0.
[NX Daemon Server] - 2025-01-13T21:17:34.276Z - [WATCHER]: Processing file changes in outputs
[NX Daemon Server] - 2025-01-13T21:17:34.276Z - Time taken for 'changed-projects' 0.05066599976271391ms
[NX Daemon Server] - 2025-01-13T21:17:34.377Z - [REQUEST]: Updated workspace context based on watched changes, recomputing project graph...
[NX Daemon Server] - 2025-01-13T21:17:34.377Z - [REQUEST]: libs/utils/src/components/slugify.ts
[NX Daemon Server] - 2025-01-13T21:17:34.377Z - [REQUEST]: 
[NX Daemon Server] - 2025-01-13T21:17:34.379Z - Time taken for 'hash changed files from watcher' 0.20987500064074993ms
[NX Daemon Server] - 2025-01-13T21:17:34.389Z - Time taken for 'build-project-configs' 9.173666999675333ms
[NX Daemon Server] - 2025-01-13T21:17:34.400Z - [SYNC]: collect registered sync generators
[NX Daemon Server] - 2025-01-13T21:17:34.400Z - [SYNC]: project graph hash is the same, not collecting task sync generators
[NX Daemon Server] - 2025-01-13T21:17:34.400Z - [SYNC]: nx.json hash is the same, not collecting global sync generators
[NX Daemon Server] - 2025-01-13T21:17:34.400Z - Time taken for 'total execution time for createProjectGraph()' 8.90058400016278ms
[NX Daemon Server] - 2025-01-13T21:17:34.938Z - [WATCHER]: libs/utils/coverage/.tmp/coverage-26.json was deleted
[NX Daemon Server] - 2025-01-13T21:17:34.938Z - [REQUEST]: Responding to the client. File watch changed
[NX Daemon Server] - 2025-01-13T21:17:34.938Z - Done responding to the client File watch changed
[NX Daemon Server] - 2025-01-13T21:17:34.938Z - Handled FILE-WATCH-CHANGED. Handling time: 0. Response time: 0.
[NX Daemon Server] - 2025-01-13T21:17:34.938Z - [WATCHER]: Processing file changes in outputs
[NX Daemon Server] - 2025-01-13T21:17:34.938Z - Time taken for 'changed-projects' 0.05216600000858307ms
[NX Daemon Server] - 2025-01-13T21:17:35.139Z - [REQUEST]: Updated workspace context based on watched changes, recomputing project graph...
[NX Daemon Server] - 2025-01-13T21:17:35.140Z - [REQUEST]: 
[NX Daemon Server] - 2025-01-13T21:17:35.140Z - [REQUEST]: libs/utils/coverage/.tmp/coverage-26.json
[NX Daemon Server] - 2025-01-13T21:17:35.142Z - Time taken for 'hash changed files from watcher' 0.21795899979770184ms
[NX Daemon Server] - 2025-01-13T21:17:35.147Z - Time taken for 'build-project-configs' 6.075791999697685ms
[NX Daemon Server] - 2025-01-13T21:17:35.154Z - [SYNC]: collect registered sync generators
[NX Daemon Server] - 2025-01-13T21:17:35.155Z - [SYNC]: project graph hash is the same, not collecting task sync generators
[NX Daemon Server] - 2025-01-13T21:17:35.155Z - [SYNC]: nx.json hash is the same, not collecting global sync generators
[NX Daemon Server] - 2025-01-13T21:17:35.155Z - Time taken for 'total execution time for createProjectGraph()' 5.421457999385893ms
[NX Daemon Server] - 2025-01-13T21:17:35.947Z - Established a connection. Number of open connections: 3
[NX Daemon Server] - 2025-01-13T21:17:35.948Z - [REQUEST]: Client Request for Project Graph Received
[NX Daemon Server] - 2025-01-13T21:17:35.949Z - [REQUEST]: Responding to the client. project-graph
[NX Daemon Server] - 2025-01-13T21:17:35.949Z - Time taken for 'total for creating and serializing project graph' 0.3959579998627305ms
[NX Daemon Server] - 2025-01-13T21:17:35.949Z - Closed a connection. Number of open connections: 2
[NX Daemon Server] - 2025-01-13T21:17:35.950Z - Done responding to the client project-graph
[NX Daemon Server] - 2025-01-13T21:17:35.951Z - Handled REQUEST_PROJECT_GRAPH. Handling time: 1. Response time: 2.
[NX Daemon Server] - 2025-01-13T21:17:35.956Z - [REQUEST]: Responding to the client. handleContextFileData
[NX Daemon Server] - 2025-01-13T21:17:35.956Z - Done responding to the client handleContextFileData
[NX Daemon Server] - 2025-01-13T21:17:35.956Z - Handled GET_CONTEXT_FILE_DATA. Handling time: 1. Response time: 0.
[NX Daemon Server] - 2025-01-13T21:17:35.956Z - Closed a connection. Number of open connections: 1
[NX Daemon Server] - 2025-01-13T21:17:35.962Z - Closed a connection. Number of open connections: 0
[NX Daemon Server] - 2025-01-13T21:17:35.963Z - Established a connection. Number of open connections: 1
[NX Daemon Server] - 2025-01-13T21:17:35.963Z - Closed a connection. Number of open connections: 0
[NX Daemon Server] - 2025-01-13T21:17:35.964Z - Established a connection. Number of open connections: 1
[NX Daemon Server] - 2025-01-13T21:17:35.964Z - [REQUEST]: Client Request for Project Graph Received
[NX Daemon Server] - 2025-01-13T21:17:35.964Z - [REQUEST]: Responding to the client. project-graph
[NX Daemon Server] - 2025-01-13T21:17:35.964Z - Time taken for 'total for creating and serializing project graph' 0.11745800077915192ms
[NX Daemon Server] - 2025-01-13T21:17:35.965Z - Done responding to the client project-graph
[NX Daemon Server] - 2025-01-13T21:17:35.965Z - Handled REQUEST_PROJECT_GRAPH. Handling time: 0. Response time: 1.
[NX Daemon Server] - 2025-01-13T21:17:35.967Z - [REQUEST]: Client Request for Project Graph Received
[NX Daemon Server] - 2025-01-13T21:17:35.967Z - [REQUEST]: Responding to the client. project-graph
[NX Daemon Server] - 2025-01-13T21:17:35.968Z - Time taken for 'total for creating and serializing project graph' 0.0780419996008277ms
[NX Daemon Server] - 2025-01-13T21:17:35.968Z - Done responding to the client project-graph
[NX Daemon Server] - 2025-01-13T21:17:35.968Z - Handled REQUEST_PROJECT_GRAPH. Handling time: 0. Response time: 1.
[NX Daemon Server] - 2025-01-13T21:17:35.970Z - Established a connection. Number of open connections: 2
[NX Daemon Server] - 2025-01-13T21:18:49.008Z - [WATCHER]: libs/utils/src/components/slugify.test.ts was modified
[NX Daemon Server] - 2025-01-13T21:18:49.009Z - [REQUEST]: Responding to the client. File watch changed
[NX Daemon Server] - 2025-01-13T21:18:49.009Z - Done responding to the client File watch changed
[NX Daemon Server] - 2025-01-13T21:18:49.009Z - Handled FILE-WATCH-CHANGED. Handling time: 0. Response time: 0.
[NX Daemon Server] - 2025-01-13T21:18:49.009Z - [WATCHER]: Processing file changes in outputs
[NX Daemon Server] - 2025-01-13T21:18:49.009Z - Time taken for 'changed-projects' 0.08270800020545721ms
[NX Daemon Server] - 2025-01-13T21:18:49.110Z - [REQUEST]: Updated workspace context based on watched changes, recomputing project graph...
[NX Daemon Server] - 2025-01-13T21:18:49.110Z - [REQUEST]: libs/utils/src/components/slugify.test.ts
[NX Daemon Server] - 2025-01-13T21:18:49.110Z - [REQUEST]: 
[NX Daemon Server] - 2025-01-13T21:18:49.112Z - Time taken for 'hash changed files from watcher' 0.17004199977964163ms
[NX Daemon Server] - 2025-01-13T21:18:49.127Z - Time taken for 'build-project-configs' 14.102374999783933ms
[NX Daemon Server] - 2025-01-13T21:18:49.139Z - [SYNC]: collect registered sync generators
[NX Daemon Server] - 2025-01-13T21:18:49.139Z - [SYNC]: project graph hash is the same, not collecting task sync generators
[NX Daemon Server] - 2025-01-13T21:18:49.139Z - [SYNC]: nx.json hash is the same, not collecting global sync generators
[NX Daemon Server] - 2025-01-13T21:18:49.139Z - Time taken for 'total execution time for createProjectGraph()' 9.981999999843538ms
[NX Daemon Server] - 2025-01-13T21:18:49.788Z - [WATCHER]: Processing file changes in outputs
[NX Daemon Server] - 2025-01-13T21:18:49.788Z - [WATCHER]: libs/utils/coverage/.tmp/coverage-27.json was deleted
[NX Daemon Server] - 2025-01-13T21:18:49.788Z - [REQUEST]: Responding to the client. File watch changed
[NX Daemon Server] - 2025-01-13T21:18:49.788Z - Done responding to the client File watch changed
[NX Daemon Server] - 2025-01-13T21:18:49.789Z - Handled FILE-WATCH-CHANGED. Handling time: 0. Response time: 1.
[NX Daemon Server] - 2025-01-13T21:18:49.789Z - Time taken for 'changed-projects' 0.03391699958592653ms
[NX Daemon Server] - 2025-01-13T21:18:49.989Z - [REQUEST]: Updated workspace context based on watched changes, recomputing project graph...
[NX Daemon Server] - 2025-01-13T21:18:49.989Z - [REQUEST]: 
[NX Daemon Server] - 2025-01-13T21:18:49.989Z - [REQUEST]: libs/utils/coverage/.tmp/coverage-27.json
[NX Daemon Server] - 2025-01-13T21:18:49.990Z - Time taken for 'hash changed files from watcher' 0.0849999999627471ms
[NX Daemon Server] - 2025-01-13T21:18:49.995Z - Time taken for 'build-project-configs' 4.418291000649333ms
[NX Daemon Server] - 2025-01-13T21:18:50.004Z - [SYNC]: collect registered sync generators
[NX Daemon Server] - 2025-01-13T21:18:50.005Z - [SYNC]: project graph hash is the same, not collecting task sync generators
[NX Daemon Server] - 2025-01-13T21:18:50.005Z - [SYNC]: nx.json hash is the same, not collecting global sync generators
[NX Daemon Server] - 2025-01-13T21:18:50.005Z - Time taken for 'total execution time for createProjectGraph()' 6.702624999918044ms
[NX Daemon Server] - 2025-01-13T21:18:50.797Z - Established a connection. Number of open connections: 3
[NX Daemon Server] - 2025-01-13T21:18:50.798Z - [REQUEST]: Client Request for Project Graph Received
[NX Daemon Server] - 2025-01-13T21:18:50.798Z - [REQUEST]: Responding to the client. project-graph
[NX Daemon Server] - 2025-01-13T21:18:50.799Z - Time taken for 'total for creating and serializing project graph' 0.22245800029486418ms
[NX Daemon Server] - 2025-01-13T21:18:50.799Z - Closed a connection. Number of open connections: 2
[NX Daemon Server] - 2025-01-13T21:18:50.800Z - Done responding to the client project-graph
[NX Daemon Server] - 2025-01-13T21:18:50.800Z - Handled REQUEST_PROJECT_GRAPH. Handling time: 0. Response time: 2.
[NX Daemon Server] - 2025-01-13T21:18:50.803Z - [REQUEST]: Responding to the client. handleContextFileData
[NX Daemon Server] - 2025-01-13T21:18:50.803Z - Done responding to the client handleContextFileData
[NX Daemon Server] - 2025-01-13T21:18:50.803Z - Handled GET_CONTEXT_FILE_DATA. Handling time: 1. Response time: 0.
[NX Daemon Server] - 2025-01-13T21:18:50.803Z - Closed a connection. Number of open connections: 1
[NX Daemon Server] - 2025-01-13T21:18:50.808Z - Closed a connection. Number of open connections: 0
[NX Daemon Server] - 2025-01-13T21:18:50.809Z - Established a connection. Number of open connections: 1
[NX Daemon Server] - 2025-01-13T21:18:50.809Z - Established a connection. Number of open connections: 2
[NX Daemon Server] - 2025-01-13T21:18:50.809Z - Closed a connection. Number of open connections: 1
[NX Daemon Server] - 2025-01-13T21:18:50.809Z - [REQUEST]: Client Request for Project Graph Received
[NX Daemon Server] - 2025-01-13T21:18:50.809Z - [REQUEST]: Responding to the client. project-graph
[NX Daemon Server] - 2025-01-13T21:18:50.810Z - Time taken for 'total for creating and serializing project graph' 0.07366700004786253ms
[NX Daemon Server] - 2025-01-13T21:18:50.810Z - Done responding to the client project-graph
[NX Daemon Server] - 2025-01-13T21:18:50.810Z - Handled REQUEST_PROJECT_GRAPH. Handling time: 0. Response time: 1.
[NX Daemon Server] - 2025-01-13T21:18:50.811Z - [REQUEST]: Client Request for Project Graph Received
[NX Daemon Server] - 2025-01-13T21:18:50.811Z - [REQUEST]: Responding to the client. project-graph
[NX Daemon Server] - 2025-01-13T21:18:50.811Z - Time taken for 'total for creating and serializing project graph' 0.10700000077486038ms
[NX Daemon Server] - 2025-01-13T21:18:50.812Z - Done responding to the client project-graph
[NX Daemon Server] - 2025-01-13T21:18:50.812Z - Handled REQUEST_PROJECT_GRAPH. Handling time: 0. Response time: 1.
[NX Daemon Server] - 2025-01-13T21:18:50.814Z - Established a connection. Number of open connections: 2
[NX Daemon Server] - 2025-01-13T21:19:19.624Z - [WATCHER]: libs/utils/src/components/slugify.ts was modified
[NX Daemon Server] - 2025-01-13T21:19:19.625Z - [REQUEST]: Responding to the client. File watch changed
[NX Daemon Server] - 2025-01-13T21:19:19.625Z - Done responding to the client File watch changed
[NX Daemon Server] - 2025-01-13T21:19:19.625Z - Handled FILE-WATCH-CHANGED. Handling time: 0. Response time: 0.
[NX Daemon Server] - 2025-01-13T21:19:19.625Z - [WATCHER]: Processing file changes in outputs
[NX Daemon Server] - 2025-01-13T21:19:19.626Z - Time taken for 'changed-projects' 0.17525000032037497ms
[NX Daemon Server] - 2025-01-13T21:19:19.725Z - [REQUEST]: Updated workspace context based on watched changes, recomputing project graph...
[NX Daemon Server] - 2025-01-13T21:19:19.725Z - [REQUEST]: libs/utils/src/components/slugify.ts
[NX Daemon Server] - 2025-01-13T21:19:19.725Z - [REQUEST]: 
[NX Daemon Server] - 2025-01-13T21:19:19.726Z - Time taken for 'hash changed files from watcher' 0.11266699992120266ms
[NX Daemon Server] - 2025-01-13T21:19:19.736Z - Time taken for 'build-project-configs' 8.52804100047797ms
[NX Daemon Server] - 2025-01-13T21:19:19.745Z - [SYNC]: collect registered sync generators
[NX Daemon Server] - 2025-01-13T21:19:19.745Z - [SYNC]: project graph hash is the same, not collecting task sync generators
[NX Daemon Server] - 2025-01-13T21:19:19.745Z - [SYNC]: nx.json hash is the same, not collecting global sync generators
[NX Daemon Server] - 2025-01-13T21:19:19.745Z - Time taken for 'total execution time for createProjectGraph()' 7.666833000257611ms
[NX Daemon Server] - 2025-01-13T21:19:20.315Z - [WATCHER]: libs/utils/coverage/.tmp/coverage-28.json was deleted
[NX Daemon Server] - 2025-01-13T21:19:20.315Z - [REQUEST]: Responding to the client. File watch changed
[NX Daemon Server] - 2025-01-13T21:19:20.315Z - Done responding to the client File watch changed
[NX Daemon Server] - 2025-01-13T21:19:20.315Z - Handled FILE-WATCH-CHANGED. Handling time: 0. Response time: 0.
[NX Daemon Server] - 2025-01-13T21:19:20.315Z - [WATCHER]: Processing file changes in outputs
[NX Daemon Server] - 2025-01-13T21:19:20.315Z - Time taken for 'changed-projects' 0.05762500036507845ms
[NX Daemon Server] - 2025-01-13T21:19:20.516Z - [REQUEST]: Updated workspace context based on watched changes, recomputing project graph...
[NX Daemon Server] - 2025-01-13T21:19:20.516Z - [REQUEST]: 
[NX Daemon Server] - 2025-01-13T21:19:20.516Z - [REQUEST]: libs/utils/coverage/.tmp/coverage-28.json
[NX Daemon Server] - 2025-01-13T21:19:20.519Z - Time taken for 'hash changed files from watcher' 0.2730419998988509ms
[NX Daemon Server] - 2025-01-13T21:19:20.526Z - Time taken for 'build-project-configs' 7.374499999918044ms
[NX Daemon Server] - 2025-01-13T21:19:20.534Z - [SYNC]: collect registered sync generators
[NX Daemon Server] - 2025-01-13T21:19:20.534Z - [SYNC]: project graph hash is the same, not collecting task sync generators
[NX Daemon Server] - 2025-01-13T21:19:20.534Z - [SYNC]: nx.json hash is the same, not collecting global sync generators
[NX Daemon Server] - 2025-01-13T21:19:20.534Z - Time taken for 'total execution time for createProjectGraph()' 6.229708000086248ms
[NX Daemon Server] - 2025-01-13T21:19:21.320Z - Established a connection. Number of open connections: 3
[NX Daemon Server] - 2025-01-13T21:19:21.321Z - [REQUEST]: Client Request for Project Graph Received
[NX Daemon Server] - 2025-01-13T21:19:21.322Z - [REQUEST]: Responding to the client. project-graph
[NX Daemon Server] - 2025-01-13T21:19:21.322Z - Time taken for 'total for creating and serializing project graph' 0.24666700046509504ms
[NX Daemon Server] - 2025-01-13T21:19:21.322Z - Closed a connection. Number of open connections: 2
[NX Daemon Server] - 2025-01-13T21:19:21.324Z - Done responding to the client project-graph
[NX Daemon Server] - 2025-01-13T21:19:21.324Z - Handled REQUEST_PROJECT_GRAPH. Handling time: 1. Response time: 2.
[NX Daemon Server] - 2025-01-13T21:19:21.326Z - [REQUEST]: Responding to the client. handleContextFileData
[NX Daemon Server] - 2025-01-13T21:19:21.326Z - Done responding to the client handleContextFileData
[NX Daemon Server] - 2025-01-13T21:19:21.326Z - Handled GET_CONTEXT_FILE_DATA. Handling time: 0. Response time: 0.
[NX Daemon Server] - 2025-01-13T21:19:21.327Z - Closed a connection. Number of open connections: 1
[NX Daemon Server] - 2025-01-13T21:19:21.330Z - Closed a connection. Number of open connections: 0
[NX Daemon Server] - 2025-01-13T21:19:21.331Z - Established a connection. Number of open connections: 1
[NX Daemon Server] - 2025-01-13T21:19:21.331Z - Established a connection. Number of open connections: 2
[NX Daemon Server] - 2025-01-13T21:19:21.331Z - Closed a connection. Number of open connections: 1
[NX Daemon Server] - 2025-01-13T21:19:21.332Z - [REQUEST]: Client Request for Project Graph Received
[NX Daemon Server] - 2025-01-13T21:19:21.332Z - [REQUEST]: Responding to the client. project-graph
[NX Daemon Server] - 2025-01-13T21:19:21.332Z - Time taken for 'total for creating and serializing project graph' 0.1285000005736947ms
[NX Daemon Server] - 2025-01-13T21:19:21.332Z - Done responding to the client project-graph
[NX Daemon Server] - 2025-01-13T21:19:21.333Z - Handled REQUEST_PROJECT_GRAPH. Handling time: 0. Response time: 1.
[NX Daemon Server] - 2025-01-13T21:19:21.334Z - [REQUEST]: Client Request for Project Graph Received
[NX Daemon Server] - 2025-01-13T21:19:21.334Z - [REQUEST]: Responding to the client. project-graph
[NX Daemon Server] - 2025-01-13T21:19:21.334Z - Time taken for 'total for creating and serializing project graph' 0.09649999998509884ms
[NX Daemon Server] - 2025-01-13T21:19:21.335Z - Done responding to the client project-graph
[NX Daemon Server] - 2025-01-13T21:19:21.335Z - Handled REQUEST_PROJECT_GRAPH. Handling time: 0. Response time: 1.
[NX Daemon Server] - 2025-01-13T21:19:21.336Z - Established a connection. Number of open connections: 2
[NX Daemon Server] - 2025-01-13T21:19:22.069Z - [WATCHER]: libs/utils/src/components/slugify.test.ts was modified
[NX Daemon Server] - 2025-01-13T21:19:22.070Z - [REQUEST]: Responding to the client. File watch changed
[NX Daemon Server] - 2025-01-13T21:19:22.070Z - Done responding to the client File watch changed
[NX Daemon Server] - 2025-01-13T21:19:22.070Z - Handled FILE-WATCH-CHANGED. Handling time: 0. Response time: 0.
[NX Daemon Server] - 2025-01-13T21:19:22.070Z - [WATCHER]: Processing file changes in outputs
[NX Daemon Server] - 2025-01-13T21:19:22.070Z - Time taken for 'changed-projects' 0.0320830000564456ms
[NX Daemon Server] - 2025-01-13T21:19:22.170Z - [REQUEST]: Updated workspace context based on watched changes, recomputing project graph...
[NX Daemon Server] - 2025-01-13T21:19:22.170Z - [REQUEST]: libs/utils/src/components/slugify.test.ts
[NX Daemon Server] - 2025-01-13T21:19:22.170Z - [REQUEST]: 
[NX Daemon Server] - 2025-01-13T21:19:22.171Z - Time taken for 'hash changed files from watcher' 0.10216700006276369ms
[NX Daemon Server] - 2025-01-13T21:19:22.176Z - Time taken for 'build-project-configs' 3.9695420004427433ms
[NX Daemon Server] - 2025-01-13T21:19:22.186Z - [SYNC]: collect registered sync generators
[NX Daemon Server] - 2025-01-13T21:19:22.186Z - [SYNC]: project graph hash is the same, not collecting task sync generators
[NX Daemon Server] - 2025-01-13T21:19:22.186Z - [SYNC]: nx.json hash is the same, not collecting global sync generators
[NX Daemon Server] - 2025-01-13T21:19:22.186Z - Time taken for 'total execution time for createProjectGraph()' 9.396459000185132ms
[NX Daemon Server] - 2025-01-13T21:19:22.521Z - [WATCHER]: Processing file changes in outputs
[NX Daemon Server] - 2025-01-13T21:19:22.521Z - [WATCHER]: libs/utils/coverage/.tmp/coverage-29.json was deleted
[NX Daemon Server] - 2025-01-13T21:19:22.521Z - [REQUEST]: Responding to the client. File watch changed
[NX Daemon Server] - 2025-01-13T21:19:22.521Z - Done responding to the client File watch changed
[NX Daemon Server] - 2025-01-13T21:19:22.521Z - Handled FILE-WATCH-CHANGED. Handling time: 0. Response time: 0.
[NX Daemon Server] - 2025-01-13T21:19:22.521Z - Time taken for 'changed-projects' 0.02508299984037876ms
[NX Daemon Server] - 2025-01-13T21:19:22.722Z - [REQUEST]: Updated workspace context based on watched changes, recomputing project graph...
[NX Daemon Server] - 2025-01-13T21:19:22.722Z - [REQUEST]: 
[NX Daemon Server] - 2025-01-13T21:19:22.722Z - [REQUEST]: libs/utils/coverage/.tmp/coverage-29.json
[NX Daemon Server] - 2025-01-13T21:19:22.723Z - Time taken for 'hash changed files from watcher' 0.08429200015962124ms
[NX Daemon Server] - 2025-01-13T21:19:22.728Z - Time taken for 'build-project-configs' 4.195000000298023ms
[NX Daemon Server] - 2025-01-13T21:19:22.735Z - [SYNC]: collect registered sync generators
[NX Daemon Server] - 2025-01-13T21:19:22.735Z - [SYNC]: project graph hash is the same, not collecting task sync generators
[NX Daemon Server] - 2025-01-13T21:19:22.735Z - [SYNC]: nx.json hash is the same, not collecting global sync generators
[NX Daemon Server] - 2025-01-13T21:19:22.735Z - Time taken for 'total execution time for createProjectGraph()' 5.777625000104308ms
[NX Daemon Server] - 2025-01-13T21:19:23.526Z - Established a connection. Number of open connections: 3
[NX Daemon Server] - 2025-01-13T21:19:23.527Z - [REQUEST]: Client Request for Project Graph Received
[NX Daemon Server] - 2025-01-13T21:19:23.528Z - [REQUEST]: Responding to the client. project-graph
[NX Daemon Server] - 2025-01-13T21:19:23.528Z - Time taken for 'total for creating and serializing project graph' 0.2683330001309514ms
[NX Daemon Server] - 2025-01-13T21:19:23.528Z - Closed a connection. Number of open connections: 2
[NX Daemon Server] - 2025-01-13T21:19:23.530Z - Done responding to the client project-graph
[NX Daemon Server] - 2025-01-13T21:19:23.530Z - Handled REQUEST_PROJECT_GRAPH. Handling time: 1. Response time: 2.
[NX Daemon Server] - 2025-01-13T21:19:23.533Z - [REQUEST]: Responding to the client. handleContextFileData
[NX Daemon Server] - 2025-01-13T21:19:23.533Z - Done responding to the client handleContextFileData
[NX Daemon Server] - 2025-01-13T21:19:23.533Z - Handled GET_CONTEXT_FILE_DATA. Handling time: 1. Response time: 0.
[NX Daemon Server] - 2025-01-13T21:19:23.533Z - Closed a connection. Number of open connections: 1
[NX Daemon Server] - 2025-01-13T21:19:23.536Z - Closed a connection. Number of open connections: 0
[NX Daemon Server] - 2025-01-13T21:19:23.537Z - Established a connection. Number of open connections: 1
[NX Daemon Server] - 2025-01-13T21:19:23.537Z - Established a connection. Number of open connections: 2
[NX Daemon Server] - 2025-01-13T21:19:23.537Z - Closed a connection. Number of open connections: 1
[NX Daemon Server] - 2025-01-13T21:19:23.537Z - [REQUEST]: Client Request for Project Graph Received
[NX Daemon Server] - 2025-01-13T21:19:23.537Z - [REQUEST]: Responding to the client. project-graph
[NX Daemon Server] - 2025-01-13T21:19:23.537Z - Time taken for 'total for creating and serializing project graph' 0.09037499967962503ms
[NX Daemon Server] - 2025-01-13T21:19:23.538Z - Done responding to the client project-graph
[NX Daemon Server] - 2025-01-13T21:19:23.538Z - Handled REQUEST_PROJECT_GRAPH. Handling time: 0. Response time: 1.
[NX Daemon Server] - 2025-01-13T21:19:23.539Z - [REQUEST]: Client Request for Project Graph Received
[NX Daemon Server] - 2025-01-13T21:19:23.539Z - [REQUEST]: Responding to the client. project-graph
[NX Daemon Server] - 2025-01-13T21:19:23.539Z - Time taken for 'total for creating and serializing project graph' 0.047916000708937645ms
[NX Daemon Server] - 2025-01-13T21:19:23.539Z - Done responding to the client project-graph
[NX Daemon Server] - 2025-01-13T21:19:23.539Z - Handled REQUEST_PROJECT_GRAPH. Handling time: 0. Response time: 0.
[NX Daemon Server] - 2025-01-13T21:19:23.540Z - Established a connection. Number of open connections: 2
[NX Daemon Server] - 2025-01-13T21:19:51.468Z - [WATCHER]: Processing file changes in outputs
[NX Daemon Server] - 2025-01-13T21:19:51.471Z - [WATCHER]: libs/utils/src/components/slugify.ts was modified
[NX Daemon Server] - 2025-01-13T21:19:51.472Z - [REQUEST]: Responding to the client. File watch changed
[NX Daemon Server] - 2025-01-13T21:19:51.472Z - Done responding to the client File watch changed
[NX Daemon Server] - 2025-01-13T21:19:51.472Z - Handled FILE-WATCH-CHANGED. Handling time: 0. Response time: 0.
[NX Daemon Server] - 2025-01-13T21:19:51.472Z - Time taken for 'changed-projects' 0.1727080000564456ms
[NX Daemon Server] - 2025-01-13T21:19:51.571Z - [REQUEST]: Updated workspace context based on watched changes, recomputing project graph...
[NX Daemon Server] - 2025-01-13T21:19:51.572Z - [REQUEST]: libs/utils/src/components/slugify.ts
[NX Daemon Server] - 2025-01-13T21:19:51.572Z - [REQUEST]: 
[NX Daemon Server] - 2025-01-13T21:19:51.573Z - Time taken for 'hash changed files from watcher' 0.13991700019687414ms
[NX Daemon Server] - 2025-01-13T21:19:51.584Z - Time taken for 'build-project-configs' 9.720749999396503ms
[NX Daemon Server] - 2025-01-13T21:19:51.594Z - [SYNC]: collect registered sync generators
[NX Daemon Server] - 2025-01-13T21:19:51.594Z - [SYNC]: project graph hash is the same, not collecting task sync generators
[NX Daemon Server] - 2025-01-13T21:19:51.594Z - [SYNC]: nx.json hash is the same, not collecting global sync generators
[NX Daemon Server] - 2025-01-13T21:19:51.594Z - Time taken for 'total execution time for createProjectGraph()' 8.56258299946785ms
[NX Daemon Server] - 2025-01-13T21:19:52.180Z - [WATCHER]: Processing file changes in outputs
[NX Daemon Server] - 2025-01-13T21:19:52.180Z - [WATCHER]: libs/utils/coverage/.tmp/coverage-30.json was deleted
[NX Daemon Server] - 2025-01-13T21:19:52.180Z - [REQUEST]: Responding to the client. File watch changed
[NX Daemon Server] - 2025-01-13T21:19:52.181Z - Done responding to the client File watch changed
[NX Daemon Server] - 2025-01-13T21:19:52.181Z - Handled FILE-WATCH-CHANGED. Handling time: 0. Response time: 1.
[NX Daemon Server] - 2025-01-13T21:19:52.181Z - Time taken for 'changed-projects' 0.040583000518381596ms
[NX Daemon Server] - 2025-01-13T21:19:52.381Z - [REQUEST]: Updated workspace context based on watched changes, recomputing project graph...
[NX Daemon Server] - 2025-01-13T21:19:52.381Z - [REQUEST]: 
[NX Daemon Server] - 2025-01-13T21:19:52.381Z - [REQUEST]: libs/utils/coverage/.tmp/coverage-30.json
[NX Daemon Server] - 2025-01-13T21:19:52.383Z - Time taken for 'hash changed files from watcher' 0.09158300049602985ms
[NX Daemon Server] - 2025-01-13T21:19:52.388Z - Time taken for 'build-project-configs' 4.787250000052154ms
[NX Daemon Server] - 2025-01-13T21:19:52.397Z - [SYNC]: collect registered sync generators
[NX Daemon Server] - 2025-01-13T21:19:52.397Z - [SYNC]: project graph hash is the same, not collecting task sync generators
[NX Daemon Server] - 2025-01-13T21:19:52.397Z - [SYNC]: nx.json hash is the same, not collecting global sync generators
[NX Daemon Server] - 2025-01-13T21:19:52.397Z - Time taken for 'total execution time for createProjectGraph()' 6.557583000510931ms
[NX Daemon Server] - 2025-01-13T21:19:53.187Z - Established a connection. Number of open connections: 3
[NX Daemon Server] - 2025-01-13T21:19:53.188Z - [REQUEST]: Client Request for Project Graph Received
[NX Daemon Server] - 2025-01-13T21:19:53.188Z - [REQUEST]: Responding to the client. project-graph
[NX Daemon Server] - 2025-01-13T21:19:53.188Z - Time taken for 'total for creating and serializing project graph' 0.16166699957102537ms
[NX Daemon Server] - 2025-01-13T21:19:53.188Z - Closed a connection. Number of open connections: 2
[NX Daemon Server] - 2025-01-13T21:19:53.190Z - Done responding to the client project-graph
[NX Daemon Server] - 2025-01-13T21:19:53.190Z - Handled REQUEST_PROJECT_GRAPH. Handling time: 0. Response time: 2.
[NX Daemon Server] - 2025-01-13T21:19:53.193Z - [REQUEST]: Responding to the client. handleContextFileData
[NX Daemon Server] - 2025-01-13T21:19:53.193Z - Done responding to the client handleContextFileData
[NX Daemon Server] - 2025-01-13T21:19:53.193Z - Handled GET_CONTEXT_FILE_DATA. Handling time: 0. Response time: 0.
[NX Daemon Server] - 2025-01-13T21:19:53.193Z - Closed a connection. Number of open connections: 1
[NX Daemon Server] - 2025-01-13T21:19:53.199Z - Closed a connection. Number of open connections: 0
[NX Daemon Server] - 2025-01-13T21:19:53.200Z - Established a connection. Number of open connections: 1
[NX Daemon Server] - 2025-01-13T21:19:53.200Z - Established a connection. Number of open connections: 2
[NX Daemon Server] - 2025-01-13T21:19:53.200Z - Closed a connection. Number of open connections: 1
[NX Daemon Server] - 2025-01-13T21:19:53.200Z - [REQUEST]: Client Request for Project Graph Received
[NX Daemon Server] - 2025-01-13T21:19:53.201Z - [REQUEST]: Responding to the client. project-graph
[NX Daemon Server] - 2025-01-13T21:19:53.201Z - Time taken for 'total for creating and serializing project graph' 0.0805830005556345ms
[NX Daemon Server] - 2025-01-13T21:19:53.201Z - Done responding to the client project-graph
[NX Daemon Server] - 2025-01-13T21:19:53.201Z - Handled REQUEST_PROJECT_GRAPH. Handling time: 1. Response time: 0.
[NX Daemon Server] - 2025-01-13T21:19:53.203Z - [REQUEST]: Client Request for Project Graph Received
[NX Daemon Server] - 2025-01-13T21:19:53.203Z - [REQUEST]: Responding to the client. project-graph
[NX Daemon Server] - 2025-01-13T21:19:53.203Z - Time taken for 'total for creating and serializing project graph' 0.08458399958908558ms
[NX Daemon Server] - 2025-01-13T21:19:53.204Z - Done responding to the client project-graph
[NX Daemon Server] - 2025-01-13T21:19:53.204Z - Handled REQUEST_PROJECT_GRAPH. Handling time: 0. Response time: 1.
[NX Daemon Server] - 2025-01-13T21:19:53.205Z - Established a connection. Number of open connections: 2
[NX Daemon Server] - 2025-01-13T21:19:58.977Z - [WATCHER]: libs/utils/src/components/slugify.ts was modified
[NX Daemon Server] - 2025-01-13T21:19:58.977Z - [REQUEST]: Responding to the client. File watch changed
[NX Daemon Server] - 2025-01-13T21:19:58.977Z - Done responding to the client File watch changed
[NX Daemon Server] - 2025-01-13T21:19:58.977Z - Handled FILE-WATCH-CHANGED. Handling time: 0. Response time: 0.
[NX Daemon Server] - 2025-01-13T21:19:58.977Z - [WATCHER]: Processing file changes in outputs
[NX Daemon Server] - 2025-01-13T21:19:58.977Z - Time taken for 'changed-projects' 0.04670899920165539ms
[NX Daemon Server] - 2025-01-13T21:19:59.077Z - [REQUEST]: Updated workspace context based on watched changes, recomputing project graph...
[NX Daemon Server] - 2025-01-13T21:19:59.077Z - [REQUEST]: libs/utils/src/components/slugify.ts
[NX Daemon Server] - 2025-01-13T21:19:59.077Z - [REQUEST]: 
[NX Daemon Server] - 2025-01-13T21:19:59.078Z - Time taken for 'hash changed files from watcher' 0.09649999998509884ms
[NX Daemon Server] - 2025-01-13T21:19:59.084Z - Time taken for 'build-project-configs' 4.219207999296486ms
[NX Daemon Server] - 2025-01-13T21:19:59.092Z - [SYNC]: collect registered sync generators
[NX Daemon Server] - 2025-01-13T21:19:59.093Z - [SYNC]: project graph hash is the same, not collecting task sync generators
[NX Daemon Server] - 2025-01-13T21:19:59.093Z - [SYNC]: nx.json hash is the same, not collecting global sync generators
[NX Daemon Server] - 2025-01-13T21:19:59.093Z - Time taken for 'total execution time for createProjectGraph()' 7.712375000119209ms
[NX Daemon Server] - 2025-01-13T21:19:59.459Z - [WATCHER]: libs/utils/coverage/.tmp/coverage-31.json was deleted
[NX Daemon Server] - 2025-01-13T21:19:59.459Z - [REQUEST]: Responding to the client. File watch changed
[NX Daemon Server] - 2025-01-13T21:19:59.459Z - Done responding to the client File watch changed
[NX Daemon Server] - 2025-01-13T21:19:59.459Z - Handled FILE-WATCH-CHANGED. Handling time: 0. Response time: 0.
[NX Daemon Server] - 2025-01-13T21:19:59.459Z - [WATCHER]: Processing file changes in outputs
[NX Daemon Server] - 2025-01-13T21:19:59.459Z - Time taken for 'changed-projects' 0.05958299990743399ms
[NX Daemon Server] - 2025-01-13T21:19:59.659Z - [REQUEST]: Updated workspace context based on watched changes, recomputing project graph...
[NX Daemon Server] - 2025-01-13T21:19:59.659Z - [REQUEST]: 
[NX Daemon Server] - 2025-01-13T21:19:59.659Z - [REQUEST]: libs/utils/coverage/.tmp/coverage-31.json
[NX Daemon Server] - 2025-01-13T21:19:59.661Z - Time taken for 'hash changed files from watcher' 0.11987499985843897ms
[NX Daemon Server] - 2025-01-13T21:19:59.668Z - Time taken for 'build-project-configs' 7.5970830004662275ms
[NX Daemon Server] - 2025-01-13T21:19:59.675Z - [SYNC]: collect registered sync generators
[NX Daemon Server] - 2025-01-13T21:19:59.675Z - [SYNC]: project graph hash is the same, not collecting task sync generators
[NX Daemon Server] - 2025-01-13T21:19:59.676Z - [SYNC]: nx.json hash is the same, not collecting global sync generators
[NX Daemon Server] - 2025-01-13T21:19:59.676Z - Time taken for 'total execution time for createProjectGraph()' 5.511374999769032ms
[NX Daemon Server] - 2025-01-13T21:20:00.463Z - Established a connection. Number of open connections: 3
[NX Daemon Server] - 2025-01-13T21:20:00.463Z - [REQUEST]: Client Request for Project Graph Received
[NX Daemon Server] - 2025-01-13T21:20:00.464Z - [REQUEST]: Responding to the client. project-graph
[NX Daemon Server] - 2025-01-13T21:20:00.464Z - Time taken for 'total for creating and serializing project graph' 0.25175000075250864ms
[NX Daemon Server] - 2025-01-13T21:20:00.464Z - Closed a connection. Number of open connections: 2
[NX Daemon Server] - 2025-01-13T21:20:00.465Z - Done responding to the client project-graph
[NX Daemon Server] - 2025-01-13T21:20:00.465Z - Handled REQUEST_PROJECT_GRAPH. Handling time: 1. Response time: 1.
[NX Daemon Server] - 2025-01-13T21:20:00.469Z - [REQUEST]: Responding to the client. handleContextFileData
[NX Daemon Server] - 2025-01-13T21:20:00.469Z - Done responding to the client handleContextFileData
[NX Daemon Server] - 2025-01-13T21:20:00.469Z - Handled GET_CONTEXT_FILE_DATA. Handling time: 0. Response time: 0.
[NX Daemon Server] - 2025-01-13T21:20:00.470Z - Closed a connection. Number of open connections: 1
[NX Daemon Server] - 2025-01-13T21:20:00.474Z - Closed a connection. Number of open connections: 0
[NX Daemon Server] - 2025-01-13T21:20:00.474Z - Established a connection. Number of open connections: 1
[NX Daemon Server] - 2025-01-13T21:20:00.474Z - Established a connection. Number of open connections: 2
[NX Daemon Server] - 2025-01-13T21:20:00.474Z - Closed a connection. Number of open connections: 1
[NX Daemon Server] - 2025-01-13T21:20:00.475Z - [REQUEST]: Client Request for Project Graph Received
[NX Daemon Server] - 2025-01-13T21:20:00.475Z - [REQUEST]: Responding to the client. project-graph
[NX Daemon Server] - 2025-01-13T21:20:00.475Z - Time taken for 'total for creating and serializing project graph' 0.09845900069922209ms
[NX Daemon Server] - 2025-01-13T21:20:00.475Z - Done responding to the client project-graph
[NX Daemon Server] - 2025-01-13T21:20:00.475Z - Handled REQUEST_PROJECT_GRAPH. Handling time: 0. Response time: 0.
[NX Daemon Server] - 2025-01-13T21:20:00.477Z - [REQUEST]: Client Request for Project Graph Received
[NX Daemon Server] - 2025-01-13T21:20:00.477Z - [REQUEST]: Responding to the client. project-graph
[NX Daemon Server] - 2025-01-13T21:20:00.477Z - Time taken for 'total for creating and serializing project graph' 0.06970900017768145ms
[NX Daemon Server] - 2025-01-13T21:20:00.477Z - Done responding to the client project-graph
[NX Daemon Server] - 2025-01-13T21:20:00.477Z - Handled REQUEST_PROJECT_GRAPH. Handling time: 0. Response time: 0.
[NX Daemon Server] - 2025-01-13T21:20:00.479Z - Established a connection. Number of open connections: 2
[NX Daemon Server] - 2025-01-13T21:20:13.786Z - [WATCHER]: libs/utils/src/components/slugify.ts was modified
[NX Daemon Server] - 2025-01-13T21:20:13.787Z - [REQUEST]: Responding to the client. File watch changed
[NX Daemon Server] - 2025-01-13T21:20:13.787Z - Done responding to the client File watch changed
[NX Daemon Server] - 2025-01-13T21:20:13.787Z - Handled FILE-WATCH-CHANGED. Handling time: 0. Response time: 0.
[NX Daemon Server] - 2025-01-13T21:20:13.787Z - [WATCHER]: Processing file changes in outputs
[NX Daemon Server] - 2025-01-13T21:20:13.787Z - Time taken for 'changed-projects' 0.114334000274539ms
[NX Daemon Server] - 2025-01-13T21:20:13.887Z - [REQUEST]: Updated workspace context based on watched changes, recomputing project graph...
[NX Daemon Server] - 2025-01-13T21:20:13.887Z - [REQUEST]: libs/utils/src/components/slugify.ts
[NX Daemon Server] - 2025-01-13T21:20:13.887Z - [REQUEST]: 
[NX Daemon Server] - 2025-01-13T21:20:13.889Z - Time taken for 'hash changed files from watcher' 0.22841699980199337ms
[NX Daemon Server] - 2025-01-13T21:20:13.898Z - Time taken for 'build-project-configs' 8.281957999803126ms
[NX Daemon Server] - 2025-01-13T21:20:13.910Z - [SYNC]: collect registered sync generators
[NX Daemon Server] - 2025-01-13T21:20:13.910Z - [SYNC]: project graph hash is the same, not collecting task sync generators
[NX Daemon Server] - 2025-01-13T21:20:13.910Z - [SYNC]: nx.json hash is the same, not collecting global sync generators
[NX Daemon Server] - 2025-01-13T21:20:13.910Z - Time taken for 'total execution time for createProjectGraph()' 9.646375000476837ms
[NX Daemon Server] - 2025-01-13T21:20:14.278Z - [WATCHER]: 10 file(s) created or restored, 0 file(s) modified, 1 file(s) deleted
[NX Daemon Server] - 2025-01-13T21:20:14.278Z - [REQUEST]: Responding to the client. File watch changed
[NX Daemon Server] - 2025-01-13T21:20:14.278Z - Done responding to the client File watch changed
[NX Daemon Server] - 2025-01-13T21:20:14.278Z - Handled FILE-WATCH-CHANGED. Handling time: 0. Response time: 0.
[NX Daemon Server] - 2025-01-13T21:20:14.278Z - [WATCHER]: Processing file changes in outputs
[NX Daemon Server] - 2025-01-13T21:20:14.279Z - Time taken for 'changed-projects' 0.051083000376820564ms
[NX Daemon Server] - 2025-01-13T21:20:14.380Z - [REQUEST]: Updated workspace context based on watched changes, recomputing project graph...
[NX Daemon Server] - 2025-01-13T21:20:14.380Z - [REQUEST]: libs/utils/coverage/slugify.ts.html,libs/utils/coverage/base.css,libs/utils/coverage/coverage-final.json,libs/utils/coverage/sorter.js,libs/utils/coverage/prettify.js,libs/utils/coverage/block-navigation.js,libs/utils/coverage/sort-arrow-sprite.png,libs/utils/coverage/prettify.css,libs/utils/coverage/index.html,libs/utils/coverage/favicon.png
[NX Daemon Server] - 2025-01-13T21:20:14.380Z - [REQUEST]: libs/utils/coverage/.tmp/coverage-32.json
[NX Daemon Server] - 2025-01-13T21:20:14.381Z - Time taken for 'hash changed files from watcher' 0.4290829999372363ms
[NX Daemon Server] - 2025-01-13T21:20:14.387Z - Time taken for 'build-project-configs' 5.050999999977648ms
[NX Daemon Server] - 2025-01-13T21:20:14.394Z - [SYNC]: collect registered sync generators
[NX Daemon Server] - 2025-01-13T21:20:14.394Z - [SYNC]: project graph hash is the same, not collecting task sync generators
[NX Daemon Server] - 2025-01-13T21:20:14.394Z - [SYNC]: nx.json hash is the same, not collecting global sync generators
[NX Daemon Server] - 2025-01-13T21:20:14.394Z - [REQUEST]: Responding to the client. File watch changed
[NX Daemon Server] - 2025-01-13T21:20:14.394Z - Done responding to the client File watch changed
[NX Daemon Server] - 2025-01-13T21:20:14.394Z - Handled FILE-WATCH-CHANGED. Handling time: 0. Response time: 0.
[NX Daemon Server] - 2025-01-13T21:20:14.394Z - Time taken for 'total execution time for createProjectGraph()' 6.335082999430597ms
[NX Daemon Server] - 2025-01-13T21:20:15.399Z - Established a connection. Number of open connections: 3
[NX Daemon Server] - 2025-01-13T21:20:15.401Z - [REQUEST]: Client Request for Project Graph Received
[NX Daemon Server] - 2025-01-13T21:20:15.401Z - [REQUEST]: Responding to the client. project-graph
[NX Daemon Server] - 2025-01-13T21:20:15.402Z - Time taken for 'total for creating and serializing project graph' 0.40587500017136335ms
[NX Daemon Server] - 2025-01-13T21:20:15.402Z - Closed a connection. Number of open connections: 2
[NX Daemon Server] - 2025-01-13T21:20:15.404Z - Done responding to the client project-graph
[NX Daemon Server] - 2025-01-13T21:20:15.405Z - Handled REQUEST_PROJECT_GRAPH. Handling time: 0. Response time: 4.
[NX Daemon Server] - 2025-01-13T21:20:15.408Z - [REQUEST]: Responding to the client. handleContextFileData
[NX Daemon Server] - 2025-01-13T21:20:15.409Z - Done responding to the client handleContextFileData
[NX Daemon Server] - 2025-01-13T21:20:15.409Z - Handled GET_CONTEXT_FILE_DATA. Handling time: 1. Response time: 1.
[NX Daemon Server] - 2025-01-13T21:20:15.410Z - Closed a connection. Number of open connections: 1
[NX Daemon Server] - 2025-01-13T21:20:15.415Z - Closed a connection. Number of open connections: 0
[NX Daemon Server] - 2025-01-13T21:20:15.416Z - Established a connection. Number of open connections: 1
[NX Daemon Server] - 2025-01-13T21:20:15.416Z - Established a connection. Number of open connections: 2
[NX Daemon Server] - 2025-01-13T21:20:15.416Z - Closed a connection. Number of open connections: 1
[NX Daemon Server] - 2025-01-13T21:20:15.417Z - [REQUEST]: Client Request for Project Graph Received
[NX Daemon Server] - 2025-01-13T21:20:15.417Z - [REQUEST]: Responding to the client. project-graph
[NX Daemon Server] - 2025-01-13T21:20:15.417Z - Time taken for 'total for creating and serializing project graph' 0.3922500004991889ms
[NX Daemon Server] - 2025-01-13T21:20:15.418Z - Done responding to the client project-graph
[NX Daemon Server] - 2025-01-13T21:20:15.418Z - Handled REQUEST_PROJECT_GRAPH. Handling time: 0. Response time: 1.
[NX Daemon Server] - 2025-01-13T21:20:15.420Z - [REQUEST]: Client Request for Project Graph Received
[NX Daemon Server] - 2025-01-13T21:20:15.420Z - [REQUEST]: Responding to the client. project-graph
[NX Daemon Server] - 2025-01-13T21:20:15.420Z - Time taken for 'total for creating and serializing project graph' 0.09862499963492155ms
[NX Daemon Server] - 2025-01-13T21:20:15.420Z - Done responding to the client project-graph
[NX Daemon Server] - 2025-01-13T21:20:15.421Z - Handled REQUEST_PROJECT_GRAPH. Handling time: 0. Response time: 1.
[NX Daemon Server] - 2025-01-13T21:20:15.422Z - Established a connection. Number of open connections: 2
[NX Daemon Server] - 2025-01-13T21:20:19.883Z - [WATCHER]: libs/utils/src/components/slugify.ts was modified
[NX Daemon Server] - 2025-01-13T21:20:19.883Z - [REQUEST]: Responding to the client. File watch changed
[NX Daemon Server] - 2025-01-13T21:20:19.883Z - Done responding to the client File watch changed
[NX Daemon Server] - 2025-01-13T21:20:19.883Z - Handled FILE-WATCH-CHANGED. Handling time: 0. Response time: 0.
[NX Daemon Server] - 2025-01-13T21:20:19.883Z - [WATCHER]: Processing file changes in outputs
[NX Daemon Server] - 2025-01-13T21:20:19.883Z - Time taken for 'changed-projects' 0.046833000145852566ms
[NX Daemon Server] - 2025-01-13T21:20:19.984Z - [REQUEST]: Updated workspace context based on watched changes, recomputing project graph...
[NX Daemon Server] - 2025-01-13T21:20:19.984Z - [REQUEST]: libs/utils/src/components/slugify.ts
[NX Daemon Server] - 2025-01-13T21:20:19.984Z - [REQUEST]: 
[NX Daemon Server] - 2025-01-13T21:20:19.986Z - Time taken for 'hash changed files from watcher' 0.2557080006226897ms
[NX Daemon Server] - 2025-01-13T21:20:19.995Z - Time taken for 'build-project-configs' 7.825542000122368ms
[NX Daemon Server] - 2025-01-13T21:20:20.010Z - [SYNC]: collect registered sync generators
[NX Daemon Server] - 2025-01-13T21:20:20.010Z - [SYNC]: project graph hash is the same, not collecting task sync generators
[NX Daemon Server] - 2025-01-13T21:20:20.010Z - [SYNC]: nx.json hash is the same, not collecting global sync generators
[NX Daemon Server] - 2025-01-13T21:20:20.011Z - Time taken for 'total execution time for createProjectGraph()' 13.859667000360787ms
[NX Daemon Server] - 2025-01-13T21:20:20.058Z - [WATCHER]: 0 file(s) created or restored, 0 file(s) modified, 10 file(s) deleted
[NX Daemon Server] - 2025-01-13T21:20:20.058Z - [REQUEST]: Responding to the client. File watch changed
[NX Daemon Server] - 2025-01-13T21:20:20.058Z - Done responding to the client File watch changed
[NX Daemon Server] - 2025-01-13T21:20:20.058Z - Handled FILE-WATCH-CHANGED. Handling time: 0. Response time: 0.
[NX Daemon Server] - 2025-01-13T21:20:20.058Z - [WATCHER]: Processing file changes in outputs
[NX Daemon Server] - 2025-01-13T21:20:20.058Z - Time taken for 'changed-projects' 0.03337499964982271ms
[NX Daemon Server] - 2025-01-13T21:20:20.258Z - [REQUEST]: Updated workspace context based on watched changes, recomputing project graph...
[NX Daemon Server] - 2025-01-13T21:20:20.258Z - [REQUEST]: 
[NX Daemon Server] - 2025-01-13T21:20:20.258Z - [REQUEST]: libs/utils/coverage/prettify.css,libs/utils/coverage/prettify.js,libs/utils/coverage/index.html,libs/utils/coverage/slugify.ts.html,libs/utils/coverage/favicon.png,libs/utils/coverage/sort-arrow-sprite.png,libs/utils/coverage/base.css,libs/utils/coverage/sorter.js,libs/utils/coverage/block-navigation.js,libs/utils/coverage/coverage-final.json
[NX Daemon Server] - 2025-01-13T21:20:20.260Z - Time taken for 'hash changed files from watcher' 0.16429200023412704ms
[NX Daemon Server] - 2025-01-13T21:20:20.269Z - Time taken for 'build-project-configs' 8.12258299998939ms
[NX Daemon Server] - 2025-01-13T21:20:20.276Z - [SYNC]: collect registered sync generators
[NX Daemon Server] - 2025-01-13T21:20:20.276Z - [SYNC]: project graph hash is the same, not collecting task sync generators
[NX Daemon Server] - 2025-01-13T21:20:20.276Z - [SYNC]: nx.json hash is the same, not collecting global sync generators
[NX Daemon Server] - 2025-01-13T21:20:20.276Z - Time taken for 'total execution time for createProjectGraph()' 6.115833999589086ms
[NX Daemon Server] - 2025-01-13T21:20:20.404Z - [WATCHER]: Processing file changes in outputs
[NX Daemon Server] - 2025-01-13T21:20:20.405Z - [WATCHER]: 10 file(s) created or restored, 0 file(s) modified, 1 file(s) deleted
[NX Daemon Server] - 2025-01-13T21:20:20.406Z - [REQUEST]: Responding to the client. File watch changed
[NX Daemon Server] - 2025-01-13T21:20:20.406Z - Done responding to the client File watch changed
[NX Daemon Server] - 2025-01-13T21:20:20.406Z - Handled FILE-WATCH-CHANGED. Handling time: 0. Response time: 0.
[NX Daemon Server] - 2025-01-13T21:20:20.406Z - Time taken for 'changed-projects' 0.07762500084936619ms
[NX Daemon Server] - 2025-01-13T21:20:20.506Z - [REQUEST]: Updated workspace context based on watched changes, recomputing project graph...
[NX Daemon Server] - 2025-01-13T21:20:20.506Z - [REQUEST]: libs/utils/coverage/sorter.js,libs/utils/coverage/sort-arrow-sprite.png,libs/utils/coverage/coverage-final.json,libs/utils/coverage/prettify.css,libs/utils/coverage/index.html,libs/utils/coverage/favicon.png,libs/utils/coverage/prettify.js,libs/utils/coverage/base.css,libs/utils/coverage/block-navigation.js,libs/utils/coverage/slugify.ts.html
[NX Daemon Server] - 2025-01-13T21:20:20.506Z - [REQUEST]: libs/utils/coverage/.tmp/coverage-33.json
[NX Daemon Server] - 2025-01-13T21:20:20.507Z - Time taken for 'hash changed files from watcher' 0.3778750002384186ms
[NX Daemon Server] - 2025-01-13T21:20:20.512Z - Time taken for 'build-project-configs' 4.65525000076741ms
[NX Daemon Server] - 2025-01-13T21:20:20.521Z - [SYNC]: collect registered sync generators
[NX Daemon Server] - 2025-01-13T21:20:20.521Z - [SYNC]: project graph hash is the same, not collecting task sync generators
[NX Daemon Server] - 2025-01-13T21:20:20.521Z - [SYNC]: nx.json hash is the same, not collecting global sync generators
[NX Daemon Server] - 2025-01-13T21:20:20.521Z - [REQUEST]: Responding to the client. File watch changed
[NX Daemon Server] - 2025-01-13T21:20:20.521Z - Done responding to the client File watch changed
[NX Daemon Server] - 2025-01-13T21:20:20.521Z - Handled FILE-WATCH-CHANGED. Handling time: 0. Response time: 0.
[NX Daemon Server] - 2025-01-13T21:20:20.521Z - Time taken for 'total execution time for createProjectGraph()' 6.325416999869049ms
[NX Daemon Server] - 2025-01-13T21:20:21.274Z - [WATCHER]: libs/utils/src/components/slugify.ts was modified
[NX Daemon Server] - 2025-01-13T21:20:21.274Z - [REQUEST]: Responding to the client. File watch changed
[NX Daemon Server] - 2025-01-13T21:20:21.274Z - Done responding to the client File watch changed
[NX Daemon Server] - 2025-01-13T21:20:21.274Z - Handled FILE-WATCH-CHANGED. Handling time: 0. Response time: 0.
[NX Daemon Server] - 2025-01-13T21:20:21.274Z - [WATCHER]: Processing file changes in outputs
[NX Daemon Server] - 2025-01-13T21:20:21.274Z - Time taken for 'changed-projects' 0.048542000353336334ms
[NX Daemon Server] - 2025-01-13T21:20:21.475Z - [REQUEST]: Updated workspace context based on watched changes, recomputing project graph...
[NX Daemon Server] - 2025-01-13T21:20:21.475Z - [REQUEST]: libs/utils/src/components/slugify.ts
[NX Daemon Server] - 2025-01-13T21:20:21.475Z - [REQUEST]: 
[NX Daemon Server] - 2025-01-13T21:20:21.476Z - Time taken for 'hash changed files from watcher' 0.1962079992517829ms
[NX Daemon Server] - 2025-01-13T21:20:21.484Z - Time taken for 'build-project-configs' 7.099708000198007ms
[NX Daemon Server] - 2025-01-13T21:20:21.494Z - [SYNC]: collect registered sync generators
[NX Daemon Server] - 2025-01-13T21:20:21.494Z - [SYNC]: project graph hash is the same, not collecting task sync generators
[NX Daemon Server] - 2025-01-13T21:20:21.494Z - [SYNC]: nx.json hash is the same, not collecting global sync generators
[NX Daemon Server] - 2025-01-13T21:20:21.494Z - Time taken for 'total execution time for createProjectGraph()' 7.597542000003159ms
[NX Daemon Server] - 2025-01-13T21:20:21.494Z - [WATCHER]: 0 file(s) created or restored, 0 file(s) modified, 10 file(s) deleted
[NX Daemon Server] - 2025-01-13T21:20:21.494Z - [REQUEST]: Responding to the client. File watch changed
[NX Daemon Server] - 2025-01-13T21:20:21.494Z - Done responding to the client File watch changed
[NX Daemon Server] - 2025-01-13T21:20:21.494Z - Handled FILE-WATCH-CHANGED. Handling time: 0. Response time: 0.
[NX Daemon Server] - 2025-01-13T21:20:21.494Z - [WATCHER]: Processing file changes in outputs
[NX Daemon Server] - 2025-01-13T21:20:21.494Z - Time taken for 'changed-projects' 0.023458999581635ms
[NX Daemon Server] - 2025-01-13T21:20:21.810Z - [WATCHER]: 10 file(s) created or restored, 0 file(s) modified, 1 file(s) deleted
[NX Daemon Server] - 2025-01-13T21:20:21.810Z - [REQUEST]: Responding to the client. File watch changed
[NX Daemon Server] - 2025-01-13T21:20:21.810Z - Done responding to the client File watch changed
[NX Daemon Server] - 2025-01-13T21:20:21.810Z - Handled FILE-WATCH-CHANGED. Handling time: 0. Response time: 0.
[NX Daemon Server] - 2025-01-13T21:20:21.810Z - [WATCHER]: Processing file changes in outputs
[NX Daemon Server] - 2025-01-13T21:20:21.812Z - Time taken for 'changed-projects' 0.17008399963378906ms
[NX Daemon Server] - 2025-01-13T21:20:21.895Z - [REQUEST]: Updated workspace context based on watched changes, recomputing project graph...
[NX Daemon Server] - 2025-01-13T21:20:21.895Z - [REQUEST]: libs/utils/coverage/coverage-final.json,libs/utils/coverage/sort-arrow-sprite.png,libs/utils/coverage/favicon.png,libs/utils/coverage/block-navigation.js,libs/utils/coverage/prettify.css,libs/utils/coverage/prettify.js,libs/utils/coverage/index.html,libs/utils/coverage/base.css,libs/utils/coverage/sorter.js,libs/utils/coverage/slugify.ts.html
[NX Daemon Server] - 2025-01-13T21:20:21.895Z - [REQUEST]: libs/utils/coverage/.tmp/coverage-34.json
[NX Daemon Server] - 2025-01-13T21:20:21.896Z - Time taken for 'hash changed files from watcher' 0.263416999951005ms
[NX Daemon Server] - 2025-01-13T21:20:21.900Z - Time taken for 'build-project-configs' 3.8133330000564456ms
[NX Daemon Server] - 2025-01-13T21:20:21.907Z - [SYNC]: collect registered sync generators
[NX Daemon Server] - 2025-01-13T21:20:21.907Z - [SYNC]: project graph hash is the same, not collecting task sync generators
[NX Daemon Server] - 2025-01-13T21:20:21.907Z - [SYNC]: nx.json hash is the same, not collecting global sync generators
[NX Daemon Server] - 2025-01-13T21:20:21.907Z - Time taken for 'total execution time for createProjectGraph()' 4.848791999742389ms
[NX Daemon Server] - 2025-01-13T21:20:22.815Z - Established a connection. Number of open connections: 3
[NX Daemon Server] - 2025-01-13T21:20:22.816Z - [REQUEST]: Client Request for Project Graph Received
[NX Daemon Server] - 2025-01-13T21:20:22.816Z - [REQUEST]: Responding to the client. project-graph
[NX Daemon Server] - 2025-01-13T21:20:22.817Z - Time taken for 'total for creating and serializing project graph' 0.22470800019800663ms
[NX Daemon Server] - 2025-01-13T21:20:22.817Z - Closed a connection. Number of open connections: 2
[NX Daemon Server] - 2025-01-13T21:20:22.819Z - Done responding to the client project-graph
[NX Daemon Server] - 2025-01-13T21:20:22.819Z - Handled REQUEST_PROJECT_GRAPH. Handling time: 0. Response time: 3.
[NX Daemon Server] - 2025-01-13T21:20:22.822Z - [REQUEST]: Responding to the client. handleContextFileData
[NX Daemon Server] - 2025-01-13T21:20:22.822Z - Done responding to the client handleContextFileData
[NX Daemon Server] - 2025-01-13T21:20:22.822Z - Handled GET_CONTEXT_FILE_DATA. Handling time: 1. Response time: 0.
[NX Daemon Server] - 2025-01-13T21:20:22.822Z - Closed a connection. Number of open connections: 1
[NX Daemon Server] - 2025-01-13T21:20:22.828Z - Closed a connection. Number of open connections: 0
[NX Daemon Server] - 2025-01-13T21:20:22.829Z - Established a connection. Number of open connections: 1
[NX Daemon Server] - 2025-01-13T21:20:22.829Z - Established a connection. Number of open connections: 2
[NX Daemon Server] - 2025-01-13T21:20:22.829Z - Closed a connection. Number of open connections: 1
[NX Daemon Server] - 2025-01-13T21:20:22.830Z - [REQUEST]: Client Request for Project Graph Received
[NX Daemon Server] - 2025-01-13T21:20:22.830Z - [REQUEST]: Responding to the client. project-graph
[NX Daemon Server] - 2025-01-13T21:20:22.830Z - Time taken for 'total for creating and serializing project graph' 0.10683299973607063ms
[NX Daemon Server] - 2025-01-13T21:20:22.831Z - Done responding to the client project-graph
[NX Daemon Server] - 2025-01-13T21:20:22.831Z - Handled REQUEST_PROJECT_GRAPH. Handling time: 0. Response time: 1.
[NX Daemon Server] - 2025-01-13T21:20:22.833Z - [REQUEST]: Client Request for Project Graph Received
[NX Daemon Server] - 2025-01-13T21:20:22.833Z - [REQUEST]: Responding to the client. project-graph
[NX Daemon Server] - 2025-01-13T21:20:22.833Z - Time taken for 'total for creating and serializing project graph' 0.09191699977964163ms
[NX Daemon Server] - 2025-01-13T21:20:22.837Z - Done responding to the client project-graph
[NX Daemon Server] - 2025-01-13T21:20:22.837Z - Handled REQUEST_PROJECT_GRAPH. Handling time: 0. Response time: 4.
[NX Daemon Server] - 2025-01-13T21:20:22.838Z - Established a connection. Number of open connections: 2
[NX Daemon Server] - 2025-01-13T21:20:27.783Z - [WATCHER]: libs/utils/src/components/slugify.ts was modified
[NX Daemon Server] - 2025-01-13T21:20:27.784Z - [REQUEST]: Responding to the client. File watch changed
[NX Daemon Server] - 2025-01-13T21:20:27.784Z - Done responding to the client File watch changed
[NX Daemon Server] - 2025-01-13T21:20:27.784Z - Handled FILE-WATCH-CHANGED. Handling time: 0. Response time: 0.
[NX Daemon Server] - 2025-01-13T21:20:27.784Z - [WATCHER]: Processing file changes in outputs
[NX Daemon Server] - 2025-01-13T21:20:27.784Z - Time taken for 'changed-projects' 0.051125000230968ms
[NX Daemon Server] - 2025-01-13T21:20:27.884Z - [REQUEST]: Updated workspace context based on watched changes, recomputing project graph...
[NX Daemon Server] - 2025-01-13T21:20:27.884Z - [REQUEST]: libs/utils/src/components/slugify.ts
[NX Daemon Server] - 2025-01-13T21:20:27.884Z - [REQUEST]: 
[NX Daemon Server] - 2025-01-13T21:20:27.886Z - Time taken for 'hash changed files from watcher' 0.17333300039172173ms
[NX Daemon Server] - 2025-01-13T21:20:27.893Z - Time taken for 'build-project-configs' 5.905291999690235ms
[NX Daemon Server] - 2025-01-13T21:20:27.903Z - [SYNC]: collect registered sync generators
[NX Daemon Server] - 2025-01-13T21:20:27.903Z - [SYNC]: project graph hash is the same, not collecting task sync generators
[NX Daemon Server] - 2025-01-13T21:20:27.904Z - [SYNC]: nx.json hash is the same, not collecting global sync generators
[NX Daemon Server] - 2025-01-13T21:20:27.904Z - Time taken for 'total execution time for createProjectGraph()' 8.757708000019193ms
[NX Daemon Server] - 2025-01-13T21:20:27.998Z - [WATCHER]: 0 file(s) created or restored, 0 file(s) modified, 10 file(s) deleted
[NX Daemon Server] - 2025-01-13T21:20:27.998Z - [REQUEST]: Responding to the client. File watch changed
[NX Daemon Server] - 2025-01-13T21:20:27.998Z - Done responding to the client File watch changed
[NX Daemon Server] - 2025-01-13T21:20:27.998Z - Handled FILE-WATCH-CHANGED. Handling time: 0. Response time: 0.
[NX Daemon Server] - 2025-01-13T21:20:27.998Z - [WATCHER]: Processing file changes in outputs
[NX Daemon Server] - 2025-01-13T21:20:27.998Z - Time taken for 'changed-projects' 0.05400000046938658ms
[NX Daemon Server] - 2025-01-13T21:20:28.199Z - [REQUEST]: Updated workspace context based on watched changes, recomputing project graph...
[NX Daemon Server] - 2025-01-13T21:20:28.199Z - [REQUEST]: 
[NX Daemon Server] - 2025-01-13T21:20:28.199Z - [REQUEST]: libs/utils/coverage/slugify.ts.html,libs/utils/coverage/prettify.css,libs/utils/coverage/index.html,libs/utils/coverage/block-navigation.js,libs/utils/coverage/base.css,libs/utils/coverage/sorter.js,libs/utils/coverage/coverage-final.json,libs/utils/coverage/sort-arrow-sprite.png,libs/utils/coverage/favicon.png,libs/utils/coverage/prettify.js
[NX Daemon Server] - 2025-01-13T21:20:28.200Z - Time taken for 'hash changed files from watcher' 0.0876249996945262ms
[NX Daemon Server] - 2025-01-13T21:20:28.205Z - Time taken for 'build-project-configs' 4.1151660000905395ms
[NX Daemon Server] - 2025-01-13T21:20:28.211Z - [SYNC]: collect registered sync generators
[NX Daemon Server] - 2025-01-13T21:20:28.212Z - [SYNC]: project graph hash is the same, not collecting task sync generators
[NX Daemon Server] - 2025-01-13T21:20:28.212Z - [SYNC]: nx.json hash is the same, not collecting global sync generators
[NX Daemon Server] - 2025-01-13T21:20:28.212Z - Time taken for 'total execution time for createProjectGraph()' 4.902958000078797ms
[NX Daemon Server] - 2025-01-13T21:20:28.424Z - [WATCHER]: Processing file changes in outputs
[NX Daemon Server] - 2025-01-13T21:20:28.424Z - [WATCHER]: 10 file(s) created or restored, 0 file(s) modified, 1 file(s) deleted
[NX Daemon Server] - 2025-01-13T21:20:28.424Z - [REQUEST]: Responding to the client. File watch changed
[NX Daemon Server] - 2025-01-13T21:20:28.424Z - Done responding to the client File watch changed
[NX Daemon Server] - 2025-01-13T21:20:28.424Z - Handled FILE-WATCH-CHANGED. Handling time: 0. Response time: 0.
[NX Daemon Server] - 2025-01-13T21:20:28.425Z - Time taken for 'changed-projects' 0.047249999828636646ms
[NX Daemon Server] - 2025-01-13T21:20:28.525Z - [REQUEST]: Updated workspace context based on watched changes, recomputing project graph...
[NX Daemon Server] - 2025-01-13T21:20:28.525Z - [REQUEST]: libs/utils/coverage/prettify.css,libs/utils/coverage/prettify.js,libs/utils/coverage/base.css,libs/utils/coverage/slugify.ts.html,libs/utils/coverage/index.html,libs/utils/coverage/block-navigation.js,libs/utils/coverage/sort-arrow-sprite.png,libs/utils/coverage/favicon.png,libs/utils/coverage/sorter.js,libs/utils/coverage/coverage-final.json
[NX Daemon Server] - 2025-01-13T21:20:28.525Z - [REQUEST]: libs/utils/coverage/.tmp/coverage-35.json
[NX Daemon Server] - 2025-01-13T21:20:28.526Z - Time taken for 'hash changed files from watcher' 0.37629100028425455ms
[NX Daemon Server] - 2025-01-13T21:20:28.531Z - Time taken for 'build-project-configs' 3.7437909999862313ms
[NX Daemon Server] - 2025-01-13T21:20:28.538Z - [SYNC]: collect registered sync generators
[NX Daemon Server] - 2025-01-13T21:20:28.538Z - [SYNC]: project graph hash is the same, not collecting task sync generators
[NX Daemon Server] - 2025-01-13T21:20:28.538Z - [SYNC]: nx.json hash is the same, not collecting global sync generators
[NX Daemon Server] - 2025-01-13T21:20:28.538Z - [REQUEST]: Responding to the client. File watch changed
[NX Daemon Server] - 2025-01-13T21:20:28.538Z - Done responding to the client File watch changed
[NX Daemon Server] - 2025-01-13T21:20:28.538Z - Handled FILE-WATCH-CHANGED. Handling time: 0. Response time: 0.
[NX Daemon Server] - 2025-01-13T21:20:28.538Z - Time taken for 'total execution time for createProjectGraph()' 6.135332999750972ms
[NX Daemon Server] - 2025-01-13T21:20:29.548Z - Established a connection. Number of open connections: 3
[NX Daemon Server] - 2025-01-13T21:20:29.549Z - [REQUEST]: Client Request for Project Graph Received
[NX Daemon Server] - 2025-01-13T21:20:29.550Z - [REQUEST]: Responding to the client. project-graph
[NX Daemon Server] - 2025-01-13T21:20:29.550Z - Time taken for 'total for creating and serializing project graph' 0.21858299989253283ms
[NX Daemon Server] - 2025-01-13T21:20:29.550Z - Closed a connection. Number of open connections: 2
[NX Daemon Server] - 2025-01-13T21:20:29.551Z - Done responding to the client project-graph
[NX Daemon Server] - 2025-01-13T21:20:29.551Z - Handled REQUEST_PROJECT_GRAPH. Handling time: 1. Response time: 1.
[NX Daemon Server] - 2025-01-13T21:20:29.555Z - [REQUEST]: Responding to the client. handleContextFileData
[NX Daemon Server] - 2025-01-13T21:20:29.555Z - Done responding to the client handleContextFileData
[NX Daemon Server] - 2025-01-13T21:20:29.555Z - Handled GET_CONTEXT_FILE_DATA. Handling time: 0. Response time: 0.
[NX Daemon Server] - 2025-01-13T21:20:29.556Z - Closed a connection. Number of open connections: 1
[NX Daemon Server] - 2025-01-13T21:20:29.564Z - Closed a connection. Number of open connections: 0
[NX Daemon Server] - 2025-01-13T21:20:29.565Z - Established a connection. Number of open connections: 1
[NX Daemon Server] - 2025-01-13T21:20:29.565Z - Established a connection. Number of open connections: 2
[NX Daemon Server] - 2025-01-13T21:20:29.566Z - Closed a connection. Number of open connections: 1
[NX Daemon Server] - 2025-01-13T21:20:29.566Z - [REQUEST]: Client Request for Project Graph Received
[NX Daemon Server] - 2025-01-13T21:20:29.567Z - [REQUEST]: Responding to the client. project-graph
[NX Daemon Server] - 2025-01-13T21:20:29.567Z - Time taken for 'total for creating and serializing project graph' 0.1801660005003214ms
[NX Daemon Server] - 2025-01-13T21:20:29.567Z - Done responding to the client project-graph
[NX Daemon Server] - 2025-01-13T21:20:29.567Z - Handled REQUEST_PROJECT_GRAPH. Handling time: 1. Response time: 0.
[NX Daemon Server] - 2025-01-13T21:20:29.571Z - [REQUEST]: Client Request for Project Graph Received
[NX Daemon Server] - 2025-01-13T21:20:29.571Z - [REQUEST]: Responding to the client. project-graph
[NX Daemon Server] - 2025-01-13T21:20:29.571Z - Time taken for 'total for creating and serializing project graph' 0.0956250000745058ms
[NX Daemon Server] - 2025-01-13T21:20:29.571Z - Done responding to the client project-graph
[NX Daemon Server] - 2025-01-13T21:20:29.571Z - Handled REQUEST_PROJECT_GRAPH. Handling time: 0. Response time: 0.
[NX Daemon Server] - 2025-01-13T21:20:29.573Z - Established a connection. Number of open connections: 2
[NX Daemon Server] - 2025-01-13T21:21:02.797Z - [WATCHER]: Processing file changes in outputs
[NX Daemon Server] - 2025-01-13T21:21:22.305Z - [WATCHER]: apps/tournament-manager/package.json was modified
[NX Daemon Server] - 2025-01-13T21:21:22.305Z - [REQUEST]: Responding to the client. File watch changed
[NX Daemon Server] - 2025-01-13T21:21:22.306Z - Done responding to the client File watch changed
[NX Daemon Server] - 2025-01-13T21:21:22.306Z - Handled FILE-WATCH-CHANGED. Handling time: 0. Response time: 1.
[NX Daemon Server] - 2025-01-13T21:21:22.306Z - [WATCHER]: Processing file changes in outputs
[NX Daemon Server] - 2025-01-13T21:21:22.306Z - Time taken for 'changed-projects' 0.10474999994039536ms
[NX Daemon Server] - 2025-01-13T21:21:22.406Z - [REQUEST]: Updated workspace context based on watched changes, recomputing project graph...
[NX Daemon Server] - 2025-01-13T21:21:22.407Z - [REQUEST]: apps/tournament-manager/package.json
[NX Daemon Server] - 2025-01-13T21:21:22.407Z - [REQUEST]: 
[NX Daemon Server] - 2025-01-13T21:21:22.409Z - Time taken for 'hash changed files from watcher' 0.22820799984037876ms
[NX Daemon Server] - 2025-01-13T21:21:22.423Z - Time taken for 'build-project-configs' 13.066874999552965ms
[NX Daemon Server] - 2025-01-13T21:21:22.437Z - [SYNC]: collect registered sync generators
[NX Daemon Server] - 2025-01-13T21:21:22.437Z - [SYNC]: project graph hash is the same, not collecting task sync generators
[NX Daemon Server] - 2025-01-13T21:21:22.437Z - [SYNC]: nx.json hash is the same, not collecting global sync generators
[NX Daemon Server] - 2025-01-13T21:21:22.437Z - Time taken for 'total execution time for createProjectGraph()' 11.901250000111759ms
[NX Daemon Server] - 2025-01-13T21:21:23.310Z - Established a connection. Number of open connections: 3
[NX Daemon Server] - 2025-01-13T21:21:23.311Z - [REQUEST]: Client Request for Project Graph Received
[NX Daemon Server] - 2025-01-13T21:21:23.311Z - [REQUEST]: Responding to the client. project-graph
[NX Daemon Server] - 2025-01-13T21:21:23.311Z - Time taken for 'total for creating and serializing project graph' 0.12404199969023466ms
[NX Daemon Server] - 2025-01-13T21:21:23.311Z - Closed a connection. Number of open connections: 2
[NX Daemon Server] - 2025-01-13T21:21:23.312Z - Done responding to the client project-graph
[NX Daemon Server] - 2025-01-13T21:21:23.312Z - Handled REQUEST_PROJECT_GRAPH. Handling time: 0. Response time: 1.
[NX Daemon Server] - 2025-01-13T21:21:23.314Z - [REQUEST]: Responding to the client. handleContextFileData
[NX Daemon Server] - 2025-01-13T21:21:23.314Z - Done responding to the client handleContextFileData
[NX Daemon Server] - 2025-01-13T21:21:23.314Z - Handled GET_CONTEXT_FILE_DATA. Handling time: 0. Response time: 0.
[NX Daemon Server] - 2025-01-13T21:21:23.314Z - Closed a connection. Number of open connections: 1
[NX Daemon Server] - 2025-01-13T21:21:23.319Z - Closed a connection. Number of open connections: 0
[NX Daemon Server] - 2025-01-13T21:21:23.320Z - Established a connection. Number of open connections: 1
[NX Daemon Server] - 2025-01-13T21:21:23.321Z - Established a connection. Number of open connections: 2
[NX Daemon Server] - 2025-01-13T21:21:23.321Z - Closed a connection. Number of open connections: 1
[NX Daemon Server] - 2025-01-13T21:21:23.321Z - [REQUEST]: Client Request for Project Graph Received
[NX Daemon Server] - 2025-01-13T21:21:23.321Z - [REQUEST]: Responding to the client. project-graph
[NX Daemon Server] - 2025-01-13T21:21:23.321Z - Time taken for 'total for creating and serializing project graph' 0.09091600030660629ms
[NX Daemon Server] - 2025-01-13T21:21:23.322Z - Done responding to the client project-graph
[NX Daemon Server] - 2025-01-13T21:21:23.322Z - Handled REQUEST_PROJECT_GRAPH. Handling time: 0. Response time: 1.
[NX Daemon Server] - 2025-01-13T21:21:23.324Z - [REQUEST]: Client Request for Project Graph Received
[NX Daemon Server] - 2025-01-13T21:21:23.324Z - [REQUEST]: Responding to the client. project-graph
[NX Daemon Server] - 2025-01-13T21:21:23.324Z - Time taken for 'total for creating and serializing project graph' 0.08316600043326616ms
[NX Daemon Server] - 2025-01-13T21:21:23.324Z - Done responding to the client project-graph
[NX Daemon Server] - 2025-01-13T21:21:23.324Z - Handled REQUEST_PROJECT_GRAPH. Handling time: 0. Response time: 0.
[NX Daemon Server] - 2025-01-13T21:21:23.325Z - Established a connection. Number of open connections: 2
[NX Daemon Server] - 2025-01-13T21:21:26.427Z - [WATCHER]: _tmp_71513_32ee079c228b5be471bf87f8d8b9c08d was deleted
[NX Daemon Server] - 2025-01-13T21:21:26.427Z - [REQUEST]: Responding to the client. File watch changed
[NX Daemon Server] - 2025-01-13T21:21:26.428Z - Done responding to the client File watch changed
[NX Daemon Server] - 2025-01-13T21:21:26.428Z - Handled FILE-WATCH-CHANGED. Handling time: 0. Response time: 1.
[NX Daemon Server] - 2025-01-13T21:21:26.428Z - [WATCHER]: Processing file changes in outputs
[NX Daemon Server] - 2025-01-13T21:21:26.428Z - Time taken for 'changed-projects' 0.06445800047367811ms
[NX Daemon Server] - 2025-01-13T21:21:26.529Z - [REQUEST]: Updated workspace context based on watched changes, recomputing project graph...
[NX Daemon Server] - 2025-01-13T21:21:26.529Z - [REQUEST]: 
[NX Daemon Server] - 2025-01-13T21:21:26.529Z - [REQUEST]: _tmp_71513_32ee079c228b5be471bf87f8d8b9c08d
[NX Daemon Server] - 2025-01-13T21:21:26.533Z - Time taken for 'hash changed files from watcher' 0.2232499998062849ms
[NX Daemon Server] - 2025-01-13T21:21:26.539Z - Time taken for 'build-project-configs' 8.008333999663591ms
[NX Daemon Server] - 2025-01-13T21:21:26.547Z - [SYNC]: collect registered sync generators
[NX Daemon Server] - 2025-01-13T21:21:26.547Z - [SYNC]: project graph hash is the same, not collecting task sync generators
[NX Daemon Server] - 2025-01-13T21:21:26.547Z - [SYNC]: nx.json hash is the same, not collecting global sync generators
[NX Daemon Server] - 2025-01-13T21:21:26.547Z - Time taken for 'total execution time for createProjectGraph()' 6.416207999922335ms
[NX Daemon Server] - 2025-01-13T21:21:27.430Z - Established a connection. Number of open connections: 3
[NX Daemon Server] - 2025-01-13T21:21:27.431Z - [REQUEST]: Client Request for Project Graph Received
[NX Daemon Server] - 2025-01-13T21:21:27.432Z - [REQUEST]: Responding to the client. project-graph
[NX Daemon Server] - 2025-01-13T21:21:27.433Z - Time taken for 'total for creating and serializing project graph' 0.9441660000011325ms
[NX Daemon Server] - 2025-01-13T21:21:27.433Z - Closed a connection. Number of open connections: 2
[NX Daemon Server] - 2025-01-13T21:21:27.436Z - Done responding to the client project-graph
[NX Daemon Server] - 2025-01-13T21:21:27.437Z - Handled REQUEST_PROJECT_GRAPH. Handling time: 1. Response time: 5.
[NX Daemon Server] - 2025-01-13T21:21:27.441Z - [REQUEST]: Responding to the client. handleContextFileData
[NX Daemon Server] - 2025-01-13T21:21:27.442Z - Done responding to the client handleContextFileData
[NX Daemon Server] - 2025-01-13T21:21:27.442Z - Handled GET_CONTEXT_FILE_DATA. Handling time: 0. Response time: 1.
[NX Daemon Server] - 2025-01-13T21:21:27.442Z - Closed a connection. Number of open connections: 1
[NX Daemon Server] - 2025-01-13T21:21:27.452Z - Closed a connection. Number of open connections: 0
[NX Daemon Server] - 2025-01-13T21:21:27.454Z - Established a connection. Number of open connections: 1
[NX Daemon Server] - 2025-01-13T21:21:27.455Z - Established a connection. Number of open connections: 2
[NX Daemon Server] - 2025-01-13T21:21:27.455Z - Closed a connection. Number of open connections: 1
[NX Daemon Server] - 2025-01-13T21:21:27.455Z - [REQUEST]: Client Request for Project Graph Received
[NX Daemon Server] - 2025-01-13T21:21:27.455Z - [REQUEST]: Responding to the client. project-graph
[NX Daemon Server] - 2025-01-13T21:21:27.456Z - Time taken for 'total for creating and serializing project graph' 0.0990420002490282ms
[NX Daemon Server] - 2025-01-13T21:21:27.456Z - Done responding to the client project-graph
[NX Daemon Server] - 2025-01-13T21:21:27.456Z - Handled REQUEST_PROJECT_GRAPH. Handling time: 0. Response time: 1.
[NX Daemon Server] - 2025-01-13T21:21:27.458Z - [REQUEST]: Client Request for Project Graph Received
[NX Daemon Server] - 2025-01-13T21:21:27.458Z - [REQUEST]: Responding to the client. project-graph
[NX Daemon Server] - 2025-01-13T21:21:27.458Z - Time taken for 'total for creating and serializing project graph' 0.05724999960511923ms
[NX Daemon Server] - 2025-01-13T21:21:27.459Z - Done responding to the client project-graph
[NX Daemon Server] - 2025-01-13T21:21:27.459Z - Handled REQUEST_PROJECT_GRAPH. Handling time: 0. Response time: 1.
[NX Daemon Server] - 2025-01-13T21:21:27.460Z - Established a connection. Number of open connections: 2
[NX Daemon Server] - 2025-01-13T21:21:27.582Z - [WATCHER]: Processing file changes in outputs
[NX Daemon Server] - 2025-01-13T21:21:27.582Z - Closed a connection. Number of open connections: 1
[NX Daemon Server] - 2025-01-13T21:21:27.582Z - Closed a connection. Number of open connections: 0
[NX Daemon Server] - 2025-01-13T21:21:27.582Z - [WATCHER]: Stopping the watcher for /Users/maartenknijnenberg/www/projects/sport-tournament-manager (sources)
[NX Daemon Server] - 2025-01-13T21:21:27.583Z - [WATCHER]: Stopping the watcher for /Users/maartenknijnenberg/www/projects/sport-tournament-manager (outputs)
[NX Daemon Server] - 2025-01-13T21:21:55.495Z - Started listening on: /var/folders/nk/v_7mvsk16kx_l4f8sj9w5z0m0000gq/T/499a2e8040c8af505583/d.sock
[NX Daemon Server] - 2025-01-13T21:21:55.497Z - [WATCHER]: Subscribed to changes within: /Users/maartenknijnenberg/www/projects/sport-tournament-manager (native)
[NX Daemon Server] - 2025-01-13T21:21:55.498Z - Established a connection. Number of open connections: 1
[NX Daemon Server] - 2025-01-13T21:21:55.499Z - Closed a connection. Number of open connections: 0
[NX Daemon Server] - 2025-01-13T21:21:55.503Z - Established a connection. Number of open connections: 1
[NX Daemon Server] - 2025-01-13T21:21:55.503Z - Established a connection. Number of open connections: 2
[NX Daemon Server] - 2025-01-13T21:21:55.503Z - Closed a connection. Number of open connections: 1
[NX Daemon Server] - 2025-01-13T21:21:55.504Z - [REQUEST]: Client Request for Project Graph Received
[NX Daemon Server] - 2025-01-13T21:21:55.515Z - Established a connection. Number of open connections: 2
[NX Daemon Server] - 2025-01-13T21:21:55.516Z - Established a connection. Number of open connections: 3
[NX Daemon Server] - 2025-01-13T21:21:55.516Z - Closed a connection. Number of open connections: 2
[NX Daemon Server] - 2025-01-13T21:21:55.516Z - [REQUEST]: Client Request for Project Graph Received
[NX Daemon Server] - 2025-01-13T21:21:55.557Z - [WATCHER]: Processing file changes in outputs
[NX Daemon Server] - 2025-01-13T21:21:56.112Z - Closed a connection. Number of open connections: 1
[NX Daemon Server] - 2025-01-13T21:21:56.111Z - Started listening on: /var/folders/nk/v_7mvsk16kx_l4f8sj9w5z0m0000gq/T/499a2e8040c8af505583/d.sock
[NX Daemon Server] - 2025-01-13T21:21:56.112Z - Closed a connection. Number of open connections: 0
[NX Daemon Server] - 2025-01-13T21:21:56.113Z - [WATCHER]: Subscribed to changes within: /Users/maartenknijnenberg/www/projects/sport-tournament-manager (native)
[NX Daemon Server] - 2025-01-13T21:21:56.114Z - [WATCHER]: Stopping the watcher for /Users/maartenknijnenberg/www/projects/sport-tournament-manager (sources)
[NX Daemon Server] - 2025-01-13T21:21:56.172Z - [WATCHER]: Processing file changes in outputs
[NX Daemon Server] - 2025-01-13T21:21:56.397Z - [WATCHER]: Stopping the watcher for /Users/maartenknijnenberg/www/projects/sport-tournament-manager (sources)
[NX Daemon Server] - 2025-01-13T21:21:56.397Z - [WATCHER]: Stopping the watcher for /Users/maartenknijnenberg/www/projects/sport-tournament-manager (outputs)
[NX Daemon Server] - 2025-01-13T21:21:56.398Z - Started listening on: /var/folders/nk/v_7mvsk16kx_l4f8sj9w5z0m0000gq/T/499a2e8040c8af505583/d.sock
[NX Daemon Server] - 2025-01-13T21:21:56.400Z - [WATCHER]: Subscribed to changes within: /Users/maartenknijnenberg/www/projects/sport-tournament-manager (native)
[NX Daemon Server] - 2025-01-13T21:21:56.406Z - Established a connection. Number of open connections: 1
[NX Daemon Server] - 2025-01-13T21:21:56.406Z - Established a connection. Number of open connections: 2
[NX Daemon Server] - 2025-01-13T21:21:56.406Z - Closed a connection. Number of open connections: 1
[NX Daemon Server] - 2025-01-13T21:21:56.407Z - [REQUEST]: Responding to the client. handleGlob
[NX Daemon Server] - 2025-01-13T21:21:56.408Z - Done responding to the client handleGlob
[NX Daemon Server] - 2025-01-13T21:21:56.408Z - Handled GLOB. Handling time: 0. Response time: 1.
[NX Daemon Server] - 2025-01-13T21:21:56.460Z - [WATCHER]: Processing file changes in outputs
[NX Daemon Server] - 2025-01-13T21:21:56.637Z - Time taken for 'Load Nx Plugin: /Users/maartenknijnenberg/www/projects/sport-tournament-manager/node_modules/.pnpm/nx@20.3.1_@swc+core@1.10.7/node_modules/nx/src/plugins/package-json' 135.81983300000002ms
[NX Daemon Server] - 2025-01-13T21:21:56.646Z - Time taken for 'Load Nx Plugin: /Users/maartenknijnenberg/www/projects/sport-tournament-manager/node_modules/.pnpm/nx@20.3.1_@swc+core@1.10.7/node_modules/nx/src/plugins/project-json/build-nodes/project-json' 144.621041ms
[NX Daemon Server] - 2025-01-13T21:21:56.649Z - [REQUEST]: Updated workspace context based on watched changes, recomputing project graph...
[NX Daemon Server] - 2025-01-13T21:21:56.649Z - [REQUEST]: 
[NX Daemon Server] - 2025-01-13T21:21:56.649Z - [REQUEST]: 
[NX Daemon Server] - 2025-01-13T21:21:56.652Z - Time taken for 'loadNxPlugins' 148.57358299999999ms
[NX Daemon Server] - 2025-01-13T21:21:57.276Z - [REQUEST]: Responding to the client. handleNxWorkspaceFiles
[NX Daemon Server] - 2025-01-13T21:21:57.276Z - Done responding to the client handleNxWorkspaceFiles
[NX Daemon Server] - 2025-01-13T21:21:57.276Z - Handled GET_NX_WORKSPACE_FILES. Handling time: 1. Response time: 0.
[NX Daemon Server] - 2025-01-13T21:21:57.289Z - [REQUEST]: Responding to the client. handleContextFileData
[NX Daemon Server] - 2025-01-13T21:21:57.289Z - Done responding to the client handleContextFileData
[NX Daemon Server] - 2025-01-13T21:21:57.289Z - Handled GET_CONTEXT_FILE_DATA. Handling time: 0. Response time: 0.
[NX Daemon Server] - 2025-01-13T21:21:57.290Z - Closed a connection. Number of open connections: 0
[NX Daemon Server] - 2025-01-13T21:21:57.885Z - Time taken for 'build-project-configs' 1222.47975ms
[NX Daemon Server] - 2025-01-13T21:21:57.895Z - [SYNC]: collect registered sync generators
[NX Daemon Server] - 2025-01-13T21:21:57.895Z - Time taken for 'total execution time for createProjectGraph()' 10.333124999999882ms
The plugin worker is exiting as it was not connected to within 5 seconds.
The plugin worker is exiting as it was not connected to within 5 seconds.
The plugin worker is exiting as it was not connected to within 5 seconds.
The plugin worker is exiting as it was not connected to within 5 seconds.
The plugin worker is exiting as it was not connected to within 5 seconds.
The plugin worker is exiting as it was not connected to within 5 seconds.
[NX Daemon Server] - 2025-01-13T21:22:18.647Z - [WATCHER]: package.json was modified
[NX Daemon Server] - 2025-01-13T21:22:18.647Z - [WATCHER]: Processing file changes in outputs
[NX Daemon Server] - 2025-01-13T21:22:18.848Z - [REQUEST]: Updated workspace context based on watched changes, recomputing project graph...
[NX Daemon Server] - 2025-01-13T21:22:18.848Z - [REQUEST]: package.json
[NX Daemon Server] - 2025-01-13T21:22:18.848Z - [REQUEST]: 
[NX Daemon Server] - 2025-01-13T21:22:18.849Z - Time taken for 'hash changed files from watcher' 0.11887500000011642ms
[NX Daemon Server] - 2025-01-13T21:22:18.854Z - Time taken for 'build-project-configs' 4.353959000000032ms
[NX Daemon Server] - 2025-01-13T21:22:18.860Z - [SYNC]: collect registered sync generators
[NX Daemon Server] - 2025-01-13T21:22:18.860Z - [SYNC]: project graph hash is the same, not collecting task sync generators
[NX Daemon Server] - 2025-01-13T21:22:18.860Z - [SYNC]: nx.json hash is the same, not collecting global sync generators
[NX Daemon Server] - 2025-01-13T21:22:18.860Z - Time taken for 'total execution time for createProjectGraph()' 4.700916999998299ms
[NX Daemon Server] - 2025-01-13T21:22:42.826Z - [WATCHER]: apps/tournament-manager/package.json was modified
[NX Daemon Server] - 2025-01-13T21:22:42.826Z - [WATCHER]: Processing file changes in outputs
[NX Daemon Server] - 2025-01-13T21:22:43.228Z - [REQUEST]: Updated workspace context based on watched changes, recomputing project graph...
[NX Daemon Server] - 2025-01-13T21:22:43.228Z - [REQUEST]: apps/tournament-manager/package.json
[NX Daemon Server] - 2025-01-13T21:22:43.228Z - [REQUEST]: 
[NX Daemon Server] - 2025-01-13T21:22:43.229Z - Time taken for 'hash changed files from watcher' 0.27637500000128057ms
[NX Daemon Server] - 2025-01-13T21:22:43.238Z - Time taken for 'build-project-configs' 7.43358299999818ms
[NX Daemon Server] - 2025-01-13T21:22:43.262Z - [SYNC]: collect registered sync generators
[NX Daemon Server] - 2025-01-13T21:22:43.262Z - [SYNC]: project graph hash is the same, not collecting task sync generators
[NX Daemon Server] - 2025-01-13T21:22:43.262Z - [SYNC]: nx.json hash is the same, not collecting global sync generators
[NX Daemon Server] - 2025-01-13T21:22:43.262Z - Time taken for 'total execution time for createProjectGraph()' 22.853374999998778ms
[NX Daemon Server] - 2025-01-13T21:22:46.643Z - [WATCHER]: _tmp_72506_8f510d40dbe883dea20e741ffd5aab9e was deleted
[NX Daemon Server] - 2025-01-13T21:22:46.644Z - [WATCHER]: Processing file changes in outputs
[NX Daemon Server] - 2025-01-13T21:22:47.444Z - [REQUEST]: Updated workspace context based on watched changes, recomputing project graph...
[NX Daemon Server] - 2025-01-13T21:22:47.444Z - [REQUEST]: 
[NX Daemon Server] - 2025-01-13T21:22:47.444Z - [REQUEST]: _tmp_72506_8f510d40dbe883dea20e741ffd5aab9e
[NX Daemon Server] - 2025-01-13T21:22:47.447Z - Time taken for 'hash changed files from watcher' 0.24491599999601021ms
[NX Daemon Server] - 2025-01-13T21:22:47.462Z - Time taken for 'build-project-configs' 14.989000000001397ms
[NX Daemon Server] - 2025-01-13T21:22:47.471Z - [SYNC]: collect registered sync generators
[NX Daemon Server] - 2025-01-13T21:22:47.471Z - [SYNC]: project graph hash is the same, not collecting task sync generators
[NX Daemon Server] - 2025-01-13T21:22:47.471Z - [SYNC]: nx.json hash is the same, not collecting global sync generators
[NX Daemon Server] - 2025-01-13T21:22:47.471Z - Time taken for 'total execution time for createProjectGraph()' 7.0135840000002645ms
[NX Daemon Server] - 2025-01-13T21:22:47.677Z - [WATCHER]: Processing file changes in outputs
[NX Daemon Server] - 2025-01-13T21:22:47.677Z - [WATCHER]: Stopping the watcher for /Users/maartenknijnenberg/www/projects/sport-tournament-manager (sources)
[NX Daemon Server] - 2025-01-13T21:22:47.677Z - [WATCHER]: Stopping the watcher for /Users/maartenknijnenberg/www/projects/sport-tournament-manager (outputs)
